日期,159915,159934,159941,159952,512890,513100,518800,518880
2023-01-16,2.421,4.233,0.615,1.462,0.83,0.817,4.251,4.058
2023-01-17,2.465,4.247,0.614,1.491,0.832,0.816,4.259,4.07
2023-01-18,2.479,4.252,0.616,1.495,0.83,0.819,4.269,4.07
2023-01-19,2.465,4.227,0.612,1.492,0.834,0.811,4.256,4.051
2023-01-20,2.505,4.284,0.608,1.517,0.837,0.807,4.3,4.1
2023-01-30,2.577,4.276,0.635,1.551,0.848,0.843,4.289,4.09
2023-01-31,2.533,4.268,0.627,1.532,0.841,0.835,4.289,4.087
2023-02-01,2.516,4.263,0.632,1.52,0.845,0.841,4.28,4.084
2023-02-02,2.544,4.305,0.647,1.539,0.85,0.864,4.32,4.124
2023-02-03,2.515,4.251,0.658,1.524,0.848,0.873,4.274,4.079
2023-02-06,2.486,4.202,0.657,1.505,0.843,0.87,4.234,4.021
2023-02-07,2.474,4.191,0.655,1.487,0.842,0.867,4.212,4.01
2023-02-08,2.466,4.189,0.665,1.496,0.85,0.878,4.206,4.01
2023-02-09,2.444,4.188,0.656,1.478,0.835,0.871,4.207,4.01
2023-02-10,2.493,4.177,0.651,1.51,0.846,0.863,4.195,3.997
2023-02-13,2.463,4.177,0.645,1.495,0.85,0.856,4.192,4.03
2023-02-14,2.502,4.179,0.655,1.513,0.854,0.869,4.208,3.999
2023-02-15,2.488,4.194,0.659,1.506,0.857,0.875,4.214,4.017
2023-02-16,2.473,4.175,0.669,1.493,0.855,0.888,4.193,3.995
2023-02-17,2.433,4.178,0.657,1.471,0.851,0.87,4.198,3.999
2023-02-20,2.372,4.182,0.652,1.429,0.848,0.863,4.202,4.008
2023-02-21,2.401,4.187,0.651,1.455,0.865,0.865,4.204,4.01
2023-02-22,2.385,4.188,0.641,1.445,0.872,0.851,4.204,4.011
2023-02-23,2.379,4.179,0.644,1.443,0.882,0.855,4.204,4.007
2023-02-24,2.388,4.197,0.647,1.444,0.872,0.86,4.208,4.013
2023-02-27,2.347,4.193,0.642,1.423,0.876,0.853,4.215,4.02
2023-02-28,2.35,4.201,0.646,1.422,0.869,0.857,4.212,4.017
2023-03-01,2.358,4.205,0.64,1.429,0.873,0.85,4.223,4.029
2023-03-02,2.368,4.198,0.636,1.433,0.881,0.845,4.222,4.02
2023-03-03,2.353,4.214,0.638,1.425,0.888,0.847,4.232,4.038
2023-03-06,2.356,4.24,0.651,1.425,0.894,0.865,4.259,4.063
2023-03-07,2.354,4.249,0.657,1.425,0.895,0.874,4.27,4.072
2023-03-08,2.303,4.214,0.651,1.396,0.885,0.866,4.234,4.032
2023-03-09,2.309,4.212,0.652,1.398,0.889,0.866,4.227,4.032
2023-03-10,2.295,4.236,0.639,1.393,0.889,0.851,4.256,4.059
2023-03-13,2.295,4.286,0.634,1.391,0.867,0.844,4.309,4.106
2023-03-14,2.285,4.307,0.635,1.384,0.883,0.846,4.328,4.125
2023-03-15,2.285,4.32,0.645,1.386,0.881,0.857,4.343,4.14
2023-03-16,2.257,4.35,0.65,1.367,0.89,0.864,4.366,4.168
2023-03-17,2.248,4.361,0.665,1.365,0.887,0.884,4.382,4.178
2023-03-20,2.229,4.46,0.664,1.351,0.896,0.881,4.478,4.269
2023-03-21,2.233,4.499,0.663,1.353,0.892,0.88,4.53,4.32
2023-03-22,2.27,4.418,0.672,1.375,0.891,0.893,4.447,4.226
2023-03-23,2.262,4.446,0.664,1.37,0.895,0.882,4.469,4.259
2023-03-24,2.292,4.468,0.67,1.387,0.897,0.888,4.485,4.28
2023-03-27,2.293,4.453,0.676,1.389,0.891,0.897,4.479,4.267
2023-03-28,2.322,4.424,0.674,1.407,0.88,0.891,4.447,4.233
2023-03-29,2.3,4.436,0.673,1.39,0.886,0.89,4.465,4.248
2023-03-30,2.3,4.427,0.683,1.389,0.883,0.902,4.448,4.241
2023-03-31,2.321,4.453,0.688,1.402,0.883,0.912,4.473,4.262
2023-04-03,2.327,4.426,0.693,1.413,0.889,0.919,4.454,4.27
2023-04-04,2.366,4.446,0.695,1.432,0.896,0.921,4.464,4.26
2023-04-06,2.334,4.526,0.684,1.416,0.902,0.907,4.542,4.329
2023-04-07,2.351,4.522,0.69,1.425,0.896,0.915,4.545,4.324
2023-04-10,2.379,4.49,0.688,1.439,0.893,0.914,4.525,4.301
2023-04-11,2.367,4.472,0.69,1.434,0.892,0.915,4.497,4.283
2023-04-12,2.364,4.515,0.686,1.431,0.905,0.91,4.536,4.327
2023-04-13,2.345,4.528,0.678,1.421,0.923,0.899,4.546,4.335
2023-04-14,2.342,4.572,0.69,1.418,0.923,0.915,4.593,4.382
2023-04-17,2.354,4.486,0.689,1.424,0.919,0.915,4.52,4.297
2023-04-18,2.362,4.492,0.688,1.429,0.929,0.914,4.51,4.301
2023-04-19,2.356,4.499,0.689,1.427,0.932,0.914,4.527,4.314
2023-04-20,2.337,4.483,0.688,1.418,0.934,0.913,4.509,4.298
2023-04-21,2.318,4.503,0.685,1.401,0.941,0.91,4.52,4.313
2023-04-24,2.267,4.47,0.684,1.373,0.929,0.908,4.487,4.29
2023-04-25,2.236,4.495,0.684,1.352,0.925,0.908,4.518,4.31
2023-04-26,2.187,4.517,0.683,1.324,0.932,0.907,4.542,4.328
2023-04-27,2.219,4.514,0.682,1.348,0.935,0.905,4.535,4.322
2023-04-28,2.247,4.498,0.696,1.362,0.94,0.921,4.516,4.3
2023-05-04,2.253,4.604,0.69,1.363,0.961,0.916,4.627,4.41
2023-05-05,2.228,4.612,0.689,1.348,0.988,0.915,4.632,4.416
2023-05-08,2.21,4.566,0.7,1.336,0.985,0.93,4.591,4.358
2023-05-09,2.209,4.561,0.701,1.338,1.011,0.931,4.579,4.371
2023-05-10,2.176,4.588,0.699,1.323,0.995,0.927,4.606,4.393
2023-05-11,2.201,4.593,0.709,1.33,0.972,0.94,4.614,4.403
2023-05-12,2.211,4.569,0.715,1.34,0.972,0.947,4.597,4.38
2023-05-15,2.192,4.569,0.709,1.328,0.959,0.943,4.59,4.382
2023-05-16,2.242,4.574,0.714,1.357,0.953,0.947,4.597,4.385
2023-05-17,2.23,4.54,0.72,1.351,0.944,0.954,4.574,4.352
2023-05-18,2.233,4.534,0.728,1.354,0.949,0.965,4.564,4.347
2023-05-19,2.212,4.506,0.748,1.341,0.952,0.992,4.54,4.327
2023-05-22,2.216,4.544,0.745,1.343,0.939,0.985,4.558,4.351
2023-05-23,2.216,4.525,0.751,1.342,0.941,0.993,4.551,4.339
2023-05-24,2.181,4.55,0.742,1.324,0.924,0.982,4.563,4.363
2023-05-25,2.179,4.516,0.746,1.321,0.912,0.987,4.542,4.327
2023-05-26,2.183,4.505,0.755,1.322,0.905,1.0,4.525,4.317
2023-05-29,2.171,4.501,0.777,1.317,0.926,1.029,4.521,4.31
2023-05-30,2.139,4.499,0.777,1.297,0.921,1.032,4.52,4.31
2023-05-31,2.149,4.53,0.779,1.304,0.928,1.034,4.59,4.341
2023-06-01,2.133,4.561,0.775,1.29,0.918,1.028,4.579,4.373
2023-06-02,2.156,4.572,0.785,1.306,0.933,1.041,4.593,4.382
2023-06-05,2.173,4.493,0.789,1.32,0.93,1.048,4.577,4.33
2023-06-06,2.14,4.544,0.792,1.299,0.939,1.05,4.564,4.357
2023-06-07,2.105,4.556,0.792,1.276,0.931,1.05,4.579,4.368
2023-06-08,2.075,4.528,0.782,1.256,0.941,1.036,4.553,4.341
2023-06-09,2.073,4.555,0.788,1.257,0.947,1.045,4.574,4.366
2023-06-12,2.08,4.556,0.795,1.262,0.949,1.055,4.581,4.368
2023-06-13,2.093,4.571,0.811,1.274,0.938,1.079,4.592,4.383
2023-06-14,2.115,4.553,0.818,1.282,0.936,1.089,4.584,4.362
2023-06-15,2.114,4.541,0.824,1.279,0.931,1.093,4.562,4.348
2023-06-16,2.185,4.548,0.828,1.323,0.935,1.098,4.566,4.36
2023-06-19,2.211,4.557,0.826,1.339,0.933,1.097,4.574,4.365
2023-06-20,2.203,4.555,0.827,1.338,0.916,1.096,4.578,4.368
2023-06-21,2.206,4.544,0.829,1.335,0.911,1.1,4.574,4.36
2023-06-26,2.14,4.54,0.823,1.296,0.898,1.091,4.563,4.353
2023-06-27,2.133,4.547,0.812,1.294,0.887,1.077,4.572,4.358
2023-06-28,2.134,4.523,0.821,1.296,0.905,1.088,4.544,4.33
2023-06-29,2.121,4.524,0.829,1.287,0.91,1.098,4.541,4.335
2023-06-30,2.126,4.541,0.829,1.288,0.906,1.099,4.561,4.35
2023-07-03,2.168,4.552,0.84,1.314,0.912,1.116,4.57,4.364
2023-07-04,2.169,4.549,0.84,1.319,0.922,1.114,4.568,4.358
2023-07-05,2.176,4.555,0.838,1.32,0.921,1.112,4.572,4.366
2023-07-06,2.15,4.555,0.841,1.305,0.919,1.115,4.575,4.365
2023-07-07,2.13,4.542,0.835,1.293,0.913,1.106,4.556,4.345
2023-07-10,2.127,4.556,0.83,1.288,0.922,1.101,4.575,4.367
2023-07-11,2.147,4.565,0.831,1.304,0.92,1.1,4.578,4.37
2023-07-12,2.162,4.563,0.834,1.311,0.922,1.104,4.584,4.375
2023-07-13,2.151,4.592,0.841,1.305,0.924,1.113,4.61,4.407
2023-07-14,2.184,4.589,0.855,1.324,0.934,1.129,4.622,4.399
2023-07-17,2.163,4.584,0.85,1.312,0.935,1.126,4.606,4.394
2023-07-18,,4.602,,,,,,
2023-07-19,2.145,4.657,0.872,1.29,0.929,1.153,4.678,4.463
2023-07-20,2.129,4.67,0.87,1.289,0.938,1.152,4.692,4.477
2023-07-21,2.1,4.64,0.849,1.275,0.927,1.124,4.666,4.443
2023-07-24,2.1,4.638,0.849,1.277,0.931,1.124,4.66,4.45
2023-07-25,2.123,4.625,0.852,1.286,0.935,1.131,4.643,4.426
2023-07-26,2.13,4.618,0.855,1.295,0.947,1.13,4.638,4.425
2023-07-27,2.14,4.634,0.855,1.3,0.945,1.131,4.655,4.439
2023-07-28,2.12,4.608,0.856,1.29,0.946,1.133,4.635,4.421
2023-07-31,2.172,4.608,0.867,1.315,0.966,1.146,4.622,4.408
2023-08-01,2.18,4.617,0.869,1.325,0.969,1.151,4.634,4.423
2023-08-02,2.166,4.612,0.866,1.314,0.97,1.149,4.635,4.414
2023-08-03,2.158,4.602,0.847,1.31,0.958,1.121,4.625,4.41
2023-08-04,2.21,4.588,0.845,1.341,0.968,1.121,4.607,4.389
2023-08-07,2.198,4.606,0.844,1.336,0.962,1.121,4.624,4.416
2023-08-08,2.183,4.601,0.847,1.324,0.952,1.123,4.624,4.41
2023-08-09,2.17,4.599,0.844,1.317,0.955,1.119,4.624,4.412
2023-08-10,2.173,4.594,0.834,1.318,0.951,1.107,4.605,4.395
2023-08-11,2.187,4.588,0.836,1.326,0.951,1.111,4.607,4.401
2023-08-14,2.112,4.603,0.832,1.29,0.932,1.104,4.625,4.415
2023-08-15,2.112,4.613,0.844,1.283,0.938,1.119,4.626,4.421
2023-08-16,2.085,4.62,0.839,1.265,0.942,1.113,4.644,4.433
2023-08-17,2.078,4.614,0.828,1.26,0.935,1.098,4.643,4.422
2023-08-18,2.09,4.607,0.817,1.269,0.937,1.086,4.633,4.417
2023-08-21,2.061,4.611,0.818,1.255,0.936,1.084,4.632,4.422
2023-08-22,2.043,4.625,0.828,1.237,0.93,1.098,4.647,4.434
2023-08-23,2.023,4.63,0.832,1.233,0.936,1.104,4.652,4.44
2023-08-24,1.995,4.662,0.85,1.211,0.941,1.127,4.668,4.461
2023-08-25,2.0,4.649,0.826,1.218,0.932,1.097,4.669,4.452
2023-08-28,2.136,4.636,0.829,1.273,0.97,1.102,4.658,4.438
2023-08-29,2.002,4.651,0.841,1.217,0.945,1.113,4.675,4.459
2023-08-30,2.064,4.667,0.858,1.255,0.947,1.135,4.694,4.477
2023-08-31,2.062,4.68,0.861,1.251,0.937,1.141,4.703,4.488
2023-09-01,2.058,4.668,0.859,1.247,0.932,1.138,4.685,4.472
2023-09-04,2.058,4.683,0.86,1.249,0.938,1.14,4.708,4.491
2023-09-05,2.06,4.697,0.861,1.253,0.955,1.141,4.717,4.501
2023-09-06,2.05,4.701,0.866,1.246,0.946,1.146,4.729,4.504
2023-09-07,2.043,4.701,0.858,1.242,0.945,1.137,4.722,4.505
2023-09-08,2.0,4.727,0.854,1.215,0.941,1.131,4.742,4.531
2023-09-11,2.0,4.728,0.857,1.214,0.937,1.136,4.751,4.534
2023-09-12,2.007,4.735,0.86,1.22,0.944,1.141,4.753,4.542
2023-09-13,1.995,4.75,0.851,1.214,0.941,1.128,4.763,4.546
2023-09-14,1.969,4.763,0.855,1.198,0.945,1.133,4.786,4.566
2023-09-15,1.962,4.83,0.862,1.193,0.951,1.145,4.861,4.636
2023-09-18,1.951,4.743,0.847,1.185,0.948,1.124,4.774,4.545
2023-09-19,1.966,4.736,0.85,1.196,0.949,1.126,4.748,4.536
2023-09-20,1.947,4.776,0.846,1.183,0.954,1.122,4.791,4.574
2023-09-21,1.93,4.799,0.833,1.174,0.958,1.105,4.816,4.594
2023-09-22,1.913,4.778,0.818,1.161,0.95,1.085,4.807,4.587
2023-09-25,1.955,4.762,0.821,1.188,0.959,1.089,4.784,4.555
2023-09-26,1.951,4.785,0.823,1.186,0.958,1.092,4.807,4.58
2023-09-27,1.935,4.771,0.812,1.177,0.955,1.078,4.795,4.565
2023-09-28,1.958,4.652,0.819,1.191,0.953,1.085,4.688,4.463
2023-10-09,1.95,4.611,0.828,1.187,0.948,1.099,4.638,4.4
2023-10-10,1.954,4.602,0.837,1.186,0.95,1.109,4.618,4.4
2023-10-11,1.945,4.536,0.843,1.182,0.939,1.116,4.559,4.352
2023-10-12,1.969,4.548,0.854,1.195,0.94,1.129,4.59,4.368
2023-10-13,1.954,4.573,0.848,1.188,0.941,1.122,4.594,4.385
2023-10-16,1.945,4.671,0.84,1.181,0.946,1.112,4.693,4.479
2023-10-17,1.91,4.669,0.846,1.161,0.95,1.12,4.688,4.476
2023-10-18,1.906,4.692,0.842,1.16,0.957,1.115,4.718,4.5
2023-10-19,1.878,4.747,0.832,1.14,0.948,1.104,4.772,4.549
2023-10-20,1.86,4.791,0.82,1.13,0.928,1.086,4.807,4.591
2023-10-23,1.845,4.777,0.813,1.11,0.927,1.076,4.805,4.57
2023-10-24,1.818,4.771,0.815,1.108,0.916,1.081,4.796,4.574
2023-10-25,1.844,4.765,0.82,1.12,0.925,1.088,4.795,4.568
2023-10-26,1.802,4.783,0.794,1.099,0.927,1.053,4.804,4.584
2023-10-27,1.82,4.786,0.79,1.106,0.933,1.047,4.813,4.59
2023-10-30,1.874,4.831,0.795,1.14,0.935,1.053,4.855,4.635
2023-10-31,1.92,4.815,0.797,1.169,0.92,1.057,4.84,4.617
2023-11-01,1.921,4.804,0.8,1.168,0.922,1.061,4.817,4.596
2023-11-02,1.912,4.814,0.822,1.162,0.922,1.09,4.832,4.617
2023-11-03,1.894,4.804,0.831,1.15,0.924,1.102,4.832,4.605
2023-11-06,1.93,4.807,0.838,1.175,0.92,1.11,4.834,4.607
2023-11-07,1.974,4.778,0.839,1.206,0.916,1.112,4.796,4.573
2023-11-08,1.964,4.759,0.847,1.195,0.918,1.122,4.791,4.561
2023-11-09,1.968,4.728,0.848,1.196,0.918,1.123,4.753,4.534
2023-11-10,1.958,4.741,0.844,1.194,0.92,1.117,4.76,4.543
2023-11-13,1.965,4.724,0.86,1.192,0.916,1.14,4.744,4.523
2023-11-14,1.957,4.747,0.861,1.19,0.919,1.14,4.762,4.55
2023-11-15,1.98,4.763,0.878,1.199,0.922,1.166,4.782,4.563
2023-11-16,1.961,4.765,0.875,1.191,0.925,1.159,4.789,4.566
2023-11-17,1.92,4.778,0.874,1.167,0.925,1.16,4.802,4.578
2023-11-20,1.934,4.747,0.871,1.175,0.925,1.154,4.763,4.547
2023-11-21,1.949,4.707,0.875,1.181,0.927,1.159,4.738,4.516
2023-11-22,1.923,4.718,0.865,1.171,0.928,1.148,4.739,4.523
2023-11-23,1.898,4.695,0.873,1.155,0.926,1.158,4.718,4.498
2023-11-24,1.908,4.689,0.872,1.161,0.932,1.157,4.715,4.494
2023-11-27,1.883,4.723,0.869,1.146,0.931,1.151,4.744,4.531
2023-11-28,,4.754,,,,,,
2023-11-29,1.886,4.796,0.87,1.145,0.926,1.155,4.816,4.6
2023-11-30,1.869,4.798,0.873,1.136,0.917,1.156,4.819,4.596
2023-12-01,1.873,4.785,0.866,1.139,0.92,1.148,4.814,4.589
2023-12-04,1.878,4.868,0.867,1.141,0.928,1.148,4.988,4.668
2023-12-05,1.854,4.785,0.861,1.127,0.927,1.141,4.808,4.58
2023-12-06,1.818,4.768,0.869,1.106,0.912,1.152,4.791,4.575
2023-12-07,1.828,4.781,0.861,1.112,0.911,1.143,4.808,4.585
2023-12-08,1.831,4.783,0.872,1.113,0.912,1.156,4.805,4.586
2023-12-11,1.836,4.753,0.88,1.116,0.909,1.164,4.772,4.547
2023-12-12,1.861,4.734,0.891,1.133,0.921,1.177,4.759,4.543
2023-12-13,1.85,4.73,0.898,1.122,0.922,1.188,4.751,4.533
2023-12-14,1.833,4.788,0.909,1.115,0.919,1.202,4.812,4.59
2023-12-15,1.82,4.794,0.902,1.103,0.917,1.193,4.815,4.59
2023-12-18,1.792,4.781,0.905,1.089,0.91,1.198,4.801,4.575
2023-12-19,1.771,4.783,0.911,1.076,0.912,1.208,4.809,4.584
2023-12-20,1.783,4.795,0.915,1.082,0.91,1.213,4.817,4.596
2023-12-21,1.749,4.789,0.903,1.063,0.908,1.2,4.819,4.595
2023-12-22,1.779,4.826,0.908,1.083,0.904,1.206,4.843,4.626
2023-12-25,1.777,4.831,0.909,1.08,0.908,1.21,4.853,4.631
2023-12-26,1.78,4.836,0.911,1.084,0.906,1.21,4.864,4.638
2023-12-27,1.762,4.85,0.917,1.071,0.904,1.218,4.881,4.65
2023-12-28,1.761,4.885,0.919,1.07,0.913,1.221,4.904,4.681
2023-12-29,1.828,4.832,0.912,1.112,0.909,1.212,4.866,4.638
2024-01-02,1.842,4.843,0.911,1.117,0.913,1.21,4.867,4.643
2024-01-03,1.802,4.856,0.897,1.095,0.922,1.193,4.89,4.658
2024-01-04,1.783,4.836,0.889,1.085,0.936,1.182,4.863,4.64
2024-01-05,1.751,4.864,0.888,1.063,0.949,1.179,4.882,4.659
2024-01-08,1.724,4.868,0.889,1.048,0.943,1.18,4.883,4.663
2024-01-09,1.702,4.853,0.905,1.035,0.935,1.203,4.878,4.651
2024-01-10,1.696,4.849,0.913,1.033,0.941,1.213,4.873,4.647
2024-01-11,1.694,4.831,0.919,1.032,0.936,1.221,4.855,4.632
2024-01-12,1.722,4.838,0.918,1.048,0.928,1.218,4.866,4.637
2024-01-15,1.702,4.857,0.919,1.036,0.935,1.221,4.882,4.664
2024-01-16,1.692,4.875,0.919,1.029,0.941,1.221,4.899,4.674
2024-01-17,1.7,4.859,0.923,1.032,0.945,1.224,4.882,4.661
2024-01-18,1.643,4.82,0.917,1.001,0.936,1.215,4.851,4.624
2024-01-19,1.675,4.838,0.932,1.019,0.925,1.237,4.863,4.636
2024-01-22,1.663,4.849,0.959,1.014,0.922,1.269,4.869,4.646
2024-01-23,1.62,4.824,0.969,0.983,0.893,1.277,4.848,4.623
2024-01-24,1.65,4.831,0.968,1.003,0.904,1.278,4.853,4.63
2024-01-25,1.641,4.819,0.965,0.999,0.925,1.276,4.832,4.607
2024-01-26,1.665,4.822,0.952,1.015,0.953,1.262,4.844,4.623
2024-01-29,1.638,4.834,0.95,0.996,0.97,1.261,4.852,4.636
2024-01-30,1.57,4.841,0.972,0.954,0.965,1.286,4.864,4.641
2024-01-31,1.544,4.851,0.958,0.937,0.957,1.268,4.877,4.654
2024-02-01,1.527,4.852,0.941,0.927,0.955,1.251,4.876,4.652
2024-02-02,1.546,4.872,0.962,0.94,0.946,1.278,4.893,4.671
2024-02-05,1.491,4.869,0.971,0.905,0.943,1.295,4.906,4.659
2024-02-06,1.508,4.84,0.97,0.915,0.941,1.289,4.872,4.641
2024-02-07,1.622,4.844,0.97,0.991,0.963,1.286,4.868,4.649
2024-02-08,1.67,4.853,0.979,1.014,0.974,1.298,4.88,4.655
2024-02-19,1.704,4.837,0.978,1.035,0.974,1.296,4.887,4.638
2024-02-20,1.688,4.838,0.979,1.025,0.998,1.298,4.863,4.645
2024-02-21,1.681,4.845,0.967,1.023,0.997,1.285,4.874,4.648
2024-02-22,1.7,4.841,0.981,1.034,1.007,1.301,4.865,4.639
2024-02-23,1.717,4.84,0.995,1.041,1.019,1.322,4.863,4.639
2024-02-26,1.706,4.845,0.99,1.037,1.02,1.311,4.865,4.647
2024-02-27,1.696,4.852,0.986,1.03,0.996,1.308,4.878,4.647
2024-02-28,1.749,4.844,0.987,1.064,1.003,1.309,4.872,4.647
2024-02-29,1.696,4.849,0.979,1.031,0.995,1.301,4.871,4.65
2024-03-01,1.757,4.862,0.989,1.069,1.001,1.314,4.885,4.659
2024-03-04,1.773,4.931,1.006,1.078,1.004,1.337,4.953,4.726
2024-03-05,1.771,4.986,1.0,1.079,1.007,1.326,5.011,4.782
2024-03-06,1.773,5.01,0.985,1.079,1.016,1.313,5.037,4.804
2024-03-07,1.779,5.051,0.991,1.082,1.018,1.321,5.078,4.848
2024-03-08,1.745,5.094,1.007,1.06,1.023,1.337,5.12,4.885
2024-03-11,1.76,5.123,0.991,1.07,1.024,1.317,5.153,4.912
2024-03-12,1.845,5.111,0.993,1.12,1.016,1.318,5.134,4.901
2024-03-13,1.854,5.07,1.003,1.126,0.991,1.335,5.093,4.861
2024-03-14,1.841,5.1,0.996,1.121,0.991,1.323,5.128,4.896
2024-03-15,1.825,5.089,0.991,1.11,0.996,1.316,5.113,4.879
2024-03-18,1.85,5.083,0.985,1.118,0.997,1.307,5.111,4.879
2024-03-19,1.87,5.087,0.988,1.138,0.998,1.311,5.106,4.877
2024-03-20,1.848,5.088,0.99,1.126,0.995,1.315,5.112,4.878
2024-03-21,1.86,5.183,1.007,1.13,0.998,1.337,5.2,4.97
2024-03-22,1.843,5.153,1.007,1.121,1.004,1.335,5.2,4.943
2024-03-25,1.809,5.176,1.011,1.1,1.0,1.34,5.202,4.964
2024-03-26,1.782,5.178,1.006,1.083,1.003,1.334,5.203,4.959
2024-03-27,1.787,5.189,1.006,1.088,1.003,1.335,5.211,4.977
2024-03-28,1.74,5.221,1.008,1.057,0.998,1.343,5.233,5.0
2024-03-29,1.756,5.317,1.007,1.072,0.998,1.338,5.337,5.1
2024-04-01,1.78,5.388,1.012,1.081,1.014,1.346,5.412,5.175
2024-04-02,1.822,5.367,1.006,1.107,1.016,1.337,5.394,5.137
2024-04-03,1.804,5.435,0.998,1.099,1.025,1.327,5.468,5.204
2024-04-08,1.785,5.517,0.998,1.085,1.029,1.327,5.53,5.289
2024-04-09,1.759,5.616,0.998,1.069,1.033,1.327,5.65,5.383
2024-04-10,1.774,5.61,1.003,1.081,1.029,1.331,5.631,5.38
2024-04-11,1.725,5.606,0.995,1.05,1.029,1.321,5.624,5.37
2024-04-12,1.73,5.688,1.011,1.052,1.041,1.342,5.719,5.456
2024-04-15,1.712,5.641,0.996,1.042,1.041,1.323,5.683,5.39
2024-04-16,1.74,5.707,0.979,1.056,1.064,1.299,5.733,5.471
2024-04-17,1.718,5.709,0.978,1.043,1.061,1.297,5.726,5.469
2024-04-18,1.739,5.658,0.965,1.059,1.078,1.281,5.68,5.421
2024-04-19,1.725,5.697,0.953,1.052,1.074,1.264,5.727,5.464
2024-04-22,1.695,5.684,0.942,1.032,1.084,1.25,5.722,5.447
2024-04-23,1.708,5.555,0.948,1.038,1.056,1.26,5.576,5.325
2024-04-24,1.709,5.511,0.968,1.039,1.042,1.287,5.54,5.281
2024-04-25,1.71,5.508,0.957,1.041,1.043,1.274,5.532,5.275
2024-04-26,1.717,5.517,0.97,1.045,1.047,1.288,5.543,5.29
2024-04-29,1.78,5.525,0.979,1.084,1.035,1.301,5.563,5.299
2024-04-30,1.837,5.525,0.977,1.12,1.03,1.297,5.554,5.296
2024-05-06,1.852,5.45,0.98,1.127,1.042,1.301,5.474,5.224
2024-05-07,1.851,5.507,0.99,1.124,1.048,1.314,5.526,5.278
2024-05-08,1.847,5.487,0.994,1.125,1.044,1.319,5.508,5.258
2024-05-09,1.828,5.485,0.991,1.111,1.051,1.315,5.502,5.252
2024-05-10,1.858,5.559,0.995,1.129,1.06,1.319,5.602,5.33
2024-05-13,1.819,5.573,0.997,1.111,1.062,1.323,5.605,5.34
2024-05-14,1.821,5.554,0.999,1.108,1.068,1.325,5.574,5.33
2024-05-15,1.814,5.592,1.008,1.104,1.066,1.336,5.618,5.36
2024-05-16,1.806,5.674,1.022,1.097,1.068,1.356,5.712,5.445
2024-05-17,1.795,5.635,1.02,1.096,1.068,1.355,5.671,5.406
2024-05-20,1.828,5.764,1.022,1.111,1.076,1.357,5.794,5.519
2024-05-21,1.826,5.79,1.027,1.112,1.085,1.365,5.821,5.549
2024-05-22,1.819,5.738,1.031,1.107,1.089,1.369,5.77,5.5
2024-05-23,1.837,5.611,1.035,1.116,1.085,1.375,5.64,5.38
2024-05-24,1.804,5.531,1.028,1.096,1.074,1.364,5.543,5.287
2024-05-27,1.784,5.55,1.032,1.084,1.077,1.371,5.577,5.323
2024-05-28,1.784,5.598,1.038,1.088,1.095,1.377,5.616,5.367
2024-05-29,1.768,5.601,1.039,1.077,1.089,1.38,5.626,5.368
2024-05-30,1.772,5.571,1.027,1.077,1.087,1.364,5.598,5.33
2024-05-31,1.781,5.576,1.016,1.084,1.083,1.348,5.598,5.334
2024-06-03,1.769,5.545,1.024,1.078,1.084,1.359,5.592,5.319
2024-06-04,1.778,5.571,1.025,1.082,1.069,1.359,5.595,5.34
2024-06-05,1.805,5.53,1.028,1.097,1.076,1.364,5.56,5.306
2024-06-06,1.804,5.674,1.05,1.097,1.06,1.393,5.66,5.396
2024-06-07,1.784,5.648,1.05,1.085,1.065,1.392,5.68,5.413
2024-06-11,1.735,5.478,1.053,1.061,1.073,1.396,5.54,5.25
2024-06-12,1.746,5.479,1.062,1.064,1.053,1.408,5.502,5.253
2024-06-13,1.752,5.495,1.082,1.065,1.068,1.434,5.524,5.261
2024-06-14,1.745,5.48,1.082,1.061,1.054,1.434,5.507,5.249
2024-06-17,1.746,5.533,1.087,1.064,1.057,1.439,5.556,5.302
2024-06-18,1.769,5.514,1.1,1.078,1.043,1.457,5.541,5.283
2024-06-19,1.781,5.528,1.103,1.084,1.047,1.461,5.553,5.301
2024-06-20,1.75,5.542,1.105,1.067,1.05,1.465,5.578,5.313
2024-06-21,1.725,5.621,1.095,1.053,1.048,1.453,5.641,5.383
2024-06-24,1.711,5.528,1.089,1.043,1.048,1.443,5.569,5.3
2024-06-25,1.694,5.527,1.076,1.034,1.036,1.426,5.554,5.3
2024-06-26,1.665,5.512,1.091,1.012,1.04,1.447,5.544,5.287
2024-06-27,1.689,5.463,1.089,1.031,1.045,1.45,5.493,5.236
2024-06-28,1.665,5.512,1.103,1.015,1.046,1.466,5.535,5.283
2024-07-01,1.648,5.528,1.101,1.005,1.058,1.467,5.556,5.297
2024-07-02,1.643,5.546,1.109,1.003,1.077,1.482,5.568,5.311
2024-07-03,1.633,5.545,1.125,0.995,1.078,1.496,5.564,5.31
2024-07-04,1.633,5.611,1.15,0.995,1.068,1.52,5.645,5.381
2024-07-05,1.615,5.6,1.138,0.986,1.064,1.512,5.633,5.365
2024-07-08,1.615,5.664,1.157,0.986,1.057,1.547,5.688,5.427
2024-07-09,1.594,5.601,1.161,0.973,1.051,1.559,5.622,5.365
2024-07-10,1.609,5.608,1.161,0.985,1.062,1.57,5.641,5.374
2024-07-11,1.64,5.641,1.161,0.999,1.047,1.568,5.663,5.397
2024-07-12,1.648,5.698,1.127,1.007,1.046,1.505,5.726,5.464
2024-07-15,1.644,5.691,1.133,1.005,1.045,1.505,5.724,5.452
2024-07-16,1.638,5.72,1.156,0.999,1.055,1.544,5.747,5.484
2024-07-17,1.66,5.838,1.15,1.013,1.054,1.534,5.866,5.599
2024-07-18,1.653,5.79,1.103,1.008,1.045,1.466,5.836,5.555
2024-07-19,1.673,5.69,1.108,1.024,1.048,1.477,5.773,5.458
2024-07-22,1.693,5.659,1.096,1.03,1.042,1.46,5.686,5.427
2024-07-23,1.691,5.665,1.116,1.03,1.031,1.483,5.695,5.43
2024-07-24,1.634,5.662,1.103,0.997,1.027,1.465,5.691,5.429
2024-07-25,1.61,5.626,1.063,0.981,1.026,1.41,5.67,5.388
2024-07-26,1.617,5.547,1.054,0.985,1.022,1.396,5.581,5.312
2024-07-29,1.622,5.63,1.075,0.989,1.014,1.428,5.655,5.395
2024-07-30,1.6,5.611,1.072,0.974,1.019,1.422,5.631,5.379
2024-07-31,1.594,5.642,1.063,0.973,1.012,1.412,5.67,5.41
2024-08-01,1.659,5.738,1.098,1.01,1.023,1.463,5.762,5.501
2024-08-02,1.621,5.713,1.059,0.99,1.021,1.411,5.741,5.475
2024-08-05,1.592,5.635,0.991,0.973,1.022,1.33,5.648,5.39
2024-08-06,1.594,5.595,1.002,0.971,1.014,1.335,5.639,5.35
2024-08-07,1.593,5.552,1.0,0.972,1.006,1.332,5.574,5.307
2024-08-08,1.582,5.578,0.987,0.967,1.012,1.312,5.594,5.345
2024-08-09,1.59,5.641,1.017,0.97,1.015,1.355,5.663,5.406
2024-08-12,1.566,5.647,1.018,0.955,1.013,1.355,5.665,5.41
2024-08-13,1.562,5.712,1.024,0.951,1.018,1.368,5.741,5.476
2024-08-14,1.575,5.711,1.052,0.961,1.018,1.412,5.74,5.473
2024-08-15,1.551,5.668,1.051,0.946,1.017,1.417,5.698,5.431
2024-08-16,1.564,5.703,1.083,0.954,1.027,1.462,5.731,5.465
2024-08-19,1.56,5.747,1.095,0.953,1.033,1.47,5.77,5.502
2024-08-20,1.561,5.752,1.099,0.951,1.048,1.468,5.779,5.512
2024-08-21,1.532,5.758,1.097,0.935,1.038,1.462,5.787,5.514
2024-08-22,1.53,5.775,1.106,0.934,1.027,1.477,5.803,5.535
2024-08-23,1.512,5.746,1.085,0.924,1.032,1.449,5.774,5.504
2024-08-26,1.517,5.765,1.098,0.926,1.027,1.47,5.789,5.526
2024-08-27,1.511,5.772,1.08,0.921,1.029,1.447,5.801,5.528
2024-08-28,1.499,5.788,1.076,0.914,1.035,1.441,5.821,5.545
2024-08-29,1.488,5.78,1.056,0.911,1.028,1.41,5.809,5.539
2024-08-30,1.511,5.775,1.059,0.921,1.009,1.413,5.799,5.528
2024-09-02,1.547,5.754,1.074,0.943,1.002,1.429,5.784,5.505
2024-09-03,1.504,5.725,1.076,0.919,1.005,1.431,5.754,5.486
2024-09-04,1.512,5.726,1.03,0.925,0.991,1.374,5.757,5.479
2024-09-05,1.525,5.72,1.024,0.931,0.991,1.366,5.743,5.483
2024-09-06,1.535,5.754,1.015,0.937,0.99,1.351,5.782,5.51
2024-09-09,1.5,5.748,1.01,0.916,0.981,1.349,5.753,5.485
2024-09-10,1.514,5.75,1.026,0.923,0.966,1.375,5.776,5.512
2024-09-11,1.51,5.777,1.035,0.92,0.964,1.381,5.802,5.536
2024-09-12,1.536,5.775,1.06,0.936,0.944,1.414,5.801,5.528
2024-09-13,1.525,5.855,1.074,0.929,0.951,1.432,5.878,5.613
2024-09-18,1.505,5.866,1.07,0.923,0.946,1.433,5.897,5.621
2024-09-19,1.511,5.843,1.07,0.923,0.96,1.429,5.862,5.591
2024-09-20,1.516,5.864,1.087,0.925,0.959,1.456,5.886,5.619
2024-09-23,1.507,5.938,1.087,0.919,0.958,1.45,5.976,5.685
2024-09-24,1.515,5.981,1.086,0.923,0.976,1.45,5.994,5.723
2024-09-25,1.621,5.961,1.073,0.985,1.025,1.431,6.007,5.724
2024-09-26,1.604,6.013,1.08,0.978,1.029,1.445,6.033,5.76
2024-09-27,1.713,6.003,1.074,1.041,1.07,1.426,6.031,5.751
2024-09-30,2.0,5.963,1.061,1.206,1.072,1.401,5.92,5.644
2024-10-08,2.678,5.967,1.045,1.618,1.222,1.39,6.0,5.682
2024-10-09,2.41,5.956,1.079,1.529,1.121,1.43,5.945,5.67
2024-10-10,2.241,5.892,1.087,1.36,1.054,1.439,5.915,5.647
2024-10-11,2.134,5.97,1.09,1.314,1.108,1.445,5.992,5.715
2024-10-14,2.078,6.0,1.089,1.27,1.089,1.447,6.03,5.77
2024-10-15,2.094,6.044,1.099,1.277,1.108,1.46,6.066,5.776
2024-10-16,2.001,6.112,1.095,1.227,1.084,1.455,6.133,5.853
2024-10-17,2.019,6.156,1.095,1.232,1.111,1.457,6.176,5.891
2024-10-18,1.986,6.221,1.099,1.215,1.093,1.461,6.241,5.961
2024-10-21,2.162,6.257,1.101,1.326,1.102,1.464,6.279,5.995
2024-10-22,2.158,6.283,1.102,1.32,1.088,1.464,6.313,6.018
2024-10-23,2.166,6.307,1.104,1.327,1.095,1.465,6.328,6.042
2024-10-24,2.149,6.254,1.094,1.313,1.091,1.452,6.282,6.0
2024-10-25,2.147,6.256,1.097,1.311,1.087,1.456,6.287,5.994
2024-10-28,2.193,6.249,1.111,1.341,1.084,1.473,6.282,5.986
2024-10-29,2.191,6.297,1.105,1.338,1.089,1.466,6.323,6.036
2024-10-30,2.119,6.389,1.118,1.297,1.071,1.485,6.41,6.111
2024-10-31,2.105,6.405,1.103,1.293,1.064,1.463,6.439,6.14
2024-11-01,2.104,6.289,1.081,1.29,1.061,1.433,6.319,6.017
2024-11-04,2.081,6.276,1.086,1.274,1.08,1.441,6.309,6.011
2024-11-05,2.144,6.265,1.084,1.308,1.084,1.435,6.296,6.003
2024-11-06,2.249,6.281,1.103,1.372,1.098,1.463,6.309,6.028
2024-11-07,2.202,6.123,1.143,1.347,1.091,1.515,6.155,5.865
2024-11-08,2.355,6.17,1.151,1.437,1.116,1.525,6.213,5.925
2024-11-11,2.25,6.154,1.156,1.375,1.097,1.53,6.198,5.901
2024-11-12,2.365,6.077,1.158,1.441,1.086,1.535,6.106,5.83
2024-11-13,2.325,6.059,1.155,1.421,1.08,1.53,6.089,5.805
2024-11-14,2.37,5.977,1.154,1.447,1.082,1.528,6.037,5.724
2024-11-15,2.276,5.957,1.143,1.392,1.078,1.514,5.983,5.711
2024-11-18,2.205,5.998,1.126,1.345,1.081,1.491,6.032,5.748
2024-11-19,2.155,6.071,1.128,1.314,1.096,1.496,6.098,5.811
2024-11-20,2.201,6.144,1.143,1.353,1.094,1.517,6.172,5.9
2024-11-21,2.213,6.175,1.136,1.352,1.098,1.51,6.195,5.914
2024-11-22,2.218,6.232,1.145,1.353,1.097,1.519,6.255,5.968
2024-11-25,2.14,6.279,1.155,1.312,1.068,1.533,6.303,6.009
2024-11-26,2.122,6.099,1.15,1.297,1.068,1.529,6.139,5.835
2024-11-27,2.1,6.114,1.16,1.287,1.07,1.542,6.133,5.86
2024-11-28,2.162,6.094,1.151,1.324,1.086,1.53,6.122,5.831
2024-11-29,2.122,6.131,1.153,1.296,1.083,1.53,6.17,5.879
2024-12-02,2.172,6.117,1.161,1.33,1.087,1.54,6.146,5.85
2024-12-03,2.211,6.177,1.175,1.351,1.087,1.559,6.199,5.917
2024-12-04,2.195,6.179,1.187,1.34,1.098,1.576,6.22,5.915
2024-12-05,2.167,6.192,1.196,1.325,1.1,1.59,6.223,5.937
2024-12-06,2.18,6.125,1.19,1.33,1.101,1.581,6.154,5.866
2024-12-09,2.219,6.203,1.201,1.357,1.115,1.599,6.233,5.941
2024-12-10,2.32,6.226,1.191,1.416,1.14,1.586,6.251,5.97
2024-12-11,2.215,6.295,1.195,1.352,1.118,1.593,6.311,6.028
2024-12-12,2.217,6.306,1.22,1.354,1.121,1.621,6.319,6.038
2024-12-13,2.231,6.283,1.221,1.366,1.121,1.616,6.307,6.016
2024-12-16,2.19,6.199,1.231,1.338,1.104,1.631,6.228,5.945
2024-12-17,2.156,6.215,1.266,1.318,1.119,1.676,6.243,5.957
2024-12-18,2.167,6.204,1.257,1.321,1.117,1.658,6.234,5.942
2024-12-19,2.137,6.127,1.223,1.303,1.116,1.617,6.152,5.867
2024-12-20,2.166,6.132,1.227,1.324,1.107,1.62,6.16,5.877
2024-12-23,2.163,6.179,1.227,1.321,1.101,1.626,6.201,5.919
2024-12-24,2.148,6.188,1.266,1.311,1.104,1.673,6.211,5.928
2024-12-25,2.173,6.188,1.266,1.325,1.116,1.667,6.22,5.932
2024-12-26,2.16,6.213,1.263,1.317,1.121,1.669,6.246,5.955
2024-12-27,2.166,6.212,1.256,1.322,1.116,1.664,6.238,5.95
2024-12-30,2.158,6.191,1.236,1.318,1.121,1.634,6.225,5.934
2024-12-31,2.162,6.175,1.228,1.32,1.131,1.625,6.202,5.914
2025-01-02,2.096,6.236,1.229,1.282,1.121,1.625,6.26,5.975
2025-01-03,2.02,6.284,1.241,1.233,1.101,1.639,6.313,6.02
2025-01-06,1.978,6.286,1.259,1.21,1.085,1.66,6.314,6.023
2025-01-07,1.965,6.253,1.29,1.199,1.087,1.687,6.287,5.992
2025-01-08,1.975,6.276,1.246,1.203,1.087,1.632,6.307,6.01
2025-01-09,1.956,6.302,1.255,1.196,1.093,1.64,6.328,6.038
2025-01-10,1.967,6.347,1.246,1.204,1.081,1.628,6.372,6.078
2025-01-13,1.916,6.38,1.235,1.17,1.067,1.613,6.401,6.105
2025-01-14,1.95,6.341,1.228,1.19,1.061,1.609,6.361,6.07
2025-01-15,2.022,6.341,1.228,1.237,1.073,1.603,6.368,6.075
2025-01-16,2.009,6.402,1.254,1.226,1.08,1.64,6.431,6.139
2025-01-17,1.999,6.415,1.237,1.221,1.086,1.622,6.441,6.146
2025-01-20,2.047,6.355,1.255,1.248,1.088,1.644,6.397,6.091
2025-01-21,2.081,6.367,1.26,1.273,1.088,1.641,6.397,6.102
2025-01-22,2.063,6.443,1.272,1.262,1.076,1.656,6.484,6.17
2025-01-23,2.082,6.461,1.276,1.272,1.069,1.663,6.485,6.183
2025-01-24,2.045,6.485,1.263,1.25,1.078,1.65,6.511,6.209
2025-01-27,2.086,6.494,1.233,1.273,1.085,1.612,6.516,6.218
2025-02-05,2.043,6.68,1.23,1.247,1.098,1.617,6.71,6.4
2025-02-06,2.022,6.741,1.242,1.236,1.077,1.625,6.753,6.441
2025-02-07,2.08,6.711,1.245,1.271,1.076,1.628,6.733,6.43
2025-02-10,2.14,6.745,1.23,1.305,1.078,1.611,6.772,6.46
2025-02-11,2.141,6.906,1.228,1.31,1.078,1.612,6.93,6.628
2025-02-12,2.107,6.835,1.222,1.286,1.088,1.609,6.86,6.542
2025-02-13,2.145,6.855,1.225,1.311,1.09,1.613,6.882,6.564
2025-02-14,2.134,6.889,1.23,1.303,1.091,1.629,6.918,6.599
2025-02-17,2.198,6.751,1.23,1.34,1.094,1.629,6.795,6.477
2025-02-18,2.178,6.792,1.232,1.333,1.092,1.629,6.817,6.5
2025-02-19,2.136,6.882,1.236,1.307,1.093,1.639,6.911,6.595
2025-02-20,2.179,6.908,1.229,1.332,1.091,1.63,6.938,6.61
2025-02-21,2.185,6.897,1.218,1.332,1.09,1.616,6.929,6.608
2025-02-24,2.232,6.835,1.192,1.366,1.08,1.581,6.862,6.549
2025-02-25,2.189,6.898,1.179,1.337,1.078,1.568,6.931,6.605
2025-02-26,2.199,6.856,1.167,1.342,1.072,1.555,6.882,6.562
2025-02-27,2.224,6.824,1.167,1.359,1.079,1.553,6.845,6.533
2025-02-28,2.197,6.771,1.151,1.343,1.088,1.53,6.791,6.479
2025-03-03,2.133,6.735,1.147,1.3,1.084,1.528,6.758,6.445
2025-03-04,2.131,6.784,1.13,1.305,1.08,1.505,6.807,6.49
2025-03-05,2.147,6.809,1.137,1.311,1.084,1.515,6.843,6.523
2025-03-06,2.162,6.824,1.15,1.32,1.091,1.536,6.864,6.53
2025-03-07,2.181,6.805,1.127,1.333,1.085,1.505,6.827,6.506
2025-03-10,2.166,6.821,1.122,1.323,1.085,1.498,6.855,6.531
2025-03-11,2.135,6.781,1.07,1.307,1.076,1.429,6.815,6.491
2025-03-12,2.17,6.802,1.073,1.323,1.084,1.425,6.834,6.518
2025-03-13,2.146,6.866,1.088,1.31,1.085,1.444,6.891,6.573
2025-03-14,2.125,6.986,1.069,1.297,1.091,1.419,7.022,6.693
2025-03-17,2.188,6.969,1.09,1.339,1.102,1.452,6.993,6.674
2025-03-18,2.182,6.988,1.093,1.331,1.105,1.451,7.015,6.688
2025-03-19,2.181,7.055,1.084,1.335,1.102,1.442,7.087,6.757
2025-03-20,2.178,7.124,1.1,1.329,1.109,1.461,7.159,6.82
2025-03-21,2.153,7.114,1.105,1.315,1.103,1.47,7.142,6.808
2025-03-24,2.11,7.069,1.118,1.29,1.101,1.485,7.104,6.77
2025-03-25,2.112,7.065,1.15,1.291,1.109,1.524,7.083,6.758
2025-03-26,2.1,7.081,1.151,1.284,1.114,1.522,7.109,6.78
2025-03-27,2.093,7.104,1.118,1.279,1.111,1.478,7.131,6.797
2025-03-28,2.101,7.209,1.114,1.286,1.115,1.477,7.229,6.912
2025-03-31,2.079,7.277,1.071,1.273,1.112,1.428,7.275,6.942
2025-04-01,2.067,7.369,1.072,1.262,1.111,1.42,7.397,7.065
2025-04-02,2.062,7.382,1.09,1.258,1.114,1.442,7.416,7.07
2025-04-03,2.042,7.453,1.066,1.251,1.118,1.409,7.476,7.135
2025-04-07,1.93,7.169,0.959,1.18,1.107,1.272,7.266,6.801
2025-04-08,1.792,7.177,0.987,1.09,1.065,1.306,7.198,6.878
2025-04-09,1.762,7.188,0.96,1.074,1.076,1.271,7.236,6.89
2025-04-10,1.88,7.389,1.088,1.147,1.088,1.43,7.426,7.134
2025-04-11,1.845,7.688,1.04,1.128,1.087,1.372,7.691,7.34
2025-04-14,1.915,7.612,1.08,1.17,1.089,1.435,7.643,7.301
2025-04-15,1.895,7.654,1.074,1.157,1.095,1.425,7.682,7.327
2025-04-16,1.885,7.772,1.054,1.154,1.104,1.4,7.806,7.44
2025-04-17,1.859,8.016,1.035,1.136,1.114,1.379,8.051,7.655
2025-04-18,1.865,7.9,1.045,1.143,1.116,1.381,7.933,7.564
2025-04-21,1.874,8.023,1.039,1.143,1.12,1.374,8.049,7.684
2025-04-22,1.903,8.22,1.035,1.164,1.115,1.361,8.223,7.871
2025-04-23,1.917,8.1,1.062,1.169,1.122,1.401,8.112,7.759
2025-04-24,1.916,7.984,1.072,1.173,1.115,1.42,8.044,7.67
2025-04-25,1.913,8.0,1.09,1.166,1.126,1.436,8.021,7.641
2025-04-28,1.918,7.84,1.088,1.171,1.124,1.44,7.86,7.499
2025-04-29,1.902,7.891,1.098,1.163,1.128,1.451,7.922,7.561
2025-04-30,1.905,7.854,1.095,1.164,1.126,1.448,7.894,7.525
2025-05-06,1.936,7.941,1.112,1.183,1.109,1.469,7.97,7.596
2025-05-07,1.995,7.955,1.105,1.218,1.113,1.463,7.979,7.614
2025-05-08,1.963,8.025,1.114,1.198,1.117,1.477,8.05,7.679
2025-05-09,2.0,7.836,1.119,1.224,1.123,1.485,7.877,7.502
2025-05-12,2.013,7.679,1.137,1.228,1.132,1.513,7.72,7.341
2025-05-13,2.062,7.602,1.155,1.262,1.134,1.538,7.639,7.291
2025-05-14,2.032,7.627,1.17,1.241,1.144,1.546,7.662,7.309
2025-05-15,2.046,7.48,1.18,1.251,1.151,1.564,7.513,7.165
2025-05-16,2.006,7.502,1.178,1.227,1.146,1.561,7.54,7.195
2025-05-19,2.006,7.531,1.169,1.225,1.139,1.55,7.561,7.206
2025-05-20,2.009,7.534,1.18,1.229,1.143,1.565,7.572,7.217
2025-05-21,2.02,7.709,1.176,1.234,1.147,1.563,7.737,7.381
2025-05-22,2.036,7.811,1.158,1.243,1.155,1.54,7.842,7.478
2025-05-23,2.015,7.734,1.156,1.231,1.159,1.54,7.767,7.405
2025-05-26,1.99,7.763,1.155,1.215,1.15,1.54,7.797,7.438
2025-05-27,1.976,7.763,1.155,1.207,1.148,1.54,7.797,7.434
2025-05-28,1.969,7.695,1.18,1.205,1.149,1.568,7.718,7.369
2025-05-29,1.962,7.593,1.195,1.199,1.154,1.59,7.628,7.263
2025-05-30,1.98,7.712,1.167,1.209,1.153,1.554,7.747,7.39
2025-06-03,1.961,7.837,1.18,1.202,1.157,1.567,7.853,7.501
2025-06-04,1.983,7.824,1.187,1.21,1.168,1.577,7.847,7.488
2025-06-05,2.001,7.832,1.185,1.224,1.174,1.575,7.862,7.499
2025-06-06,2.022,7.811,1.172,1.235,1.166,1.56,7.849,7.477
2025-06-09,2.02,7.694,1.182,1.234,1.169,1.573,7.723,7.364
2025-06-10,2.034,7.695,1.188,1.243,1.169,1.581,7.729,7.366
2025-06-11,2.016,7.752,1.186,1.23,1.169,1.577,7.776,7.42
2025-06-12,2.033,7.839,1.181,1.241,1.173,1.57,7.863,7.505
2025-06-13,2.033,7.953,1.167,1.243,1.176,1.552,7.98,7.616
2025-06-16,2.019,7.967,1.174,1.235,1.168,1.561,7.996,7.629
2025-06-17,2.04,7.86,1.184,1.245,1.175,1.573,7.894,7.525
2025-06-18,2.027,7.832,1.181,1.242,1.172,1.568,7.867,7.499
2025-06-19,2.028,7.836,1.173,1.24,1.177,1.56,7.867,7.5
2025-06-20,2.005,7.793,1.174,1.224,1.177,1.559,7.821,7.46
2025-06-23,1.98,7.783,1.166,1.211,1.181,1.551,7.805,7.452
2025-06-24,2.004,7.752,1.193,1.223,1.188,1.585,7.795,7.431
2025-06-25,2.05,7.707,1.2,1.253,1.191,1.596,7.734,7.378
2025-06-26,2.109,7.719,1.204,1.287,1.198,1.599,7.746,7.39
2025-06-27,2.1,7.691,1.213,1.282,1.206,1.612,7.724,7.365
2025-06-30,2.11,7.632,1.224,1.287,1.184,1.625,7.673,7.3
2025-07-01,2.128,7.687,1.228,1.302,1.188,1.631,7.711,7.359
2025-07-02,2.123,7.727,1.215,1.299,1.196,1.614,7.748,7.395
2025-07-03,2.11,7.731,1.225,1.287,1.2,1.63,7.763,7.407
2025-07-04,2.141,7.726,1.234,1.309,1.2,1.639,7.758,7.4
2025-07-07,2.126,7.676,1.228,1.301,1.211,1.633,7.707,7.348
2025-07-08,2.109,7.724,1.229,1.292,1.218,1.633,7.75,7.397
2025-07-09,2.157,7.684,1.228,1.319,1.213,1.633,7.71,7.347
2025-07-10,2.17,7.697,1.23,1.324,1.223,1.637,7.719,7.371
2025-07-11,2.169,7.703,1.227,1.324,1.23,1.634,7.729,7.375
2025-07-14,2.18,7.762,1.222,1.335,1.219,1.626,7.785,7.426
2025-07-15,2.184,7.742,1.229,1.333,1.227,1.635,7.779,7.41
2025-07-16,2.217,7.728,1.233,1.353,1.218,1.64,7.765,7.394
2025-07-17,2.205,7.73,1.236,1.347,1.209,1.644,7.765,7.403
2025-07-18,2.256,7.727,1.247,1.377,1.209,1.658,7.755,7.394
2025-07-21,2.258,7.761,1.249,1.378,1.213,1.663,7.776,7.43
2025-07-22,2.274,7.814,1.251,1.389,1.214,1.666,7.843,7.483
2025-07-23,2.288,7.875,1.244,1.397,1.216,1.657,7.888,7.54
2025-07-24,2.297,7.789,1.252,1.402,1.215,1.667,7.818,7.459
2025-07-25,2.326,7.75,1.252,1.42,1.207,1.667,7.783,7.415
2025-07-28,2.322,7.707,1.258,1.415,1.197,1.677,7.731,7.382
2025-07-29,2.338,7.677,1.263,1.429,1.195,1.683,7.711,7.35
2025-07-30,2.378,7.715,1.259,1.457,1.189,1.679,7.747,7.387
2025-07-31,2.354,7.667,1.277,1.437,1.194,1.703,7.694,7.329
2025-08-01,2.296,7.673,1.255,1.401,1.18,1.674,7.692,7.343
2025-08-04,2.285,7.763,1.235,1.396,1.176,1.643,7.796,7.432
2025-08-05,2.326,7.815,1.256,1.419,1.188,1.672,7.842,7.481
2025-08-06,2.314,7.806,1.244,1.415,1.201,1.658,7.832,7.472
2025-08-07,2.338,7.802,1.267,1.427,1.201,1.689,7.836,7.471
2025-08-08,2.314,7.821,1.268,1.415,1.205,1.691,7.85,7.488
2025-08-11,2.317,7.783,1.278,1.412,1.207,1.706,7.824,7.452
2025-08-12,2.358,7.745,1.278,1.441,1.198,1.702,7.769,7.412
2025-08-13,2.395,7.732,1.293,1.459,1.203,1.721,7.755,7.395
2025-08-14,2.473,7.76,1.29,1.513,1.197,1.718,7.787,7.431
2025-08-15,2.435,7.715,1.291,1.486,1.199,1.717,7.742,7.384
2025-08-18,2.52,7.729,1.289,1.54,1.193,1.715,7.759,7.398
2025-08-19,2.575,7.724,1.283,1.569,1.198,1.709,7.742,7.386
2025-08-20,2.551,7.692,1.26,1.56,1.195,1.678,7.721,7.362
2025-08-21,2.589,7.731,1.259,1.578,1.207,1.676,7.76,7.403
2025-08-22,2.566,7.724,1.261,1.564,1.212,1.681,7.756,7.395
2025-08-25,2.693,7.757,1.274,1.642,1.209,1.7,7.781,7.419
2025-08-26,2.727,7.768,1.271,1.67,1.219,1.691,7.799,7.437
2025-08-27,2.716,7.79,1.276,1.657,1.214,1.699,7.818,7.461
2025-08-28,2.68,7.798,1.274,1.636,1.196,1.694,7.823,7.462
2025-08-29,2.799,7.81,1.276,1.713,1.195,1.7,7.839,7.48
2025-09-01,2.88,7.878,1.262,1.758,1.194,1.679,7.904,7.546
2025-09-02,2.922,8.032,1.259,1.789,1.192,1.676,8.087,7.75
2025-09-03,2.852,8.107,1.251,1.74,1.2,1.667,8.131,7.76
2025-09-04,2.899,8.134,1.264,1.761,1.186,1.685,8.167,7.795
2025-09-05,2.75,8.122,1.276,1.678,1.189,1.698,8.145,7.773
2025-09-08,2.946,8.155,1.276,1.797,1.182,1.698,8.187,7.811
2025-09-09,2.866,8.283,1.275,1.753,1.185,1.698,8.31,7.934
2025-09-10,2.857,8.264,1.279,1.738,1.188,1.704,8.305,7.906
2025-09-11,2.883,8.315,1.281,1.755,1.188,1.707,8.338,7.963
2025-09-12,3.01,8.283,1.287,1.839,1.19,1.713,8.313,7.932
2025-09-15,3.006,8.271,1.291,1.831,1.184,1.719,8.306,7.908
2025-09-16,3.039,8.373,1.301,1.847,1.175,1.736,8.397,8.007
2025-09-17,3.055,8.371,1.299,1.856,1.17,1.732,8.408,8.01
2025-09-18,3.115,8.257,1.301,1.888,1.174,1.734,8.297,7.901
2025-09-19,3.067,8.256,1.311,1.868,1.153,1.751,8.285,7.901
2025-09-22,3.068,8.359,1.32,1.866,1.158,1.762,8.395,8.005
2025-09-23,3.115,8.497,1.333,1.898,1.15,1.788,8.506,8.125
2025-09-24,3.063,8.503,1.329,1.86,1.155,1.784,8.536,8.141
2025-09-25,3.15,8.512,1.325,1.922,1.157,1.779,8.554,8.16
2025-09-26,3.193,8.518,1.319,1.946,1.147,1.771,8.536,8.15
2025-09-29,3.126,8.544,1.328,1.905,1.148,1.793,8.566,8.177
2025-09-30,3.221,8.7,1.337,1.961,1.146,1.802,8.738,8.324
2025-10-09,3.217,9.095,1.367,1.96,1.138,1.842,9.18,8.724
2025-10-10,3.201,9.003,1.364,1.953,1.142,1.852,9.068,8.637
2025-10-13,2.952,9.163,1.334,1.791,1.146,1.807,9.197,8.77
2025-10-14,3.093,9.46,1.362,1.88,1.155,1.855,9.532,9.1
2025-10-15,2.932,9.535,1.338,1.79,1.176,1.823,9.568,9.143
2025-10-16,2.984,9.643,1.349,1.819,1.182,1.823,9.703,9.23
2025-10-17,3.002,9.889,1.354,1.829,1.189,1.825,9.969,9.497
2025-10-20,2.976,9.774,1.355,1.81,1.186,1.835,9.775,9.308
2025-10-21,2.999,9.966,1.39,1.829,1.184,1.888,9.973,9.526
2025-10-22,3.037,9.385,1.385,1.85,1.189,1.871,9.343,8.986
2025-10-23,3.021,9.354,1.401,1.841,1.199,1.868,9.386,8.98
2025-10-24,3.069,9.448,1.435,1.866,1.204,1.91,9.476,9.048
2025-10-27,3.209,9.35,1.446,1.953,1.194,1.923,9.381,8.948
2025-10-28,3.189,9.172,1.469,1.943,1.198,1.976,9.219,8.79
2025-10-29,3.235,9.058,1.473,1.97,1.196,1.984,9.086,8.68
2025-10-30,3.296,9.025,1.477,2.009,1.185,1.997,9.069,8.635
2025-10-31,3.235,9.215,1.465,1.968,1.189,1.981,9.228,8.81
2025-11-03,3.152,9.14,1.463,1.923,1.189,1.984,9.172,8.743
2025-11-04,3.166,9.136,1.455,1.93,1.204,1.977,9.169,8.745
2025-11-05,3.06,9.048,1.4,1.864,1.216,1.89,9.065,8.654
2025-11-06,3.158,9.103,1.431,1.919,1.216,1.923,9.126,8.718
2025-11-07,3.184,9.158,1.427,1.939,1.215,1.918,9.184,8.769
2025-11-10,3.2,9.255,1.449,1.951,1.217,1.946,9.28,8.869
2025-11-11,3.175,9.486,1.478,1.932,1.227,1.975,9.506,9.138
2025-11-12,3.095,9.462,1.472,1.887,1.232,1.967,9.503,9.058
2025-11-13,3.094,9.558,1.468,1.889,1.242,1.97,9.597,9.157
2025-11-14,3.146,9.526,1.437,1.915,1.237,1.935,9.55,9.099
2025-11-17,3.074,9.327,1.442,1.87,1.234,1.941,9.345,8.922
2025-11-18,3.069,9.22,1.406,1.871,1.222,1.881,9.25,8.837
2025-11-19,3.051,9.283,1.376,1.859,1.215,1.835,9.305,8.89
2025-11-20,3.106,9.367,1.41,1.886,1.217,1.879,9.388,8.959
2025-11-21,2.99,9.285,1.37,1.817,1.222,1.834,9.326,8.888
2025-11-24,2.925,9.252,1.398,1.778,1.212,1.868,9.277,8.858
2025-11-25,2.951,9.38,1.429,1.792,1.202,1.896,9.401,8.99
2025-11-26,2.955,9.419,1.433,1.806,1.209,1.911,9.45,9.015
2025-11-27,3.018,9.41,1.453,1.841,1.201,1.941,9.433,9.003
2025-11-28,3.008,9.474,1.445,1.83,1.203,1.935,9.522,9.084
2025-12-01,3.044,9.558,1.443,1.851,1.204,1.93,9.594,9.146
2025-12-02,3.075,9.527,1.448,1.868,1.211,1.945,9.573,9.118
2025-12-03,3.058,9.523,1.45,1.86,1.208,1.95,9.566,9.118
2025-12-04,3.014,9.516,1.457,1.835,1.203,1.965,9.548,9.107
2025-12-05,3.063,9.492,1.461,1.864,1.198,1.968,9.527,9.094
2025-12-08,3.101,9.52,1.46,1.888,1.191,1.963,9.557,9.107
2025-12-09,3.168,9.483,1.448,1.924,1.19,1.948,9.517,9.075
2025-12-10,3.185,9.52,1.431,1.938,1.181,1.928,9.55,9.114
2025-12-11,3.192,9.566,1.438,1.94,1.177,1.942,9.603,9.157
2025-12-12,3.152,9.605,1.437,1.916,1.174,1.932,9.633,9.201
2025-12-15,3.14,9.706,1.411,1.911,1.17,1.89,9.74,9.298
2025-12-16,3.112,9.695,1.404,1.893,1.176,1.89,9.71,9.272
2025-12-17,3.057,9.699,1.403,1.861,1.168,1.886,9.738,9.283
2025-12-18,3.134,9.725,1.388,1.911,1.17,1.873,9.76,9.311
2025-12-19,3.118,9.717,1.41,1.898,1.182,1.899,9.753,9.29
2025-12-22,3.135,9.796,1.438,1.904,1.181,1.94,9.812,9.38
2025-12-23,3.18,10.054,1.441,1.935,1.174,1.946,10.1,9.63
2025-12-24,3.194,10.154,1.44,1.94,1.173,1.943,10.18,9.719
2025-12-25,3.21,10.0,1.432,1.956,1.177,1.933,10.039,9.571
2025-12-26,3.222,10.096,1.429,1.958,1.177,1.935,10.135,9.67
2025-12-29,3.217,10.067,1.42,1.959,1.176,1.925,10.105,9.64
2025-12-30,3.19,9.707,1.409,1.942,1.174,1.903,9.757,9.272
2025-12-31,3.23,9.776,1.412,1.96,1.175,1.905,9.809,9.359
2026-01-05,3.215,9.845,1.416,1.954,1.176,1.909,9.869,9.421
2026-01-06,3.278,9.955,1.428,1.996,1.173,1.932,9.998,9.536
2026-01-07,3.311,10.022,1.435,2.011,1.174,1.93,10.047,9.6
2026-01-08,3.291,9.982,1.425,2.004,1.169,1.916,10.006,9.555
2026-01-09,3.269,9.964,1.417,1.99,1.161,1.896,9.991,9.544
2026-01-12,3.314,10.197,1.417,2.013,1.162,1.904,10.244,9.779
2026-01-13,3.372,10.221,1.413,2.055,1.164,1.895,10.257,9.79
2026-01-14,3.307,10.3,1.417,2.012,1.167,1.914,10.329,9.871
2026-01-15,3.306,10.299,1.402,2.015,1.157,1.898,10.345,9.861
2026-01-16,3.382,10.29,1.413,2.056,1.153,1.904,10.339,9.851
2026-01-19,3.327,10.414,1.392,2.022,1.143,1.886,10.443,9.962
2026-01-20,3.319,10.447,1.396,2.021,1.144,1.887,10.506,10.005
2026-01-21,3.243,10.801,1.379,1.975,1.16,1.862,10.909,10.365
2026-01-22,3.298,10.752,1.395,2.001,1.149,1.896,10.8,10.29
2026-01-23,3.322,11.052,1.413,2.016,1.151,1.908,11.097,10.618
2026-01-26,3.352,11.368,1.397,2.029,1.148,1.888,11.408,10.886
2026-01-27,3.31,11.376,1.397,2.013,1.155,1.894,11.401,10.883
2026-01-28,3.342,11.604,1.412,2.029,1.147,1.902,11.664,11.11
2026-01-29,3.297,12.347,1.407,2.01,1.15,1.895,12.409,11.918
2026-01-30,3.286,11.996,1.396,1.992,1.169,1.874,11.995,11.471
2026-02-02,3.338,10.362,1.388,2.027,1.165,1.858,10.402,9.908
2026-02-03,3.302,10.805,1.389,1.995,1.154,1.87,10.858,10.355
2026-02-04,3.29,11.305,1.365,2.003,1.149,1.849,11.397,10.795
2026-02-05,3.264,11.104,1.364,1.999,1.166,1.835,11.185,10.61
2026-02-06,3.21,10.543,1.341,1.951,1.179,1.809,10.549,10.079
2026-02-09,3.288,11.19,1.369,1.996,1.177,1.846,11.249,10.72
2026-02-10,3.327,11.195,1.376,2.015,1.182,1.851,11.236,10.686
2026-02-11,3.3,11.186,1.371,2.007,1.185,1.84,11.22,10.704
2026-02-12,3.28,11.204,1.368,1.991,1.187,1.84,11.263,10.72
2026-02-13,3.303,11.047,1.35,2.004,1.176,1.81,11.104,10.582
2026-02-24,3.318,11.414,1.354,2.01,1.17,1.821,11.457,10.92
2026-02-25,3.301,11.451,1.36,2.004,1.172,1.832,11.49,10.953
2026-02-26,3.338,11.428,1.362,2.029,1.171,1.839,11.48,10.939
2026-02-27,3.31,11.403,1.35,2.01,1.168,1.816,11.451,10.92
2026-03-02,3.251,11.791,1.341,1.977,1.17,1.804,11.87,11.368
2026-03-03,3.303,11.918,1.345,2.004,1.183,1.81,11.959,11.418
2026-03-04,3.17,11.511,1.325,1.93,1.194,1.779,11.544,11.0
2026-03-05,3.216,11.467,1.335,1.945,1.179,1.79,11.532,10.98
2026-03-06,3.191,11.32,1.338,1.943,1.18,1.794,11.359,10.834
2026-03-09,3.183,11.358,1.301,1.929,1.19,1.748,11.377,10.858
2026-03-10,3.267,11.44,1.335,1.972,1.184,1.792,11.469,10.963
2026-03-11,3.303,11.52,1.335,2.004,1.184,1.792,11.559,11.026
2026-03-12,3.34,11.42,1.329,2.025,1.196,1.786,11.47,10.928
2026-03-13,3.29,11.341,1.319,1.993,1.201,1.774,11.395,10.852
2026-03-16,3.308,11.109,1.313,2.002,1.205,1.763,11.159,10.63
2026-03-17,3.369,11.116,1.325,2.045,1.203,1.776,11.173,10.632
2026-03-18,3.293,11.105,1.328,1.995,1.21,1.785,11.151,10.638
2026-03-19,3.297,10.756,1.317,2.001,1.202,1.763,10.786,10.283
2026-03-20,3.337,10.385,1.312,2.021,1.199,1.771,10.391,9.9
2026-03-23,3.3,9.902,1.28,2.001,1.19,1.725,9.93,9.488
2026-03-24,3.275,9.61,1.272,1.982,1.161,1.699,9.654,9.21
2026-03-25,3.279,10.123,1.288,1.982,1.177,1.73,10.19,9.7
2026-03-26,3.306,10.065,1.29,1.999,1.186,1.73,10.101,9.628
2026-03-27,3.241,9.778,1.26,1.96,1.182,1.692,9.818,9.358
2026-03-30,3.242,9.927,1.251,1.969,1.179,1.672,9.961,9.496
2026-03-31,3.248,10.188,1.25,1.979,1.193,1.68,10.235,9.751
2026-04-01,3.245,10.381,1.284,1.967,1.199,1.724,10.417,9.95
2026-04-02,3.224,10.429,1.293,1.952,1.196,1.745,10.506,10.0
2026-04-03,3.182,10.359,1.298,1.93,1.201,1.737,10.381,9.914
2026-04-07,3.153,10.285,1.288,1.911,1.188,1.731,10.312,9.845
2026-04-08,3.241,10.534,1.325,2.095,1.18,1.789,10.617,10.103
2026-04-09,3.316,10.356,1.33,2.015,1.189,1.833,10.4,9.92
2026-04-10,3.339,10.444,1.347,2.026,1.182,1.824,10.46,9.995
2026-04-13,3.43,10.368,1.339,2.071,1.181,1.8,10.411,9.918
2026-04-14,3.501,10.451,1.361,2.135,1.177,1.833,10.484,9.999
2026-04-15,3.589,10.58,1.386,2.177,1.182,1.856,10.6,10.127
2026-04-16,3.522,10.541,1.405,2.135,1.188,1.9,10.581,10.095
2026-04-17,3.638,10.449,1.408,2.207,1.188,1.902,10.507,10.0
2026-04-20,3.657,10.492,1.412,2.216,1.184,1.9,10.518,10.04
2026-04-21,3.663,10.519,1.407,2.219,1.19,1.893,10.551,10.07
2026-04-22,3.66,10.414,1.4,2.225,1.196,1.89,10.45,9.968
2026-04-23,3.769,10.393,1.416,2.287,1.192,1.907,10.438,9.935
2026-04-24,3.689,10.328,1.418,2.242,1.198,1.905,10.375,9.885
2026-04-27,3.68,10.307,1.432,2.231,1.197,1.93,10.319,9.859
2026-04-28,3.63,10.295,1.45,2.205,1.188,1.945,10.333,9.85
2026-04-29,3.585,10.07,1.45,2.175,1.194,1.951,10.13,9.641
2026-04-30,3.703,10.061,1.461,2.248,1.196,1.975,10.102,9.629
2026-05-06,3.763,10.133,1.502,2.271,1.188,2.02,10.152,9.698
2026-05-07,3.814,10.303,1.513,2.314,1.182,2.03,10.363,9.871
2026-05-08,3.811,10.314,1.532,2.308,1.178,2.049,10.363,9.871
2026-05-11,3.834,10.268,1.568,2.324,1.176,2.104,10.313,9.827
2026-05-12,3.952,10.315,1.57,2.394,1.178,2.098,10.36,9.9
2026-05-13,3.91,10.25,1.55,2.371,1.18,2.08,10.29,9.82
