组合,ETF,累计收益,年化收益,夏普比率,最大回撤,卡尔玛比率,胜率,交易次数,数据起始,数据截止,数据天数
515080-159632-159952-159812,"红利低波(515080), 纳指(159632), 创业板(159952), 黄金(159812)",2.715164347510356,0.44057852244888274,1.3346739730735138,-0.24783683559950562,10.955451157784927,0.5348837209302325,129,2022-08-03,2026-04-30,2162
515080-159632-159915-159812,"红利低波(515080), 纳指(159632), 创业板(159915), 黄金(159812)",2.7370112517006744,0.44292978714233566,1.3281322327288234,-0.2550410754294247,10.731648802422272,0.5447761194029851,134,2022-08-03,2026-04-30,3433
515080-159632-159952-518880,"红利低波(515080), 纳指(159632), 创业板(159952), 黄金(518880)",2.662991617630973,0.43492279694868397,1.3241142794932552,-0.24783683559950567,10.744938746451153,0.532258064516129,124,2022-08-03,2026-04-30,3101
515080-159632-159952-518600,"红利低波(515080), 纳指(159632), 创业板(159952), 黄金(518600)",2.6684785201367562,0.4355203239525287,1.3228902787906207,-0.2478368355995055,10.767077919155293,0.5396825396825397,126,2022-08-03,2026-04-30,2162
515080-159632-159977-518880,"红利低波(515080), 纳指(159632), 创业板(159977), 黄金(518880)",2.684261824965752,0.43723554617207405,1.3205604894910858,-0.25569800569800555,10.497781621871638,0.5491803278688525,122,2022-08-03,2026-04-30,3101
515080-159632-159952-159934,"红利低波(515080), 纳指(159632), 创业板(159952), 黄金(159934)",2.6436427318092126,0.43281052111927854,1.3178298808005777,-0.2478368355995056,10.666867680965849,0.5317460317460317,126,2022-08-03,2026-04-30,3008
515080-159632-159915-518600,"红利低波(515080), 纳指(159632), 创业板(159915), 黄金(518600)",2.692291772003432,0.4381061511426254,1.317028622300138,-0.2550410754294248,10.556306537957825,0.549618320610687,131,2022-08-03,2026-04-30,3433
515080-159632-159977-159934,"红利低波(515080), 纳指(159632), 创业板(159977), 黄金(159934)",2.6616616560233655,0.4347778660522441,1.3134778317448088,-0.25569800569800566,10.409395445840685,0.5483870967741935,124,2022-08-03,2026-04-30,3008
515080-159632-159915-518880,"红利低波(515080), 纳指(159632), 创业板(159915), 黄金(518880)",2.6571232678046104,0.4342830146368424,1.3104879261867937,-0.25504107542942467,10.41841304711677,0.5433070866141733,127,2022-08-03,2026-04-30,3433
515080-159632-159952-518800,"红利低波(515080), 纳指(159632), 创业板(159952), 黄金(518800)",2.595154225861593,0.4274813324879849,1.309034711834859,-0.2478368355995056,10.471220791631065,0.5298507462686567,134,2022-08-03,2026-04-30,3101
515080-159632-159977-159812,"红利低波(515080), 纳指(159632), 创业板(159977), 黄金(159812)",2.653085212843146,0.43384234515354025,1.3086676831988346,-0.25569800569800544,10.375854147163736,0.5426356589147286,129,2022-08-03,2026-04-30,1595
512890-159941-159952-518800,"红利低波(512890), 纳指(159941), 创业板(159952), 黄金(518800)",10.184416509217352,0.4118933885092857,1.301470221881201,-0.2478368355995056,41.09323170053285,0.545816733067729,251,2019-01-18,2026-04-30,3101
512910-159632-159952-518800,"红利低波(512910), 纳指(159632), 创业板(159952), 黄金(518800)",2.605188474807942,0.4285883974688818,1.299746649679896,-0.2478368355995057,10.511708110322314,0.5245901639344263,122,2022-08-03,2026-04-30,3101
红纳创黄A,"红利低波(512890), 纳指(159941), 创业板(159952), 黄金(159934)",10.159667572694735,0.41144664391633534,1.2975132566132066,-0.2478368355995057,40.99337190179569,0.5490196078431373,255,2019-01-18,2026-04-30,3008
515080-159632-159915-159934,"红利低波(515080), 纳指(159632), 创业板(159915), 黄金(159934)",2.6068705221142827,0.42877375770492643,1.2960077389616076,-0.25504107542942483,10.221375195054248,0.5426356589147286,129,2022-08-03,2026-04-30,3433
515080-159632-159977-518600,"红利低波(515080), 纳指(159632), 创业板(159977), 黄金(518600)",2.5993565419308946,0.42794523938820683,1.294835961215377,-0.2556980056980056,10.165728648665675,0.5476190476190477,126,2022-08-03,2026-04-30,1595
515080-159632-159915-518800,"红利低波(515080), 纳指(159632), 创业板(159915), 黄金(518800)",2.585281709378052,0.42638993228546407,1.294450999761694,-0.2550410754294246,10.136726819494044,0.5401459854014599,137,2022-08-03,2026-04-30,3433
512910-159632-159952-518600,"红利低波(512910), 纳指(159632), 创业板(159952), 黄金(518600)",2.598313150013289,0.42783009257063487,1.292425323483244,-0.2478368355995057,10.483966774866582,0.5175438596491229,114,2022-08-03,2026-04-30,2162
515080-159632-159948-159812,"红利低波(515080), 纳指(159632), 创业板(159948), 黄金(159812)",2.6188214499083498,0.4300889467603588,1.2902148078549425,-0.26690981432360744,9.811634152700103,0.5384615384615384,130,2022-08-03,2026-04-30,2408
512890-159941-159952-518880,"红利低波(512890), 纳指(159941), 创业板(159952), 黄金(518880)",9.976519478806484,0.40811397101304303,1.2900267667045342,-0.24783683559950556,40.2543853284511,0.5418326693227091,251,2019-01-18,2026-04-30,3101
512910-159632-159915-518600,"红利低波(512910), 纳指(159632), 创业板(159915), 黄金(518600)",2.626330143940434,0.43091366893621763,1.2880398408467038,-0.25504107542942467,10.297675147104671,0.5217391304347826,115,2022-08-03,2026-04-30,3433
512910-159632-159915-518800,"红利低波(512910), 纳指(159632), 创业板(159915), 黄金(518800)",2.6039848829545487,0.42845572431152434,1.2875939085546555,-0.25504107542942456,10.210060785581687,0.5289256198347108,121,2022-08-03,2026-04-30,3433
515080-159632-159808-159812,"红利低波(515080), 纳指(159632), 创业板(159808), 黄金(159812)",2.5312460412909834,0.4203775799538807,1.2863263548527017,-0.24729064039408874,10.23591526657509,0.5303030303030303,132,2022-08-03,2026-04-30,1535
512910-159632-159952-518880,"红利低波(512910), 纳指(159632), 创业板(159952), 黄金(518880)",2.560719936620512,0.4236652003660184,1.2847678495458035,-0.24783683559950553,10.332281440029897,0.5263157894736842,114,2022-08-03,2026-04-30,3101
512910-159632-159952-159934,"红利低波(512910), 纳指(159632), 创业板(159952), 黄金(159934)",2.5578162399088313,0.4233421862397908,1.282601992514804,-0.24783683559950564,10.320565277238124,0.5263157894736842,114,2022-08-03,2026-04-30,3008
515080-159632-159977-518800,"红利低波(515080), 纳指(159632), 创业板(159977), 黄金(518800)",2.5260854897401965,0.41979991835506514,1.280570344066436,-0.25569800569800566,9.879175564332135,0.5373134328358209,134,2022-08-03,2026-04-30,3101
512890-159632-159952-518800,"红利低波(512890), 纳指(159632), 创业板(159952), 黄金(518800)",2.4944486376216193,0.41624515010004615,1.2803463211031956,-0.24783683559950567,10.064882532847328,0.5263157894736842,133,2022-08-03,2026-04-30,3101
512890-159941-159948-518880,"红利低波(512890), 纳指(159941), 创业板(159948), 黄金(518880)",9.999884870557649,0.4085417823819486,1.276856723553148,-0.2669098143236074,37.465407167207296,0.548,250,2019-01-18,2026-04-30,3101
512890-159941-159948-518800,"红利低波(512890), 纳指(159941), 创业板(159948), 黄金(518800)",9.958923543418662,0.40779128061893255,1.2765305867699108,-0.2669098143236074,37.31194212043564,0.5483870967741935,248,2019-01-18,2026-04-30,3101
512910-159632-159915-518880,"红利低波(512910), 纳指(159632), 创业板(159915), 黄金(518880)",2.5604806463633163,0.4236385883395315,1.2730659726855043,-0.25504107542942483,10.03948341282718,0.5309734513274337,113,2022-08-03,2026-04-30,3433
512890-159941-159915-518880,"红利低波(512890), 纳指(159941), 创业板(159915), 黄金(518880)",9.679479037196364,0.4026061019662368,1.2721120740593996,-0.2550410754294248,37.95262790865576,0.5476190476190477,252,2019-01-18,2026-04-30,3433
512890-159941-159915-518800,"红利低波(512890), 纳指(159941), 创业板(159915), 黄金(518800)",9.624588552506301,0.4015739507433487,1.2710676890186334,-0.2550410754294248,37.73740577395592,0.548,250,2019-01-18,2026-04-30,3433
512890-159941-159948-159934,"红利低波(512890), 纳指(159941), 创业板(159948), 黄金(159934)",9.891003697120793,0.406541523893607,1.270742466676863,-0.26690981432360733,37.057474721138284,0.5476190476190477,252,2019-01-18,2026-04-30,3008
512910-159632-159977-518880,"红利低波(512910), 纳指(159632), 创业板(159977), 黄金(518880)",2.5221320447270235,0.4193569648125577,1.2664812643410033,-0.2556980056980056,9.863714180492318,0.5535714285714286,112,2022-08-03,2026-04-30,3101
512890-159632-159915-518800,"红利低波(512890), 纳指(159632), 创业板(159915), 黄金(518800)",2.48005605320561,0.4146202840967268,1.2654551891668475,-0.2550410754294247,9.72414364639038,0.5373134328358209,134,2022-08-03,2026-04-30,3433
512910-159632-159952-159812,"红利低波(512910), 纳指(159632), 创业板(159952), 黄金(159812)",2.502166868203878,0.41711451870781624,1.265373547936379,-0.24783683559950562,10.09602491958572,0.5172413793103449,116,2022-08-03,2026-04-30,2162
515080-159632-159808-518880,"红利低波(515080), 纳指(159632), 创业板(159808), 黄金(518880)",2.4442637974339636,0.4105583415787548,1.264253248115421,-0.24729064039408885,9.884174320300682,0.5403225806451613,124,2022-08-03,2026-04-30,3101
512910-159632-159977-159934,"红利低波(512910), 纳指(159632), 创业板(159977), 黄金(159934)",2.5162455441152844,0.4186967615275634,1.2635158548923593,-0.25569800569800555,9.840692880049753,0.5535714285714286,112,2022-08-03,2026-04-30,3008
512890-159941-159915-159934,"红利低波(512890), 纳指(159941), 创业板(159915), 黄金(159934)",9.515750018491891,0.399513780191034,1.262992926134199,-0.25504107542942467,37.31065673429182,0.547244094488189,254,2019-01-18,2026-04-30,3433
红纳创黄B,"红利低波(512890), 纳指(159941), 创业板(159915), 黄金(159934)",9.515750018491891,0.399513780191034,1.262992926134199,-0.25504107542942467,37.31065673429182,0.547244094488189,254,2019-01-18,2026-04-30,3433
512910-159632-159915-159934,"红利低波(512910), 纳指(159632), 创业板(159915), 黄金(159934)",2.527270287819268,0.4199325961764817,1.262753939812403,-0.2550410754294245,9.909267687818465,0.5309734513274337,113,2022-08-03,2026-04-30,3433
512890-159632-159952-518880,"红利低波(512890), 纳指(159632), 创业板(159952), 黄金(518880)",2.440510138425326,0.4101305889273965,1.2623081543920653,-0.24783683559950556,9.847245396439346,0.5196850393700787,127,2022-08-03,2026-04-30,3101
512910-159632-159915-159812,"红利低波(512910), 纳指(159632), 创业板(159915), 黄金(159812)",2.529974653833108,0.42023532004052133,1.2614971187683177,-0.2550410754294246,9.919871336698494,0.5213675213675214,117,2022-08-03,2026-04-30,3433
512890-159632-159952-159934,"红利低波(512890), 纳指(159632), 创业板(159952), 黄金(159934)",2.4379403128187316,0.40983754710811193,1.2602962989658248,-0.2478368355995056,9.836876374415729,0.52,125,2022-08-03,2026-04-30,3008
515080-159632-159948-518600,"红利低波(515080), 纳指(159632), 创业板(159948), 黄金(518600)",2.502487965692463,0.41715065661459616,1.2599832957896118,-0.2669098143236075,9.375780999414243,0.5483870967741935,124,2022-08-03,2026-04-30,2408
515080-159632-159808-159934,"红利低波(515080), 纳指(159632), 创业板(159808), 黄金(159934)",2.4231516231417163,0.4081480860125706,1.2572520528454831,-0.24729064039408888,9.798800388401753,0.5396825396825397,126,2022-08-03,2026-04-30,3008
515080-159632-159948-518880,"红利低波(515080), 纳指(159632), 创业板(159948), 黄金(518880)",2.4744583433523073,0.4139870144670328,1.2547990196959433,-0.26690981432360755,9.2707656690069,0.5416666666666666,120,2022-08-03,2026-04-30,3101
512890-513100-159952-159934,"红利低波(512890), 纳指(513100), 创业板(159952), 黄金(159934)",9.102853138789994,0.3915281799607737,1.2537105483083812,-0.24783683559950576,36.72921790165137,0.5564516129032258,248,2019-01-18,2026-04-30,3099
512910-159632-159977-518800,"红利低波(512910), 纳指(159632), 创业板(159977), 黄金(518800)",2.46569498673493,0.41299413417963526,1.2532098044759759,-0.25569800569800566,9.642996549793432,0.5409836065573771,122,2022-08-03,2026-04-30,3101
512910-159632-159808-518800,"红利低波(512910), 纳指(159632), 创业板(159808), 黄金(518800)",2.4145997848290333,0.4071687178132366,1.2515679535367208,-0.24729064039408877,9.764218253392302,0.55,120,2022-08-03,2026-04-30,3101
515080-159632-159808-518800,"红利低波(515080), 纳指(159632), 创业板(159808), 黄金(518800)",2.3880409764898323,0.4041158343035838,1.2511745505924936,-0.24729064039408896,9.656819088195924,0.5373134328358209,134,2022-08-03,2026-04-30,3101
512890-513100-159952-518800,"红利低波(512890), 纳指(513100), 创业板(159952), 黄金(518800)",8.980429572557396,0.38910669642888296,1.2502032300689334,-0.24783683559950564,36.23524949725152,0.5524193548387096,248,2019-01-18,2026-04-30,3101
512910-159632-159977-518600,"红利低波(512910), 纳指(159632), 创业板(159977), 黄金(518600)",2.4720910102143834,0.41371897616240694,1.2499175107314302,-0.25569800569800544,9.668010524626736,0.5350877192982456,114,2022-08-03,2026-04-30,1658
512890-159632-159915-518880,"红利低波(512890), 纳指(159632), 创业板(159915), 黄金(518880)",2.429819727162044,0.40891050165608633,1.2486152668712498,-0.25504107542942467,9.52717017472908,0.53125,128,2022-08-03,2026-04-30,3433
515080-159632-159808-518600,"红利低波(515080), 纳指(159632), 创业板(159808), 黄金(518600)",2.3911615177598744,0.4044754281373988,1.2480161894709763,-0.2472906403940888,9.669438010064825,0.546875,128,2022-08-03,2026-04-30,1535
515080-159632-159948-159934,"红利低波(515080), 纳指(159632), 创业板(159948), 黄金(159934)",2.4456220859164284,0.4107130440323674,1.2459475356470338,-0.26690981432360716,9.162728212576342,0.5409836065573771,122,2022-08-03,2026-04-30,3008
512890-159632-159977-518880,"红利低波(512890), 纳指(159632), 创业板(159977), 黄金(518880)",2.395485584815797,0.4049733149960728,1.2416308948806531,-0.25569800569800555,9.368417161786576,0.544,125,2022-08-03,2026-04-30,3101
512910-159632-159808-518880,"红利低波(512910), 纳指(159632), 创业板(159808), 黄金(518880)",2.382399901801342,0.4034651810096601,1.2396778980657597,-0.24729064039408885,9.634007571029324,0.5535714285714286,112,2022-08-03,2026-04-30,3101
515080-159632-159948-518800,"红利低波(515080), 纳指(159632), 创业板(159948), 黄金(518800)",2.4084150245617746,0.40645932678222607,1.239334658715609,-0.2669098143236075,9.02332883736436,0.5384615384615384,130,2022-08-03,2026-04-30,3101
512890-159632-159977-159934,"红利低波(512890), 纳指(159632), 创业板(159977), 黄金(159934)",2.390043303702669,0.4043465988352244,1.238811965633833,-0.25569800569800555,9.347133143171448,0.5447154471544715,123,2022-08-03,2026-04-30,3008
512890-159632-159915-159934,"红利低波(512890), 纳指(159632), 创业板(159915), 黄金(159934)",2.3981134642796356,0.405275673851488,1.2383796813105938,-0.25504107542942467,9.402851914115477,0.5317460317460317,126,2022-08-03,2026-04-30,3433
512910-159632-159808-159934,"红利低波(512910), 纳指(159632), 创业板(159808), 黄金(159934)",2.3767625077098353,0.4028141692243219,1.236776906618978,-0.24729064039408888,9.611210937551716,0.5535714285714286,112,2022-08-03,2026-04-30,3008
512890-513100-159952-518880,"红利低波(512890), 纳指(513100), 创业板(159952), 黄金(518880)",8.687844346359295,0.3832146919877337,1.2329748169879424,-0.2478368355995055,35.05469364690609,0.5443548387096774,248,2019-01-18,2026-04-30,3101
512910-159632-159808-518600,"红利低波(512910), 纳指(159632), 创业板(159808), 黄金(518600)",2.3603777894107414,0.40091758130247257,1.2323744837293173,-0.2472906403940888,9.544954008971718,0.543859649122807,114,2022-08-03,2026-04-30,1658
512890-513300-159952-518800,"红利低波(512890), 纳指(513300), 创业板(159952), 黄金(518800)",4.352755017395868,0.37418827283751344,1.2319344992439734,-0.24783683559950548,17.562986578918995,0.5255102040816326,197,2020-11-05,2026-04-30,3101
512890-513300-159952-159934,"红利低波(512890), 纳指(513300), 创业板(159952), 黄金(159934)",4.369200029981731,0.37498720870393676,1.2315952689814906,-0.2478368355995056,17.62934076935272,0.5309278350515464,195,2020-11-05,2026-04-30,3008
512910-159632-159808-159812,"红利低波(512910), 纳指(159632), 创业板(159808), 黄金(159812)",2.362896009362034,0.40120950748828244,1.2315223733519507,-0.24729064039408874,9.5551372490138,0.5299145299145299,117,2022-08-03,2026-04-30,1658
512890-159632-159977-518800,"红利低波(512890), 纳指(159632), 创业板(159977), 黄金(518800)",2.351600582538438,0.3998988421392815,1.2311072774798875,-0.25569800569800544,9.196788907754792,0.5413533834586466,133,2022-08-03,2026-04-30,3101
512890-159632-159952-518600,"红利低波(512890), 纳指(159632), 创业板(159952), 黄金(518600)",2.32259864151273,0.3965189346119484,1.2265673783813893,-0.24783683559950573,9.371482797924177,0.512,125,2022-08-03,2026-04-30,2162
512890-159632-159808-518800,"红利低波(512890), 纳指(159632), 创业板(159808), 黄金(518800)",2.2934346068022697,0.39309859264676383,1.2254164875773252,-0.24729064039408885,9.274247513562957,0.5419847328244275,131,2022-08-03,2026-04-30,3101
512910-159632-159977-159812,"红利低波(512910), 纳指(159632), 创业板(159977), 黄金(159812)",2.386662069539348,0.40395686056332125,1.225285938787912,-0.2556980056980055,9.333909597864197,0.5344827586206896,116,2022-08-03,2026-04-30,1658
512890-513300-159952-518880,"红利低波(512890), 纳指(513300), 创业板(159952), 黄金(518880)",4.3085920941625915,0.37203284976670226,1.2243833195311447,-0.24783683559950556,17.384793038291953,0.5255102040816326,197,2020-11-05,2026-04-30,3101
512890-159632-159952-159812,"红利低波(512890), 纳指(159632), 创业板(159952), 黄金(159812)",2.3124587293267895,0.39533219777419104,1.222612342528248,-0.24783683559950556,9.330569137283655,0.5196850393700787,127,2022-08-03,2026-04-30,2162
512890-513300-159977-159934,"红利低波(512890), 纳指(513300), 创业板(159977), 黄金(159934)",4.3333545597780505,0.3732431928244584,1.2224758609687851,-0.2556980056980056,16.94715822264174,0.544973544973545,190,2020-11-05,2026-04-30,3008
512910-159632-159948-518600,"红利低波(512910), 纳指(159632), 创业板(159948), 黄金(518600)",2.3975417433227926,0.4052099070862336,1.2221369897206753,-0.2669098143236074,8.982591177467755,0.5363636363636364,110,2022-08-03,2026-04-30,2408
512910-159632-159948-518800,"红利低波(512910), 纳指(159632), 创业板(159948), 黄金(518800)",2.378332985898835,0.40299560836947546,1.2217814644885014,-0.2669098143236074,8.910623957106692,0.5431034482758621,116,2022-08-03,2026-04-30,3101
512890-159632-159915-518600,"红利低波(512890), 纳指(159632), 创业板(159915), 黄金(518600)",2.3391251214138054,0.3984475405863772,1.2209938914574796,-0.2550410754294247,9.171562335499527,0.5234375,128,2022-08-03,2026-04-30,3433
512890-159941-159952-159812,"红利低波(512890), 纳指(159941), 创业板(159952), 黄金(159812)",5.301698017891558,0.38132154452045697,1.217276757692088,-0.24783683559950562,21.39188876047017,0.525,200,2020-05-29,2026-04-30,2624
512890-159632-159915-159812,"红利低波(512890), 纳指(159632), 创业板(159915), 黄金(159812)",2.3269144158534134,0.3970232433785117,1.2165468718396915,-0.2550410754294247,9.123684927753215,0.5307692307692308,130,2022-08-03,2026-04-30,3433
512890-513100-159948-159934,"红利低波(512890), 纳指(513100), 创业板(159948), 黄金(159934)",8.598511593737907,0.3813853375874734,1.2164383671696015,-0.2669098143236075,32.21504467914723,0.5555555555555556,243,2019-01-18,2026-04-30,3099
512890-513300-159977-518880,"红利低波(512890), 纳指(513300), 创业板(159977), 黄金(518880)",4.277671614361485,0.3705150732407092,1.2159166321006865,-0.2556980056980053,16.729389823296753,0.5392670157068062,192,2020-11-05,2026-04-30,3101
512890-159941-159948-159812,"红利低波(512890), 纳指(159941), 创业板(159948), 黄金(159812)",5.401209962354844,0.385124743206833,1.215785980499539,-0.26690981432360744,20.23608602044995,0.5320197044334976,203,2020-05-29,2026-04-30,2624
512890-513100-159948-518800,"红利低波(512890), 纳指(513100), 创业板(159948), 黄金(518800)",8.520220468769354,0.3797700545472755,1.2148589149104767,-0.26690981432360744,31.921720414668783,0.5555555555555556,243,2019-01-18,2026-04-30,3101
512910-159632-159948-159812,"红利低波(512910), 纳指(159632), 创业板(159948), 黄金(159812)",2.373658623457445,0.40245539468030733,1.2141144381496343,-0.2669098143236074,8.893111066270379,0.5304347826086957,115,2022-08-03,2026-04-30,2408
512890-159632-159948-518800,"红利低波(512890), 纳指(159632), 创业板(159948), 黄金(518800)",2.3120085687373844,0.39527945192886693,1.211372429285323,-0.2669098143236075,8.662133966847142,0.5426356589147286,129,2022-08-03,2026-04-30,3101
512890-159632-159808-518880,"红利低波(512890), 纳指(159632), 创业板(159808), 黄金(518880)",2.2521347154334372,0.3882173604188177,1.2105268215772733,-0.24729064039408877,9.107237992688995,0.536,125,2022-08-03,2026-04-30,3101
512890-513100-159948-518880,"红利低波(512890), 纳指(513100), 创业板(159948), 黄金(518880)",8.4513499975398,0.37833969524877675,1.2095551104405327,-0.26690981432360733,31.663691419354098,0.5551020408163265,245,2019-01-18,2026-04-30,3101
512910-159632-159948-518880,"红利低波(512910), 纳指(159632), 创业板(159948), 黄金(518880)",2.3401361870638464,0.3985653059910397,1.208292664135934,-0.2669098143236075,8.767516447434234,0.5462962962962963,108,2022-08-03,2026-04-30,3101
512890-513300-159952-159812,"红利低波(512890), 纳指(513300), 创业板(159952), 黄金(159812)",4.203615381531664,0.36685039663860564,1.207824961443384,-0.24783683559950567,16.961221165382117,0.5263157894736842,191,2020-11-05,2026-04-30,2162
512890-159632-159808-159934,"红利低波(512890), 纳指(159632), 创业板(159808), 黄金(159934)",2.24693717192537,0.387599898621263,1.2077841752508875,-0.24729064039408893,9.08622003786553,0.5365853658536586,123,2022-08-03,2026-04-30,3008
512890-513300-159952-518600,"红利低波(512890), 纳指(513300), 创业板(159952), 黄金(518600)",4.183937396989865,0.36586952563703345,1.206330461096797,-0.24783683559950573,16.88182221528578,0.526595744680851,189,2020-11-05,2026-04-30,2162
512890-513300-159948-518800,"红利低波(512890), 纳指(513300), 创业板(159948), 黄金(518800)",4.235845413966581,0.368450463044089,1.2053507970193287,-0.26690981432360716,15.869950023010214,0.5416666666666666,193,2020-11-05,2026-04-30,3101
512890-513300-159977-518800,"红利低波(512890), 纳指(513300), 创业板(159977), 黄金(518800)",4.187300103352588,0.3660373570197917,1.2050308405605163,-0.25569800569800566,16.37595917857113,0.533678756476684,194,2020-11-05,2026-04-30,3101
512910-159632-159948-159934,"红利低波(512910), 纳指(159632), 创业板(159948), 黄金(159934)",2.3272891442646277,0.39706700902148295,1.2035312536455236,-0.26690981432360733,8.71938392435046,0.5462962962962963,108,2022-08-03,2026-04-30,3008
512890-513300-159948-159934,"红利低波(512890), 纳指(513300), 创业板(159948), 黄金(159934)",4.234959756584788,0.3684066012203615,1.2029162108397142,-0.2669098143236072,15.866631833366123,0.5473684210526316,191,2020-11-05,2026-04-30,3008
512890-159941-159915-159812,"红利低波(512890), 纳指(159941), 创业板(159915), 黄金(159812)",5.228011514689143,0.3784733168612484,1.2025313517995604,-0.25504107542942467,20.498704006350717,0.5320197044334976,203,2020-05-29,2026-04-30,3433
512890-513100-159915-518800,"红利低波(512890), 纳指(513100), 创业板(159915), 黄金(518800)",8.171812679858563,0.3724407251488955,1.2014275367189369,-0.2550410754294247,32.04116304049963,0.5532786885245902,244,2019-01-18,2026-04-30,3433
512890-513100-159915-159934,"红利低波(512890), 纳指(513100), 创业板(159915), 黄金(159934)",8.20958771753513,0.37324680855637427,1.2008230256521042,-0.2550410754294247,32.189276585006,0.5532786885245902,244,2019-01-18,2026-04-30,3433
512890-513300-159948-159812,"红利低波(512890), 纳指(513300), 创业板(159948), 黄金(159812)",4.225961692521811,0.3679606344247106,1.199573699277203,-0.2669098143236074,15.832919831858117,0.5392670157068062,192,2020-11-05,2026-04-30,2408
512890-513300-159915-518800,"红利低波(512890), 纳指(513300), 创业板(159915), 黄金(518800)",4.1683520483186225,0.3650905126859989,1.1987472544521214,-0.2550410754294246,16.343845952265426,0.533678756476684,194,2020-11-05,2026-04-30,3433
512890-513300-159948-518880,"红利低波(512890), 纳指(513300), 创业板(159948), 黄金(518880)",4.191614633959151,0.3662525644759571,1.1977871768745212,-0.2669098143236074,15.704235696920252,0.5416666666666666,193,2020-11-05,2026-04-30,3101
512890-513300-159808-518800,"红利低波(512890), 纳指(513300), 创业板(159808), 黄金(518800)",4.075348724362098,0.3604018718651918,1.1976772096816095,-0.2472906403940888,16.479995837559873,0.5364583333333334,193,2020-11-05,2026-04-30,3101
默认组合,"红利低波(512890), 纳指(513100), 创业板(159915), 黄金(518880)",8.11842270210365,0.3712965667847732,1.1968327431852543,-0.25504107542942467,31.831824299024305,0.5528455284552846,246,2019-01-18,2026-04-30,3433
512890-513100-159915-518880,"红利低波(512890), 纳指(513100), 创业板(159915), 黄金(518880)",8.11842270210365,0.3712965667847732,1.1968327431852543,-0.25504107542942467,31.831824299024305,0.5528455284552846,246,2019-01-18,2026-04-30,3433
512890-513300-159808-159934,"红利低波(512890), 纳指(513300), 创业板(159808), 黄金(159934)",4.080444162045755,0.36066054724676677,1.1959806929325094,-0.24729064039408888,16.50060089432844,0.5421052631578948,191,2020-11-05,2026-04-30,3008
512890-159632-159948-518880,"红利低波(512890), 纳指(159632), 创业板(159948), 黄金(518880)",2.2642808031431474,0.3896575283387864,1.1948841126384757,-0.2669098143236074,8.483317891030724,0.5365853658536586,123,2022-08-03,2026-04-30,3101
512890-513300-159915-159934,"红利低波(512890), 纳指(513300), 创业板(159915), 黄金(159934)",4.146437993923834,0.3639919406753398,1.1933238982223395,-0.2550410754294246,16.25792232463842,0.5392670157068062,192,2020-11-05,2026-04-30,3433
512890-513300-159915-518880,"红利低波(512890), 纳指(513300), 创业板(159915), 黄金(518880)",4.131985552307272,0.3632653496974232,1.1921582896300593,-0.2550410754294249,16.20125521095004,0.533678756476684,194,2020-11-05,2026-04-30,3433
512890-159632-159948-159934,"红利低波(512890), 纳指(159632), 创业板(159948), 黄金(159934)",2.2519486034903373,0.3881952628497056,1.1902354215547597,-0.2669098143236073,8.437114270965045,0.5371900826446281,121,2022-08-03,2026-04-30,3008
512890-513300-159808-518880,"红利低波(512890), 纳指(513300), 创业板(159808), 黄金(518880)",4.027378543827279,0.35795623800011733,1.1892893083095017,-0.24729064039408877,16.286012836592377,0.5364583333333334,193,2020-11-05,2026-04-30,3101
512890-513300-159948-518600,"红利低波(512890), 纳指(513300), 创业板(159948), 黄金(518600)",4.102961915769818,0.36180117350977414,1.1844906273906255,-0.2669098143236074,15.372090854610898,0.543010752688172,187,2020-11-05,2026-04-30,2408
512890-513100-159952-159812,"红利低波(512890), 纳指(513100), 创业板(159952), 黄金(159812)",4.952842367437857,0.36758528149584824,1.1842546842113033,-0.24783683559950556,19.98428665963704,0.54,200,2020-05-29,2026-04-30,3099
515080-513300-159977-159934,"红利低波(515080), 纳指(513300), 创业板(159977), 黄金(159934)",4.011282979039898,0.3571314097597573,1.1838137061187857,-0.2556980056980055,15.68758023000563,0.5469613259668509,181,2020-11-05,2026-04-30,3008
512890-513300-159977-159812,"红利低波(512890), 纳指(513300), 创业板(159977), 黄金(159812)",4.0574943717999945,0.3594938122328888,1.1832410830884945,-0.2556980056980056,15.868306679685778,0.5347593582887701,188,2020-11-05,2026-04-30,1764
512890-159632-159808-159812,"红利低波(512890), 纳指(159632), 创业板(159808), 黄金(159812)",2.1650868192600266,0.37778073623180997,1.1821165773651705,-0.2472906403940889,8.755231559955876,0.5234375,128,2022-08-03,2026-04-30,1764
512890-159632-159977-518600,"红利低波(512890), 纳指(159632), 创业板(159977), 黄金(518600)",2.198757073246229,0.3818419201581902,1.1818269218751927,-0.25569800569800555,8.599038804561859,0.528,125,2022-08-03,2026-04-30,1764
512890-513300-159915-159812,"红利低波(512890), 纳指(513300), 创业板(159915), 黄金(159812)",4.068202499778763,0.3600387312281299,1.1810286249356925,-0.2550410754294247,15.951165877609862,0.5343915343915344,190,2020-11-05,2026-04-30,3433
512890-159632-159948-159812,"红利低波(512890), 纳指(159632), 创业板(159948), 黄金(159812)",2.2274021666832047,0.3852727637229427,1.1809801568591465,-0.2669098143236073,8.345148987225526,0.53125,128,2022-08-03,2026-04-30,2408
512890-513300-159808-159812,"红利低波(512890), 纳指(513300), 创业板(159808), 黄金(159812)",3.9814627372326887,0.3555975598234309,1.1809618243543714,-0.24729064039408888,16.100337363709862,0.5291005291005291,190,2020-11-05,2026-04-30,1764
515080-159941-159948-159812,"红利低波(515080), 纳指(159941), 创业板(159948), 黄金(159812)",4.985373005448362,0.36889383791654407,1.1801789861078489,-0.2669098143236072,18.678117993083568,0.5402843601895735,211,2020-05-29,2026-04-30,2624
512890-513300-159977-518600,"红利低波(512890), 纳指(513300), 创业板(159977), 黄金(518600)",4.027442166906647,0.3579594941586768,1.1801608984357195,-0.2556980056980055,15.750776608180884,0.5351351351351351,186,2020-11-05,2026-04-30,1764
512890-159632-159977-159812,"红利低波(512890), 纳指(159632), 创业板(159977), 黄金(159812)",2.195926157148671,0.3815016567740439,1.18009898807319,-0.25569800569800555,8.587967478096758,0.5354330708661418,127,2022-08-03,2026-04-30,1764
512890-513300-159915-518600,"红利低波(512890), 纳指(513300), 创业板(159915), 黄金(518600)",4.052102755023429,0.3592190876932351,1.1799044981797278,-0.2550410754294245,15.888039792024543,0.5347593582887701,188,2020-11-05,2026-04-30,3433
515080-159941-159952-159812,"红利低波(515080), 纳指(159941), 创业板(159952), 黄金(159812)",4.851328064456845,0.3634635688370482,1.179294491434034,-0.24783683559950564,19.574685307459283,0.5305164319248826,213,2020-05-29,2026-04-30,2624
515080-513300-159977-518880,"红利低波(515080), 纳指(513300), 创业板(159977), 黄金(518880)",3.9748512310494837,0.35525647930001303,1.1792490148270676,-0.25569800569800544,15.54510063619354,0.5418994413407822,179,2020-11-05,2026-04-30,3101
512890-159941-159977-159812,"红利低波(512890), 纳指(159941), 创业板(159977), 黄金(159812)",4.913468095009206,0.36599352701977383,1.1738811798319952,-0.2556980056980057,19.215903079088925,0.5226130653266332,199,2020-05-29,2026-04-30,2624
515080-513300-159952-159812,"红利低波(515080), 纳指(513300), 创业板(159952), 黄金(159812)",3.90892890584771,0.35183536534496307,1.1718920601767038,-0.24783683559950573,15.772186956762072,0.521505376344086,186,2020-11-05,2026-04-30,2162
515080-513100-159952-159812,"红利低波(515080), 纳指(513100), 创业板(159952), 黄金(159812)",4.779134472476337,0.3604963206088967,1.170671253136512,-0.24783683559950576,19.28339046500426,0.5263157894736842,209,2020-05-29,2026-04-30,3099
515080-513300-159977-159812,"红利低波(515080), 纳指(513300), 创业板(159977), 黄金(159812)",3.927092852987159,0.3527817025371309,1.169867022608944,-0.2556980056980056,15.358324138144773,0.5277777777777778,180,2020-11-05,2026-04-30,1595
515080-513300-159948-159812,"红利低波(515080), 纳指(513300), 创业板(159948), 黄金(159812)",3.9699498925281036,0.3550033872728484,1.1696142683746897,-0.26690981432360744,14.873750156353738,0.5297297297297298,185,2020-11-05,2026-04-30,2408
515080-513300-159952-159934,"红利低波(515080), 纳指(513300), 创业板(159952), 黄金(159934)",3.87759398224268,0.35019613131287186,1.1690715361487427,-0.24783683559950542,15.64575327498419,0.5343915343915344,189,2020-11-05,2026-04-30,3008
512890-159632-159948-518600,"红利低波(512890), 纳指(159632), 创业板(159948), 黄金(518600)",2.173087433721987,0.37874855565943966,1.166142383376438,-0.2669098143236074,8.141654285845359,0.5284552845528455,123,2022-08-03,2026-04-30,2408
515080-513300-159952-518800,"红利低波(515080), 纳指(513300), 创业板(159952), 黄金(518800)",3.8278290592394857,0.3475751340939002,1.164175079729359,-0.24783683559950567,15.444956154238117,0.5235602094240838,191,2020-11-05,2026-04-30,3101
515080-513300-159952-518880,"红利低波(515080), 纳指(513300), 创业板(159952), 黄金(518880)",3.8397947336456264,0.34820732958902334,1.164101757032009,-0.2478368355995058,15.49323660608134,0.5294117647058824,187,2020-11-05,2026-04-30,3101
515080-513300-159977-518800,"红利低波(515080), 纳指(513300), 创业板(159977), 黄金(518800)",3.8378475433101267,0.3481045379314953,1.1609742523988853,-0.2556980056980055,15.009297913112597,0.5297297297297298,185,2020-11-05,2026-04-30,3101
512890-513300-159808-518600,"红利低波(512890), 纳指(513300), 创业板(159808), 黄金(518600)",3.826407557203499,0.34749994595786604,1.1602035692882078,-0.24729064039408877,15.473321396659562,0.5376344086021505,187,2020-11-05,2026-04-30,1764
512890-159632-159808-518600,"红利低波(512890), 纳指(159632), 创业板(159808), 黄金(518600)",2.0876323419223732,0.36831865448115253,1.1594773644226821,-0.24729064039408888,8.44201923127971,0.528,125,2022-08-03,2026-04-30,1764
515080-159941-159915-159812,"红利低波(515080), 纳指(159941), 创业板(159915), 黄金(159812)",4.735573828618142,0.35869110698612205,1.156649844462686,-0.2550410754294247,18.567886841931763,0.5348837209302325,215,2020-05-29,2026-04-30,3433
515080-159941-159977-159812,"红利低波(515080), 纳指(159941), 创业板(159977), 黄金(159812)",4.653536960766289,0.35526047029176433,1.1517834937412141,-0.2556980056980057,18.199347891130554,0.5339805825242718,206,2020-05-29,2026-04-30,2624
515080-513300-159952-518600,"红利低波(515080), 纳指(513300), 创业板(159952), 黄金(518600)",3.76134970499219,0.3440394467207386,1.1515172494308104,-0.24783683559950542,15.176717762287698,0.518918918918919,185,2020-11-05,2026-04-30,2162
512890-513100-159948-159812,"红利低波(512890), 纳指(513100), 创业板(159948), 黄金(159812)",4.708729766809554,0.35757301449761436,1.1486815901772962,-0.2669098143236074,17.641650902729957,0.5445544554455446,202,2020-05-29,2026-04-30,3099
515080-513300-159948-159934,"红利低波(515080), 纳指(513300), 创业板(159948), 黄金(159934)",3.8016695416113224,0.3461885842504784,1.1476468564568765,-0.2669098143236072,14.243273711179823,0.546448087431694,183,2020-11-05,2026-04-30,3008
515080-513300-159977-518600,"红利低波(515080), 纳指(513300), 创业板(159977), 黄金(518600)",3.7503411262794453,0.3434501020003109,1.1453884991141172,-0.25569800569800555,14.667072259878395,0.5251396648044693,179,2020-11-05,2026-04-30,1595
512890-159941-159952-518600,"红利低波(512890), 纳指(159941), 创业板(159952), 黄金(518600)",4.264180657906206,0.3513680248865798,1.1453218758635137,-0.24783683559950553,17.205596769307334,0.5204081632653061,196,2020-08-05,2026-04-30,2624
515080-513300-159948-518800,"红利低波(515080), 纳指(513300), 创业板(159948), 黄金(518800)",3.7668124975193766,0.3443314876367156,1.1447588223382728,-0.2669098143236073,14.112678872693722,0.5351351351351351,185,2020-11-05,2026-04-30,3101
515080-513300-159948-518880,"红利低波(515080), 纳指(513300), 创业板(159948), 黄金(518880)",3.7771692854689016,0.3448844177184547,1.1445061148118578,-0.2669098143236075,14.151481447172925,0.5414364640883977,181,2020-11-05,2026-04-30,3101
515080-513100-159977-159812,"红利低波(515080), 纳指(513100), 创业板(159977), 黄金(159812)",4.577900938036617,0.3520609445684535,1.1421318978395076,-0.2556980056980055,17.903545729814528,0.525,200,2020-05-29,2026-04-30,3099
512910-513300-159952-159934,"红利低波(512910), 纳指(513300), 创业板(159952), 黄金(159934)",3.709845020713976,0.3412725704028987,1.141075158183826,-0.24783683559950573,14.968900856646407,0.4913294797687861,173,2020-11-05,2026-04-30,3008
512890-513100-159915-159812,"红利低波(512890), 纳指(513100), 创业板(159915), 黄金(159812)",4.602999279755687,0.3531265892986297,1.1390085729764712,-0.2550410754294247,18.048070382409573,0.545,200,2020-05-29,2026-04-30,3433
512910-513300-159952-518800,"红利低波(512910), 纳指(513300), 创业板(159952), 黄金(518800)",3.6791230889997806,0.33961046364226544,1.1388934411917746,-0.24783683559950562,14.844940543644997,0.48,175,2020-11-05,2026-04-30,3101
515080-513100-159948-159812,"红利低波(515080), 纳指(513100), 创业板(159948), 黄金(159812)",4.591467076235351,0.3526374359050988,1.1384282115882447,-0.26690981432360733,17.202316399907854,0.5314009661835749,207,2020-05-29,2026-04-30,3099
512910-513300-159977-159934,"红利低波(512910), 纳指(513300), 创业板(159977), 黄金(159934)",3.7153185271618314,0.34156777323145326,1.1381298133174889,-0.25569800569800555,14.530103654972741,0.509090909090909,165,2020-11-05,2026-04-30,3008
512890-513100-159977-159812,"红利低波(512890), 纳指(513100), 创业板(159977), 黄金(159812)",4.559233735507122,0.35126579138370184,1.137329900976237,-0.25569800569800544,17.830540848612827,0.5357142857142857,196,2020-05-29,2026-04-30,3099
512910-513300-159952-518880,"红利低波(512910), 纳指(513300), 创业板(159952), 黄金(518880)",3.677234186089211,0.33950798257048054,1.137042054413157,-0.24783683559950567,14.837318985267682,0.48554913294797686,173,2020-11-05,2026-04-30,3101
512890-159941-159977-159934,"红利低波(512890), 纳指(159941), 创业板(159977), 黄金(159934)",5.866667485094601,0.35581559408317287,1.1367767818262742,-0.2556980056980055,22.943735791289207,0.537117903930131,229,2019-09-27,2026-04-30,3008
512910-513300-159977-518880,"红利低波(512910), 纳指(513300), 创业板(159977), 黄金(518880)",3.6866839729550884,0.340020338536579,1.1347347261487843,-0.2556980056980058,14.418117821807636,0.503030303030303,165,2020-11-05,2026-04-30,3101
512910-159941-159952-159812,"红利低波(512910), 纳指(159941), 创业板(159952), 黄金(159812)",4.469678482105295,0.3474201738453684,1.1342300996325416,-0.2478368355995056,18.03476255373159,0.4896907216494845,194,2020-05-29,2026-04-30,2624
轮动A,"红利低波(515080), 纳指(513300), 创业板(159948), 黄金(518600)",3.706851440322958,0.34111099987344895,1.1331955337408073,-0.26690981432360744,13.888029744116821,0.5303867403314917,181,2020-11-05,2026-04-30,2408
512890-159941-159977-518880,"红利低波(512890), 纳指(159941), 创业板(159977), 黄金(518880)",5.807246474193156,0.3539551258551741,1.1327496609415524,-0.2556980056980055,22.711348328042334,0.5330396475770925,227,2019-09-27,2026-04-30,3101
512890-159941-159915-518600,"红利低波(512890), 纳指(159941), 创业板(159915), 黄金(518600)",4.189935736509704,0.3478925269838258,1.1288106976731576,-0.25504107542942456,16.428474234806743,0.5276381909547738,199,2020-08-05,2026-04-30,3433
512910-513300-159952-159812,"红利低波(512910), 纳指(513300), 创业板(159952), 黄金(159812)",3.6349171057354717,0.33720325828751485,1.1281320416239575,-0.2478368355995056,14.666573259551104,0.47337278106508873,169,2020-11-05,2026-04-30,2162
515080-513300-159915-159812,"红利低波(515080), 纳指(513300), 创业板(159915), 黄金(159812)",3.6677417034380912,0.33899246627942103,1.127283137400477,-0.2550410754294247,14.380984307184798,0.5271739130434783,184,2020-11-05,2026-04-30,3433
515080-513300-159808-159812,"红利低波(515080), 纳指(513300), 创业板(159808), 黄金(159812)",3.5880205030814984,0.33462910842977966,1.1255756155324392,-0.24729064039408902,14.50932593875584,0.5135135135135135,185,2020-11-05,2026-04-30,1535
512890-159941-159977-518800,"红利低波(512890), 纳指(159941), 创业板(159977), 黄金(518800)",5.701373392268868,0.35060608909727464,1.1251749055344193,-0.25569800569800555,22.29729315527993,0.5330396475770925,227,2019-09-27,2026-04-30,3101
515080-513100-159915-159812,"红利低波(515080), 纳指(513100), 创业板(159915), 黄金(159812)",4.450857409244722,0.3466053782856544,1.1241514030395254,-0.25504107542942467,17.45153168661402,0.5336538461538461,208,2020-05-29,2026-04-30,3433
512890-513100-159952-518600,"红利低波(512890), 纳指(513100), 创业板(159952), 黄金(518600)",4.056202243708563,0.34152826076126797,1.120635885874042,-0.24783683559950564,16.366422020749262,0.5287958115183246,191,2020-08-05,2026-04-30,3099
512910-513300-159977-518800,"红利低波(512910), 纳指(513300), 创业板(159977), 黄金(518800)",3.570271737559942,0.33364931567706324,1.1182222027326447,-0.2556980056980056,13.962845458312424,0.4911242603550296,169,2020-11-05,2026-04-30,3101
515080-513300-159915-518880,"红利低波(515080), 纳指(513300), 创业板(159915), 黄金(518880)",3.5732050794324657,0.33381145870147266,1.1150626706801554,-0.2550410754294246,14.010312156252057,0.5355191256830601,183,2020-11-05,2026-04-30,3433
515080-513300-159808-159934,"红利低波(515080), 纳指(513300), 创业板(159808), 黄金(159934)",3.512978648045399,0.33046535040534386,1.114967887118107,-0.24729064039408882,14.205869831737362,0.5351351351351351,185,2020-11-05,2026-04-30,3008
512910-159941-159977-159812,"红利低波(512910), 纳指(159941), 创业板(159977), 黄金(159812)",4.3303819857296455,0.34133413712220095,1.114688321447418,-0.2556980056980056,16.935532891265808,0.48947368421052634,190,2020-05-29,2026-04-30,2624
512890-159941-159948-518600,"红利低波(512890), 纳指(159941), 创业板(159948), 黄金(518600)",4.090234727277393,0.34316079158184287,1.1143349764806176,-0.26690981432360733,15.324407375737417,0.5306122448979592,196,2020-08-05,2026-04-30,2624
515080-513300-159915-518800,"红利低波(515080), 纳指(513300), 创业板(159915), 黄金(518800)",3.5568046494041843,0.33290382629086657,1.1142661896401818,-0.25504107542942483,13.946007102641888,0.5294117647058824,187,2020-11-05,2026-04-30,3433
515080-513300-159915-159934,"红利低波(515080), 纳指(513300), 创业板(159915), 黄金(159934)",3.5714369449935486,0.33371373362732903,1.1142440493170245,-0.2550410754294245,14.003379412434466,0.5405405405405406,185,2020-11-05,2026-04-30,3433
512910-513100-159952-159812,"红利低波(512910), 纳指(513100), 创业板(159952), 黄金(159812)",4.294615623468872,0.3397503233456649,1.1140625369989794,-0.2478368355995057,17.328399198934243,0.5052631578947369,190,2020-05-29,2026-04-30,3099
515080-513300-159808-518800,"红利低波(515080), 纳指(513300), 创业板(159808), 黄金(518800)",3.4749667946497773,0.3283347809046788,1.1111883199246742,-0.24729064039408877,14.052156560037938,0.5240641711229946,187,2020-11-05,2026-04-30,3101
515080-513300-159808-518880,"红利低波(515080), 纳指(513300), 创业板(159808), 黄金(518880)",3.48014888210347,0.3286260991224741,1.1102823368469912,-0.24729064039408893,14.073112013286925,0.5300546448087432,183,2020-11-05,2026-04-30,3101
512910-513300-159977-159812,"红利低波(512910), 纳指(513300), 创业板(159977), 黄金(159812)",3.540312409844879,0.33198843902566,1.1096790542867845,-0.25569800569800544,13.845678616774974,0.48466257668711654,163,2020-11-05,2026-04-30,1658
515080-513300-159915-518600,"红利低波(515080), 纳指(513300), 创业板(159915), 黄金(518600)",3.50967163793307,0.3302805709332779,1.1043749110295706,-0.25504107542942456,13.761201532042131,0.5271739130434783,184,2020-11-05,2026-04-30,3433
512910-159941-159948-159812,"红利低波(512910), 纳指(159941), 创业板(159948), 黄金(159812)",4.280749150181821,0.33913391153471184,1.1030507596758246,-0.2669098143236074,16.038185635960712,0.49238578680203043,197,2020-05-29,2026-04-30,2624
512910-513300-159808-159934,"红利低波(512910), 纳指(513300), 创业板(159808), 黄金(159934)",3.429541222690194,0.32576934620678055,1.101974993601149,-0.24729064039408868,13.868463510081858,0.49700598802395207,167,2020-11-05,2026-04-30,3008
512910-513300-159808-518800,"红利低波(512910), 纳指(513300), 创业板(159808), 黄金(518800)",3.409740393711952,0.32464440538030215,1.1011308843122913,-0.24729064039408885,13.788392428755493,0.48520710059171596,169,2020-11-05,2026-04-30,3101
512910-513300-159915-518800,"红利低波(512910), 纳指(513300), 创业板(159915), 黄金(518800)",3.4794979623257802,0.32858952176951695,1.1003984806246367,-0.2550410754294246,13.642892449646341,0.47904191616766467,167,2020-11-05,2026-04-30,3433
515080-159941-159952-518880,"红利低波(515080), 纳指(159941), 创业板(159952), 黄金(518880)",4.978430526839608,0.34119472865819755,1.0993498299776907,-0.24783683559950556,20.087532649442608,0.5263157894736842,228,2019-12-27,2026-04-30,3101
512910-513300-159915-518880,"红利低波(512910), 纳指(513300), 创业板(159915), 黄金(518880)",3.479817159886669,0.3286074590831687,1.0989472960524456,-0.2550410754294249,13.644144003186678,0.48484848484848486,165,2020-11-05,2026-04-30,3433
512910-513300-159808-518880,"红利低波(512910), 纳指(513300), 创业板(159808), 黄金(518880)",3.402621793476448,0.324238977046994,1.098463517907372,-0.24729064039408882,13.759606057285229,0.49101796407185627,167,2020-11-05,2026-04-30,3101
512910-513300-159808-159812,"红利低波(512910), 纳指(513300), 创业板(159808), 黄金(159812)",3.410153451112671,0.3246679141070956,1.0977704594893,-0.24729064039408902,13.790062760475523,0.46987951807228917,166,2020-11-05,2026-04-30,1658
512910-513300-159915-159934,"红利低波(512910), 纳指(513300), 创业板(159915), 黄金(159934)",3.472622086923619,0.32820288005904485,1.0969734269097777,-0.25504107542942456,13.615932575082672,0.4909090909090909,165,2020-11-05,2026-04-30,3433
512910-513300-159952-518600,"红利低波(512910), 纳指(513300), 创业板(159952), 黄金(518600)",3.4207695907171827,0.3252715090168279,1.0965267468433004,-0.2478368355995057,13.802506727631917,0.4727272727272727,165,2020-11-05,2026-04-30,2162
512890-159941-159977-518600,"红利低波(512890), 纳指(159941), 创业板(159977), 黄金(518600)",3.9117904814015487,0.33449914749145937,1.096227770481976,-0.2556980056980056,15.298478651497984,0.517948717948718,195,2020-08-05,2026-04-30,2624
512910-513300-159915-159812,"红利低波(512910), 纳指(513300), 创业板(159915), 黄金(159812)",3.4748355916942097,0.3283274016006159,1.0957740537213287,-0.25504107542942483,13.624611587931328,0.4723926380368098,163,2020-11-05,2026-04-30,3433
515080-513100-159952-518600,"红利低波(515080), 纳指(513100), 创业板(159952), 黄金(518600)",3.827648019664098,0.33032520871852533,1.0930274957660746,-0.24783683559950567,15.444225675352886,0.52,200,2020-08-05,2026-04-30,3099
512910-513300-159948-159812,"红利低波(512910), 纳指(513300), 创业板(159948), 黄金(159812)",3.4577575338910673,0.3273653725904402,1.091999025149865,-0.2669098143236075,12.95477853691361,0.47904191616766467,167,2020-11-05,2026-04-30,2408
515080-159941-159948-518880,"红利低波(515080), 纳指(159941), 创业板(159948), 黄金(518880)",5.037699590990751,0.34336859424692,1.0909001424413705,-0.2669098143236075,18.874163933451058,0.5377777777777778,225,2019-12-27,2026-04-30,3101
512910-159941-159952-518880,"红利低波(512910), 纳指(159941), 创业板(159952), 黄金(518880)",5.576790121811568,0.3314664615330909,1.0904772635789148,-0.24783683559950573,22.50186138925464,0.510548523206751,237,2019-07-01,2026-04-30,3101
515080-159941-159952-518600,"红利低波(515080), 纳指(159941), 创业板(159952), 黄金(518600)",3.7828810516763554,0.3280801878997657,1.0885786184184694,-0.24783683559950556,15.263594866863698,0.5288461538461539,208,2020-08-05,2026-04-30,2624
515080-513100-159952-518800,"红利低波(515080), 纳指(513100), 创业板(159952), 黄金(518800)",4.830032830615969,0.33567173063454403,1.086943677162877,-0.24783683559950567,19.488760897597594,0.5201793721973094,223,2019-12-27,2026-04-30,3101
515080-513100-159952-159934,"红利低波(515080), 纳指(513100), 创业板(159952), 黄金(159934)",4.849902845122405,0.33641800984151105,1.0866179366399864,-0.24783683559950573,19.568934671840513,0.5291479820627802,223,2019-12-27,2026-04-30,3099
515080-159941-159977-518880,"红利低波(515080), 纳指(159941), 创业板(159977), 黄金(518880)",4.899375874915597,0.3382669574144759,1.0858527361237031,-0.2556980056980056,19.160790329753482,0.536036036036036,222,2019-12-27,2026-04-30,3101
512910-159941-159915-159812,"红利低波(512910), 纳指(159941), 创业板(159915), 黄金(159812)",4.118052006581304,0.3317999228733164,1.0856143531211153,-0.2550410754294247,16.146622655380295,0.484375,192,2020-05-29,2026-04-30,3433
512910-513100-159977-159812,"红利低波(512910), 纳指(513100), 创业板(159977), 黄金(159812)",4.0887370002852865,0.3304580905300829,1.0855045199166171,-0.25569800569800555,15.990492335377564,0.5027322404371585,183,2020-05-29,2026-04-30,3099
515080-159941-159952-159934,"红利低波(515080), 纳指(159941), 创业板(159952), 黄金(159934)",4.821847193561433,0.33536367556824964,1.0846024781761623,-0.24783683559950564,19.45573256653964,0.5254237288135594,236,2019-12-27,2026-04-30,3008
512910-513300-159948-159934,"红利低波(512910), 纳指(513300), 创业板(159948), 黄金(159934)",3.3976819639023885,0.32395732466950733,1.0845361137178766,-0.2669098143236074,12.729700376558515,0.5,166,2020-11-05,2026-04-30,3008
512910-513300-159948-518800,"红利低波(512910), 纳指(513300), 创业板(159948), 黄金(518800)",3.3831603272147026,0.3231278624884921,1.084408702811113,-0.26690981432360733,12.675293847055338,0.4880952380952381,168,2020-11-05,2026-04-30,3101
515080-513300-159808-518600,"红利低波(515080), 纳指(513300), 创业板(159808), 黄金(518600)",3.3083635710759403,0.3188199160007068,1.0826953244929018,-0.2472906403940888,13.378442329251305,0.5217391304347826,184,2020-11-05,2026-04-30,1535
512910-513300-159948-518880,"红利低波(512910), 纳指(513300), 创业板(159948), 黄金(518880)",3.3805197776079465,0.3229767975269391,1.08252394253737,-0.26690981432360733,12.665400806541081,0.4939759036144578,166,2020-11-05,2026-04-30,3101
512890-513100-159977-159934,"红利低波(512890), 纳指(513100), 创业板(159977), 黄金(159934)",5.159619748965148,0.3327373421667861,1.0823291826750054,-0.25569800569800555,20.178568600409672,0.536697247706422,218,2019-09-27,2026-04-30,3099
515080-159941-159952-518800,"红利低波(515080), 纳指(159941), 创业板(159952), 黄金(518800)",4.758366503667801,0.3329622985947729,1.0805699936956665,-0.24783683559950556,19.199593523527437,0.5150214592274678,233,2019-12-27,2026-04-30,3101
512910-513300-159977-518600,"红利低波(512910), 纳指(513300), 创业板(159977), 黄金(518600)",3.330256677065715,0.32008709182689765,1.0780540396817846,-0.25569800569800555,13.024179316435283,0.48427672955974843,159,2020-11-05,2026-04-30,1658
515080-159941-159915-518880,"红利低波(515080), 纳指(159941), 创业板(159915), 黄金(518880)",4.801465122765915,0.33459504873832313,1.0766591195024082,-0.2550410754294246,18.826242457931386,0.5350877192982456,228,2019-12-27,2026-04-30,3433
512910-159941-159977-518880,"红利低波(512910), 纳指(159941), 创业板(159977), 黄金(518880)",5.096435344485458,0.330568021465381,1.076278121013031,-0.25569800569800555,19.931463018544815,0.4976958525345622,217,2019-09-27,2026-04-30,3101
515080-513100-159977-159934,"红利低波(515080), 纳指(513100), 创业板(159977), 黄金(159934)",4.787781782668044,0.33407777003867234,1.0749118665338449,-0.2556980056980056,18.72436106647893,0.5283018867924528,212,2019-12-27,2026-04-30,3099
515080-513100-159952-518880,"红利低波(515080), 纳指(513100), 创业板(159952), 黄金(518880)",4.7260405647707495,0.33173094419209614,1.0747018215233504,-0.24783683559950567,19.069161181543812,0.5159817351598174,219,2019-12-27,2026-04-30,3101
512890-513100-159977-518880,"红利低波(512890), 纳指(513100), 创业板(159977), 黄金(518880)",5.05897702187888,0.3292730043650751,1.0737849229294223,-0.25569800569800544,19.784968631526336,0.5318181818181819,220,2019-09-27,2026-04-30,3101
515080-159941-159915-518600,"红利低波(515080), 纳指(159941), 创业板(159915), 黄金(518600)",3.720115460974001,0.32490340553610575,1.0725399312275545,-0.2550410754294247,14.586338513160152,0.5333333333333333,210,2020-08-05,2026-04-30,3433
512910-159941-159952-159934,"红利低波(512910), 纳指(159941), 创业板(159952), 黄金(159934)",5.361734705750651,0.3247554950081011,1.072433593729586,-0.24783683559950567,21.634131555871694,0.51440329218107,243,2019-07-01,2026-04-30,3008
512890-513100-159915-518600,"红利低波(512890), 纳指(513100), 创业板(159915), 黄金(518600)",3.7474456019851257,0.3262909030817822,1.072430561952947,-0.2550410754294246,14.693498275426325,0.5340314136125655,191,2020-08-05,2026-04-30,3433
512890-513100-159977-518800,"红利低波(512890), 纳指(513100), 创业板(159977), 黄金(518800)",5.026575727544366,0.32814737096899504,1.0719870306069217,-0.2556980056980055,19.658251591844834,0.5318181818181819,220,2019-09-27,2026-04-30,3101
512910-159941-159952-518800,"红利低波(512910), 纳指(159941), 创业板(159952), 黄金(518800)",5.327970983341555,0.3236844544491493,1.071886993513663,-0.24783683559950564,21.49789788290931,0.5020746887966805,241,2019-07-01,2026-04-30,3101
512890-513100-159948-518600,"红利低波(512890), 纳指(513100), 创业板(159948), 黄金(518600)",3.7414584763182406,0.3259875089167219,1.0697827669675497,-0.2669098143236073,14.017687906305367,0.5368421052631579,190,2020-08-05,2026-04-30,3099
515080-513100-159977-518880,"红利低波(515080), 纳指(513100), 创业板(159977), 黄金(518880)",4.725555575396308,0.3317124258616788,1.0692819954316577,-0.2556980056980058,18.481002863109786,0.5238095238095238,210,2019-12-27,2026-04-30,3101
512890-513100-159977-518600,"红利低波(512890), 纳指(513100), 创业板(159977), 黄金(518600)",3.695040753213277,0.32362461428774325,1.0679412522610214,-0.25569800569800544,14.450800048778403,0.5240641711229946,187,2020-08-05,2026-04-30,3099
515080-159941-159977-159934,"红利低波(515080), 纳指(159941), 创业板(159977), 黄金(159934)",4.686187040346589,0.33020482743630586,1.0651714816622824,-0.25569800569800566,18.327037895951563,0.5307017543859649,228,2019-12-27,2026-04-30,3008
512910-513300-159915-518600,"红利低波(512910), 纳指(513300), 创业板(159915), 黄金(518600)",3.2655061287901184,0.3163241370454861,1.0639515677340428,-0.2550410754294248,12.803843942752478,0.4716981132075472,159,2020-11-05,2026-04-30,3433
515080-159941-159948-518600,"红利低波(515080), 纳指(159941), 创业板(159948), 黄金(518600)",3.6530843624127014,0.32147230957364825,1.0619630021953794,-0.26690981432360755,13.686586878306462,0.5365853658536586,205,2020-08-05,2026-04-30,2624
515080-159941-159948-159934,"红利低波(515080), 纳指(159941), 创业板(159948), 黄金(159934)",4.727967405055906,0.3318045037114232,1.0614529152382786,-0.26690981432360733,17.71372632751381,0.5281385281385281,231,2019-12-27,2026-04-30,3008
515080-513100-159977-518600,"红利低波(515080), 纳指(513100), 创业板(159977), 黄金(518600)",3.628923543159817,0.3202256738260889,1.0613889144371318,-0.25569800569800555,14.192224664613889,0.5129533678756477,193,2020-08-05,2026-04-30,3099
515080-513100-159977-518800,"红利低波(515080), 纳指(513100), 创业板(159977), 黄金(518800)",4.625825202427743,0.3278762698253306,1.0605257414713392,-0.2556980056980054,18.090970986653367,0.5186915887850467,214,2019-12-27,2026-04-30,3101
515080-159941-159948-518800,"红利低波(515080), 纳指(159941), 创业板(159948), 黄金(518800)",4.68670676405528,0.3302247867442929,1.0594865615475904,-0.2669098143236074,17.559139876261774,0.5219298245614035,228,2019-12-27,2026-04-30,3101
515080-159941-159977-518600,"红利低波(515080), 纳指(159941), 创业板(159977), 黄金(518600)",3.5908360129026846,0.3182495944996091,1.0580082186067539,-0.2556980056980055,14.0432695323548,0.5270935960591133,203,2020-08-05,2026-04-30,2624
512910-159941-159948-518880,"红利低波(512910), 纳指(159941), 创业板(159948), 黄金(518880)",5.310650938895326,0.32313315244037555,1.0570781833477771,-0.26690981432360744,19.896799045600375,0.5146443514644351,239,2019-07-01,2026-04-30,3101
512910-513100-159952-159934,"红利低波(512910), 纳指(513100), 创业板(159952), 黄金(159934)",5.147037357412108,0.31786097841332484,1.0562410776259237,-0.24783683559950564,20.767846494495732,0.5324675324675324,231,2019-07-01,2026-04-30,3099
515080-513100-159948-518880,"红利低波(515080), 纳指(513100), 创业板(159948), 黄金(518880)",4.652005981046988,0.3288887884950509,1.0562243876051451,-0.26690981432360744,17.429130483028217,0.5280373831775701,214,2019-12-27,2026-04-30,3101
515080-513100-159948-518800,"红利低波(515080), 纳指(513100), 创业板(159948), 黄金(518800)",4.6272525974422,0.32793157447767984,1.0553186171590465,-0.2669098143236074,17.336389855758604,0.5231481481481481,216,2019-12-27,2026-04-30,3101
512910-159941-159977-159934,"红利低波(512910), 纳指(159941), 创业板(159977), 黄金(159934)",4.858040079480664,0.32220883874757456,1.0540773019793617,-0.25569800569800566,18.999131675740536,0.497737556561086,221,2019-09-27,2026-04-30,3008
515080-513100-159948-159934,"红利低波(515080), 纳指(513100), 创业板(159948), 黄金(159934)",4.625385217894871,0.3278592201881634,1.0530170528126728,-0.2669098143236074,17.32939356170302,0.5277777777777778,216,2019-12-27,2026-04-30,3099
515080-513100-159915-518600,"红利低波(515080), 纳指(513100), 创业板(159915), 黄金(518600)",3.5843549446153657,0.3179120046924906,1.052066140835498,-0.2550410754294248,14.054030075666114,0.5276381909547738,199,2020-08-05,2026-04-30,3433
512910-513300-159808-518600,"红利低波(512910), 纳指(513300), 创业板(159808), 黄金(518600)",3.116471903263223,0.30748388634794543,1.0509192527890923,-0.24729064039408868,12.602466062996697,0.4782608695652174,161,2020-11-05,2026-04-30,1658
512910-159941-159915-518880,"红利低波(512910), 纳指(159941), 创业板(159915), 黄金(518880)",5.146110565288524,0.31783077681966354,1.0502097238905397,-0.25504107542942467,20.17757554003321,0.5064377682403434,233,2019-07-01,2026-04-30,3433
512910-513100-159952-518800,"红利低波(512910), 纳指(513100), 创业板(159952), 黄金(518800)",5.042548456567271,0.314431392056014,1.0492199187096207,-0.24783683559950564,20.34624289956569,0.5238095238095238,231,2019-07-01,2026-04-30,3101
512890-513100-159808-518800,"红利低波(512890), 纳指(513100), 创业板(159808), 黄金(518800)",3.3778850272570766,0.3125856252010486,1.048244979891353,-0.24729064039408882,13.659574911019645,0.5469613259668509,181,2020-09-04,2026-04-30,3101
512910-513300-159948-518600,"红利低波(512910), 纳指(513300), 创业板(159948), 黄金(518600)",3.1735647154752673,0.31090064208511703,1.0479862445959238,-0.26690981432360716,11.890026312886231,0.48125,160,2020-11-05,2026-04-30,2408
515080-513100-159948-518600,"红利低波(515080), 纳指(513100), 创业板(159948), 黄金(518600)",3.563341981744559,0.31681477490168963,1.047637586901591,-0.2669098143236073,13.35035952415105,0.5228426395939086,197,2020-08-05,2026-04-30,3099
512910-513100-159915-159812,"红利低波(512910), 纳指(513100), 创业板(159915), 黄金(159812)",3.805526860328561,0.3171553541501706,1.046854632422079,-0.25504107542942483,14.92123123273776,0.5027027027027027,185,2020-05-29,2026-04-30,3433
515080-159941-159977-518800,"红利低波(515080), 纳指(159941), 创业板(159977), 黄金(518800)",4.488742686391638,0.32250950991561833,1.0467795607628787,-0.25569800569800544,17.55485997686314,0.5198237885462555,227,2019-12-27,2026-04-30,3101
512910-513100-159977-159934,"红利低波(512910), 纳指(513100), 创业板(159977), 黄金(159934)",4.748530231921814,0.31827256946469085,1.0466050505435105,-0.25569800569800566,18.570853608964423,0.5124378109452736,201,2019-09-27,2026-04-30,3099
515080-159941-159915-518800,"红利低波(515080), 纳指(159941), 创业板(159915), 黄金(518800)",4.456439133520169,0.3212285394415706,1.044081978676622,-0.2550410754294247,17.473417276086415,0.5194805194805194,231,2019-12-27,2026-04-30,3433
515080-159941-159915-159934,"红利低波(515080), 纳指(159941), 创业板(159915), 黄金(159934)",4.473651500528669,0.32191186801143146,1.0436380958688176,-0.25504107542942467,17.54090588347846,0.5256410256410257,234,2019-12-27,2026-04-30,3433
512910-513100-159948-159812,"红利低波(512910), 纳指(513100), 创业板(159948), 黄金(159812)",3.770906566745567,0.31548516196276477,1.0413284080885565,-0.2669098143236074,14.128017646341158,0.5052083333333334,192,2020-05-29,2026-04-30,3099
512890-513100-159808-159934,"红利低波(512890), 纳指(513100), 创业板(159808), 黄金(159934)",3.335698724836373,0.3102464494170236,1.0399150707436966,-0.2472906403940886,13.488980899238722,0.5469613259668509,181,2020-09-04,2026-04-30,3099
512910-513100-159977-518880,"红利低波(512910), 纳指(513100), 创业板(159977), 黄金(518880)",4.665777895126374,0.31525598161132407,1.0392473837184553,-0.2556980056980056,18.247220514644656,0.5074626865671642,201,2019-09-27,2026-04-30,3101
512890-159941-159808-518800,"红利低波(512890), 纳指(159941), 创业板(159808), 黄金(518800)",3.3319420579493375,0.31003724802647037,1.038877297947699,-0.2472906403940889,13.47378959688675,0.5300546448087432,183,2020-09-04,2026-04-30,3101
515080-513100-159915-518880,"红利低波(515080), 纳指(513100), 创业板(159915), 黄金(518880)",4.435379572065411,0.32039002274539263,1.0386723245203002,-0.25504107542942456,17.39084406148051,0.5324074074074074,216,2019-12-27,2026-04-30,3433
512890-513100-159808-518880,"红利低波(512890), 纳指(513100), 创业板(159808), 黄金(518880)",3.318536559679032,0.3092895137602403,1.03778966088398,-0.24729064039408868,13.419580111849472,0.546448087431694,183,2020-09-04,2026-04-30,3101
512910-159941-159977-518800,"红利低波(512910), 纳指(159941), 创业板(159977), 黄金(518800)",4.6676851726231945,0.3153259243988693,1.0375267499243035,-0.25569800569800544,18.25467961660995,0.4841628959276018,221,2019-09-27,2026-04-30,3101
515080-513100-159915-518800,"红利低波(515080), 纳指(513100), 创业板(159915), 黄金(518800)",4.403883416826193,0.31913087629902015,1.0369220344329009,-0.2550410754294247,17.267349619707986,0.5275229357798165,218,2019-12-27,2026-04-30,3433
512890-159941-159808-518880,"红利低波(512890), 纳指(159941), 创业板(159808), 黄金(518880)",3.3188862729226702,0.3093090441660349,1.0356715107345138,-0.2472906403940888,13.420994290902424,0.5297297297297298,185,2020-09-04,2026-04-30,3101
512910-513100-159952-518880,"红利低波(512910), 纳指(513100), 创业板(159952), 黄金(518880)",4.9103027656684715,0.31001790832220366,1.0355751871438013,-0.24783683559950573,19.812643079430377,0.519650655021834,229,2019-07-01,2026-04-30,3101
512890-159941-159808-159934,"红利低波(512890), 纳指(159941), 创业板(159808), 黄金(159934)",3.3117512916871394,0.30891032186597145,1.0339763440854228,-0.24729064039408882,13.39214167753962,0.5294117647058824,187,2020-09-04,2026-04-30,3008
512910-513100-159977-518800,"红利低波(512910), 纳指(513100), 创业板(159977), 黄金(518800)",4.591927318356603,0.3125324003651291,1.0330233520017644,-0.2556980056980055,17.95840098878183,0.5024630541871922,203,2019-09-27,2026-04-30,3101
515080-513100-159915-159934,"红利低波(515080), 纳指(513100), 创业板(159915), 黄金(159934)",4.380095104060438,0.31817579991538847,1.0322033491637082,-0.2550410754294248,17.174077143007118,0.5321100917431193,218,2019-12-27,2026-04-30,3433
512910-513100-159952-518600,"红利低波(512910), 纳指(513100), 创业板(159952), 黄金(518600)",3.386406075284728,0.30740787945144565,1.0316342884947434,-0.2478368355995056,13.663852942171294,0.49714285714285716,175,2020-08-05,2026-04-30,3099
512910-159941-159952-518600,"红利低波(512910), 纳指(159941), 创业板(159952), 黄金(518600)",3.372237843179658,0.3066412620962351,1.0299548350197263,-0.2478368355995057,13.606685362256068,0.48066298342541436,181,2020-08-05,2026-04-30,2624
512910-159941-159948-518800,"红利低波(512910), 纳指(159941), 创业板(159948), 黄金(518800)",4.936845304820772,0.31091039247821817,1.0263598814631694,-0.26690981432360755,18.496304893589368,0.5020746887966805,241,2019-07-01,2026-04-30,3101
512910-159941-159948-159934,"红利低波(512910), 纳指(159941), 创业板(159948), 黄金(159934)",4.944685596410718,0.3111733723145298,1.0249365500771832,-0.2669098143236075,18.52567920344686,0.5102880658436214,243,2019-07-01,2026-04-30,3008
512890-513100-159808-518600,"红利低波(512890), 纳指(513100), 创业板(159808), 黄金(518600)",3.2369610813012617,0.30469811471499786,1.0248305712326067,-0.2472906403940887,13.089703177373625,0.5469613259668509,181,2020-09-04,2026-04-30,3099
512910-159941-159915-518800,"红利低波(512910), 纳指(159941), 创业板(159915), 黄金(518800)",4.77815630880056,0.3055232786164348,1.0188364608719467,-0.25504107542942467,18.73485006583882,0.49361702127659574,235,2019-07-01,2026-04-30,3433
512910-159941-159915-159934,"红利低波(512910), 纳指(159941), 创业板(159915), 黄金(159934)",4.7578300604150465,0.3048242140770685,1.0146647739204084,-0.25504107542942483,18.65515212560981,0.5021097046413502,237,2019-07-01,2026-04-30,3433
512890-513100-159808-159812,"红利低波(512890), 纳指(513100), 创业板(159808), 黄金(159812)",3.1705912322790164,0.3009090384383615,1.013219015227817,-0.24729064039408885,12.821315142482865,0.543010752688172,186,2020-09-04,2026-04-30,3099
512890-159941-159808-159812,"红利低波(512890), 纳指(159941), 创业板(159808), 黄金(159812)",3.1141955706828215,0.2976505366716815,1.0020052647418423,-0.24729064039408902,12.593260973079918,0.5161290322580645,186,2020-09-04,2026-04-30,2624
512910-159941-159977-518600,"红利低波(512910), 纳指(159941), 创业板(159977), 黄金(518600)",3.1779056560706698,0.29591546391261203,0.9967630640931961,-0.25569800569800566,12.428355267752705,0.480225988700565,177,2020-08-05,2026-04-30,2624
512890-159941-159808-518600,"红利低波(512890), 纳指(159941), 创业板(159808), 黄金(518600)",3.041334590000819,0.29338629306919595,0.9911241137064478,-0.2472906403940888,12.29862393964474,0.5268817204301075,186,2020-09-04,2026-04-30,2624
512910-159941-159915-518600,"红利低波(512910), 纳指(159941), 创业板(159915), 黄金(518600)",3.1584949891630103,0.29482183053840383,0.9903222570722685,-0.2550410754294249,12.384260001432713,0.47752808988764045,178,2020-08-05,2026-04-30,3433
512910-513100-159977-518600,"红利低波(512910), 纳指(513100), 创业板(159977), 黄金(518600)",3.133735829641478,0.293420771340535,0.989059308117742,-0.2556980056980054,12.255613105338831,0.49404761904761907,168,2020-08-05,2026-04-30,3099
512910-513100-159948-159934,"红利低波(512910), 纳指(513100), 创业板(159948), 黄金(159934)",4.493348574298145,0.29553189183130635,0.9872438203624003,-0.26690981432360744,16.834707205072306,0.5263157894736842,228,2019-07-01,2026-04-30,3099
512910-513100-159915-159934,"红利低波(512910), 纳指(513100), 创业板(159915), 黄金(159934)",4.408764471343796,0.29248000192926304,0.9826850502513083,-0.25504107542942467,17.286487927172324,0.5225225225225225,222,2019-07-01,2026-04-30,3433
512910-513100-159948-518800,"红利低波(512910), 纳指(513100), 创业板(159948), 黄金(518800)",4.421623617158469,0.2929465716213908,0.9822195856907675,-0.2669098143236074,16.56598363894403,0.5219298245614035,228,2019-07-01,2026-04-30,3101
512910-513100-159948-518880,"红利低波(512910), 纳指(513100), 创业板(159948), 黄金(518880)",4.423602768267342,0.29301829801117574,0.98117251684129,-0.26690981432360744,16.573398694527086,0.5263157894736842,228,2019-07-01,2026-04-30,3101
515080-159941-159808-518880,"红利低波(515080), 纳指(159941), 创业板(159808), 黄金(518880)",2.9348378207831423,0.2870392330326712,0.9804642111354931,-0.24729064039408896,11.867969673684804,0.5343915343915344,189,2020-09-04,2026-04-30,3101
512910-513100-159915-518800,"红利低波(512910), 纳指(513100), 创业板(159915), 黄金(518800)",4.364063101848815,0.2908507449785971,0.9803736365617797,-0.2550410754294247,17.11121667167077,0.5180180180180181,222,2019-07-01,2026-04-30,3433
512910-159941-159948-518600,"红利低波(512910), 纳指(159941), 创业板(159948), 黄金(518600)",3.0968868458656615,0.29132280346326045,0.980326086509788,-0.2669098143236072,11.602746244883035,0.48314606741573035,178,2020-08-05,2026-04-30,2624
512910-513100-159915-518880,"红利低波(512910), 纳指(513100), 创业板(159915), 黄金(518880)",4.369638443709243,0.2910545797883999,0.9796801873363588,-0.2550410754294247,17.133077236095698,0.5225225225225225,222,2019-07-01,2026-04-30,3433
512910-159941-159808-518880,"红利低波(512910), 纳指(159941), 创业板(159808), 黄金(518880)",2.886902013097533,0.28413649302657107,0.9758948607776264,-0.24729064039408907,11.67412567049399,0.5059523809523809,168,2020-09-04,2026-04-30,3101
512910-513100-159915-518600,"红利低波(512910), 纳指(513100), 创业板(159915), 黄金(518600)",3.0467363834391756,0.2884425644550901,0.9725149547847498,-0.2550410754294249,11.946061544436477,0.4970414201183432,169,2020-08-05,2026-04-30,3433
515080-159941-159808-159812,"红利低波(515080), 纳指(159941), 创业板(159808), 黄金(159812)",2.8791101896558122,0.2836619052566496,0.969720432746217,-0.24729064039408874,11.642616902393023,0.5128205128205128,195,2020-09-04,2026-04-30,2624
512910-159941-159808-159812,"红利低波(512910), 纳指(159941), 创业板(159808), 黄金(159812)",2.7887833489212324,0.2781026858352189,0.9573099072302144,-0.24729064039408882,11.277350992649598,0.4827586206896552,174,2020-09-04,2026-04-30,2624
512910-513100-159948-518600,"红利低波(512910), 纳指(513100), 创业板(159948), 黄金(518600)",2.940593457113269,0.28224886889174927,0.9545656142955535,-0.26690981432360755,11.017179958575918,0.49707602339181284,171,2020-08-05,2026-04-30,3099
515080-159941-159808-159934,"红利低波(515080), 纳指(159941), 创业板(159808), 黄金(159934)",2.751680834295715,0.2757878224430106,0.9491232794465425,-0.24729064039408868,11.127314927530481,0.5230769230769231,195,2020-09-04,2026-04-30,3008
515080-159941-159808-518800,"红利低波(515080), 纳指(159941), 创业板(159808), 黄金(518800)",2.72922778388861,0.2743778679254709,0.9467497193672213,-0.2472906403940888,11.036518727677043,0.515625,192,2020-09-04,2026-04-30,3101
512910-159941-159808-159934,"红利低波(512910), 纳指(159941), 创业板(159808), 黄金(159934)",2.6945702863941445,0.27218787136166167,0.941963292633492,-0.24729064039408877,10.896369883227313,0.5,172,2020-09-04,2026-04-30,3008
512910-159941-159808-518800,"红利低波(512910), 纳指(159941), 创业板(159808), 黄金(518800)",2.6809389015297147,0.27132191440531894,0.9412236058738218,-0.24729064039408888,10.841246952401029,0.48823529411764705,170,2020-09-04,2026-04-30,3101
515080-159941-159808-518600,"红利低波(515080), 纳指(159941), 创业板(159808), 黄金(518600)",2.701019898944555,0.2725966859254405,0.9391130570816488,-0.247290640394089,10.92245098577179,0.5228426395939086,197,2020-09-04,2026-04-30,2624
512910-159941-159808-518600,"红利低波(512910), 纳指(159941), 创业板(159808), 黄金(518600)",2.5337582330303525,0.26180137292827665,0.9114014896085839,-0.24729064039408877,10.246074129584887,0.4911242603550296,169,2020-09-04,2026-04-30,2624
515080-513100-159808-518800,"红利低波(515080), 纳指(513100), 创业板(159808), 黄金(518800)",2.526281690880569,0.26130916964363826,0.9095490408759869,-0.2472906403940889,10.21584030376006,0.5157894736842106,190,2020-09-04,2026-04-30,3101
515080-513100-159808-518880,"红利低波(515080), 纳指(513100), 创业板(159808), 黄金(518880)",2.5212103020736114,0.26097482003771044,0.907335613899599,-0.24729064039408882,10.195332496433123,0.5212765957446809,188,2020-09-04,2026-04-30,3101
515080-513100-159808-159934,"红利低波(515080), 纳指(513100), 创业板(159808), 黄金(159934)",2.515235104671219,0.2605803791213319,0.9058523171528288,-0.24729064039408868,10.171169845582817,0.5210526315789473,190,2020-09-04,2026-04-30,3099
515080-513100-159808-159812,"红利低波(515080), 纳指(513100), 创业板(159808), 黄金(159812)",2.5051660414563215,0.2599144505002089,0.9032552260058363,-0.24729064039408882,10.130452319036513,0.5126903553299492,197,2020-09-04,2026-04-30,3099
515080-513100-159808-518600,"红利低波(515080), 纳指(513100), 创业板(159808), 黄金(518600)",2.4763695894973883,0.2580013136284611,0.8986617564974976,-0.2472906403940887,10.014004515298202,0.517948717948718,195,2020-09-04,2026-04-30,3099
512910-513100-159808-518800,"红利低波(512910), 纳指(513100), 创业板(159808), 黄金(518800)",2.4503962561808965,0.25626461363867925,0.8970207613119634,-0.24729064039408888,9.908972908460589,0.5,168,2020-09-04,2026-04-30,3101
512910-513100-159808-159934,"红利低波(512910), 纳指(513100), 创业板(159808), 黄金(159934)",2.4369699560742335,0.2553626825771682,0.8927202726978013,-0.24729064039408874,9.85467930444361,0.5059523809523809,168,2020-09-04,2026-04-30,3099
512910-513100-159808-518880,"红利低波(512910), 纳指(513100), 创业板(159808), 黄金(518880)",2.430129866327457,0.25490208404230685,0.8919466889641415,-0.24729064039408893,9.827019180567195,0.5059523809523809,168,2020-09-04,2026-04-30,3101
512910-513100-159808-159812,"红利低波(512910), 纳指(513100), 创业板(159808), 黄金(159812)",2.3856145356980947,0.2518860631222468,0.8820813655290473,-0.24729064039408888,9.64700698698631,0.4942528735632184,174,2020-09-04,2026-04-30,3099
512910-513100-159808-518600,"红利低波(512910), 纳指(513100), 创业板(159808), 黄金(518600)",2.3288720683231356,0.2479943656459922,0.8718343382336933,-0.24729064039408877,9.417550395808693,0.5029940119760479,167,2020-09-04,2026-04-30,3099
