日期,159952,518800,159941,512890
2019-01-18,0.723,2.96,0.37,0.499
2019-01-21,0.733,2.952,0.374,0.502
2019-01-22,0.734,2.941,0.374,0.502
2019-01-23,0.723,2.953,0.363,0.501
2019-01-24,0.722,2.953,0.368,0.502
2019-01-25,0.731,2.95,0.369,0.503
2019-01-28,0.734,2.968,0.373,0.507
2019-01-29,0.726,2.979,0.366,0.505
2019-01-30,0.716,2.987,0.365,0.507
2019-01-31,0.71,2.995,0.388,0.508
2019-02-01,0.71,2.989,0.377,0.51
2019-02-11,0.738,3.006,0.38,0.513
2019-02-12,0.759,2.998,0.381,0.519
2019-02-13,0.768,3.003,0.385,0.521
2019-02-14,0.782,2.999,0.385,0.527
2019-02-15,0.782,2.997,0.384,0.526
2019-02-18,0.788,3.029,0.384,0.517
2019-02-19,0.82,3.033,0.387,0.526
2019-02-20,0.813,3.057,0.388,0.527
2019-02-21,0.811,3.054,0.386,0.527
2019-02-22,0.812,3.018,0.384,0.523
2019-02-25,0.869,3.013,0.387,0.528
2019-02-26,0.901,3.006,0.388,0.549
2019-02-27,0.887,3.006,0.383,0.544
2019-02-28,0.876,2.998,0.385,0.544
2019-03-01,0.894,2.983,0.385,0.543
2019-03-04,0.916,2.949,0.389,0.55
2019-03-05,0.936,2.924,0.388,0.557
2019-03-06,0.98,2.922,0.386,0.562
2019-03-07,0.985,2.936,0.385,0.568
2019-03-08,0.95,2.924,0.381,0.564
2019-03-11,0.964,2.953,0.378,0.544
2019-03-12,1.01,2.958,0.385,0.549
2019-03-13,1.025,2.961,0.395,0.557
2019-03-14,0.965,2.972,0.392,0.555
2019-03-15,0.962,2.959,0.392,0.549
2019-03-18,0.963,2.957,0.395,0.558
2019-03-19,0.985,2.963,0.399,0.576
2019-03-20,0.983,2.967,0.399,0.574
2019-03-21,0.972,2.98,0.399,0.566
2019-03-22,0.981,2.984,0.405,0.577
2019-03-25,0.961,2.999,0.4,0.577
2019-03-26,0.97,3.006,0.398,0.575
2019-03-27,0.944,3.004,0.4,0.568
2019-03-28,0.94,3.001,0.398,0.573
2019-03-29,0.943,2.969,0.403,0.569
2019-04-01,0.985,2.935,0.401,0.6
2019-04-02,1.02,2.939,0.409,0.596
2019-04-03,1.009,2.943,0.411,0.594
2019-04-04,1.024,2.943,0.409,0.603
2019-04-08,1.031,2.947,0.411,0.612
2019-04-09,1.001,2.965,0.412,0.609
2019-04-10,0.998,2.965,0.41,0.609
2019-04-11,0.998,2.98,0.411,0.616
2019-04-12,0.977,2.959,0.413,0.609
2019-04-15,0.993,2.941,0.413,0.611
2019-04-16,0.96,2.934,0.415,0.605
2019-04-17,0.98,2.918,0.414,0.615
2019-04-18,0.991,2.91,0.412,0.608
2019-04-19,0.987,2.906,0.414,0.608
2019-04-22,0.995,2.91,0.416,0.61
2019-04-23,0.978,2.917,0.416,0.598
2019-04-24,0.977,2.901,0.421,0.59
2019-04-25,0.994,2.9,0.424,0.593
2019-04-26,0.969,2.92,0.425,0.577
2019-04-29,0.96,2.924,0.432,0.57
2019-04-30,0.934,2.918,0.435,0.572
2019-05-06,0.903,2.945,0.432,0.55
2019-05-07,0.87,2.94,0.423,0.555
2019-05-08,0.856,2.942,0.419,0.55
2019-05-09,0.855,2.946,0.418,0.55
2019-05-10,0.86,2.953,0.417,0.547
2019-05-13,0.873,2.966,0.418,0.55
2019-05-14,0.861,3.019,0.408,0.551
2019-05-15,0.87,3.011,0.408,0.546
2019-05-16,0.88,2.997,0.414,0.553
2019-05-17,0.888,2.995,0.418,0.56
2019-05-20,0.853,2.987,0.417,0.548
2019-05-21,0.853,2.985,0.411,0.543
2019-05-22,0.862,2.982,0.412,0.55
2019-05-23,0.858,2.987,0.413,0.543
2019-05-24,0.84,3.004,0.405,0.537
2019-05-27,0.838,3.017,0.403,0.544
2019-05-28,0.865,3.007,0.405,0.551
2019-05-29,0.862,2.998,0.4,0.55
2019-05-30,0.863,3.001,0.398,0.549
2019-05-31,0.861,3.026,0.398,0.55
2019-06-03,0.862,3.065,0.395,0.552
2019-06-04,0.852,3.097,0.388,0.552
2019-06-05,0.853,3.103,0.393,0.552
2019-06-06,0.84,3.113,0.396,0.55
2019-06-10,0.826,3.118,0.404,0.551
2019-06-11,0.831,3.106,0.411,0.554
2019-06-12,0.859,3.095,0.413,0.56
2019-06-13,0.853,3.126,0.409,0.556
2019-06-14,0.857,3.142,0.413,0.556
2019-06-17,0.841,3.256,0.413,0.551
2019-06-18,0.838,3.147,0.416,0.552
2019-06-19,0.867,3.142,0.427,0.558
2019-06-20,0.853,3.213,0.423,0.558
2019-06-21,0.91,3.252,0.426,0.57
2019-06-24,0.889,3.274,0.425,0.568
2019-06-25,0.878,3.306,0.424,0.566
2019-06-26,0.865,3.305,0.416,0.563
2019-06-27,0.876,3.276,0.42,0.562
2019-06-28,0.885,3.289,0.421,0.565
2019-07-01,0.899,3.21,0.424,0.563
2019-07-02,0.912,3.208,0.432,0.574
2019-07-03,0.908,3.33,0.428,0.572
2019-07-04,0.896,3.307,0.431,0.579
2019-07-05,0.89,3.286,0.431,0.576
2019-07-08,0.897,3.266,0.432,0.578
2019-07-09,0.876,3.243,0.428,0.567
2019-07-10,0.885,3.244,0.428,0.566
2019-07-11,0.883,3.303,0.431,0.567
2019-07-12,0.88,3.289,0.434,0.564
2019-07-15,0.879,3.277,0.433,0.564
2019-07-16,0.897,3.284,0.439,0.568
2019-07-17,0.898,3.275,0.436,0.567
2019-07-18,0.897,3.308,0.433,0.567
2019-07-19,0.891,3.346,0.437,0.571
2019-07-22,0.899,3.322,0.434,0.57
2019-07-23,0.883,3.3,0.434,0.569
2019-07-24,0.891,3.301,0.438,0.571
2019-07-25,0.9,3.308,0.446,0.571
2019-07-26,0.907,3.306,0.438,0.573
2019-07-29,0.905,3.307,0.446,0.574
2019-07-30,0.909,3.31,0.44,0.576
2019-07-31,0.914,3.318,0.439,0.576
2019-08-01,0.907,3.298,0.435,0.574
2019-08-02,0.897,3.346,0.434,0.567
2019-08-05,0.9,3.413,0.429,0.561
2019-08-06,0.877,3.661,0.418,0.552
2019-08-07,0.881,3.514,0.424,0.551
2019-08-08,0.875,3.576,0.425,0.547
2019-08-09,0.888,3.575,0.436,0.551
2019-08-12,0.877,3.584,0.435,0.545
2019-08-13,0.886,3.623,0.438,0.549
2019-08-14,0.896,3.548,0.433,0.552
2019-08-15,0.874,3.613,0.43,0.547
2019-08-16,0.904,3.615,0.431,0.549
2019-08-19,0.92,3.577,0.433,0.551
2019-08-20,0.942,3.569,0.436,0.559
2019-08-21,0.933,3.577,0.435,0.559
2019-08-22,0.935,3.569,0.439,0.558
2019-08-23,0.936,3.578,0.439,0.559
2019-08-26,0.918,3.714,0.425,0.558
2019-08-27,0.932,3.688,0.431,0.559
2019-08-28,0.944,3.727,0.431,0.564
2019-08-29,0.944,3.715,0.437,0.568
2019-08-30,0.944,3.714,0.437,0.56
2019-09-02,0.934,3.692,0.44,0.557
2019-09-03,0.959,3.691,0.436,0.561
2019-09-04,0.96,3.744,0.433,0.56
2019-09-05,0.976,3.729,0.445,0.565
2019-09-06,0.986,3.652,0.45,0.57
2019-09-09,0.987,3.61,0.454,0.576
2019-09-10,1.004,3.596,0.447,0.574
2019-09-11,1.005,3.574,0.444,0.571
2019-09-12,0.992,3.575,0.45,0.573
2019-09-16,0.992,3.595,0.445,0.576
2019-09-17,0.992,3.584,0.443,0.575
2019-09-18,0.974,3.576,0.443,0.57
2019-09-19,0.976,3.582,0.446,0.571
2019-09-20,0.989,3.585,0.445,0.572
2019-09-23,0.983,3.609,0.445,0.57
2019-09-24,0.976,3.641,0.444,0.567
2019-09-25,0.976,3.661,0.439,0.568
2019-09-26,0.972,3.618,0.44,0.564
2019-09-27,0.941,3.613,0.439,0.56
2019-09-30,0.956,3.583,0.439,0.568
2019-10-08,0.946,3.579,0.436,0.56
2019-10-09,0.933,3.612,0.431,0.562
2019-10-10,0.944,3.627,0.433,0.569
2019-10-11,0.968,3.584,0.435,0.572
2019-10-14,0.976,3.55,0.441,0.577
2019-10-15,0.973,3.536,0.442,0.583
2019-10-16,0.965,3.53,0.448,0.58
2019-10-17,0.961,3.537,0.446,0.579
2019-10-18,0.965,3.549,0.447,0.579
2019-10-21,0.958,3.546,0.446,0.569
2019-10-22,0.956,3.53,0.446,0.571
2019-10-23,0.969,3.537,0.443,0.574
2019-10-24,0.958,3.544,0.444,0.571
2019-10-25,0.96,3.565,0.445,0.572
2019-10-28,0.985,3.575,0.448,0.576
2019-10-29,0.991,3.548,0.453,0.575
2019-10-30,0.979,3.535,0.453,0.572
2019-10-31,0.979,3.538,0.454,0.571
2019-11-01,0.972,3.569,0.453,0.565
2019-11-04,0.98,3.568,0.472,0.576
2019-11-05,0.988,3.559,0.46,0.575
2019-11-06,0.996,3.498,0.458,0.579
2019-11-07,0.987,3.5,0.457,0.577
2019-11-08,1.001,3.435,0.456,0.579
2019-11-11,0.987,3.428,0.458,0.573
2019-11-12,0.971,3.423,0.456,0.567
2019-11-13,0.971,3.423,0.458,0.564
2019-11-14,0.974,3.439,0.462,0.564
2019-11-15,0.98,3.446,0.462,0.561
2019-11-18,0.967,3.442,0.463,0.559
2019-11-19,0.976,3.46,0.467,0.569
2019-11-20,1.003,3.465,0.468,0.573
2019-11-21,0.994,3.475,0.467,0.569
2019-11-22,0.995,3.455,0.463,0.571
2019-11-25,0.976,3.447,0.466,0.573
2019-11-26,0.968,3.426,0.471,0.578
2019-11-27,0.97,3.438,0.472,0.576
2019-11-28,0.971,3.434,0.478,0.576
2019-11-29,0.968,3.432,0.486,0.573
2019-12-02,0.965,3.439,0.489,0.574
2019-12-03,0.961,3.447,0.494,0.573
2019-12-04,0.965,3.496,0.467,0.575
2019-12-05,0.973,3.495,0.47,0.576
2019-12-06,0.99,3.492,0.469,0.576
2019-12-09,1.001,3.46,0.472,0.579
2019-12-10,0.994,3.447,0.47,0.579
2019-12-11,1.002,3.454,0.469,0.581
2019-12-12,0.994,3.473,0.47,0.581
2019-12-13,1.005,3.477,0.474,0.582
2019-12-16,1.02,3.449,0.475,0.585
2019-12-17,1.032,3.468,0.48,0.585
2019-12-18,1.041,3.464,0.482,0.589
2019-12-19,1.041,3.466,0.478,0.594
2019-12-20,1.036,3.465,0.48,0.595
2019-12-23,1.028,3.473,0.483,0.593
2019-12-24,1.007,3.498,0.486,0.588
2019-12-25,1.026,3.523,0.487,0.588
2019-12-26,1.033,3.525,0.484,0.589
2019-12-27,1.04,3.535,0.49,0.594
2019-12-30,1.02,3.548,0.491,0.596
2019-12-31,1.034,3.553,0.489,0.603
2020-01-02,1.051,3.552,0.495,0.603
2020-01-03,1.062,3.566,0.496,0.614
2020-01-06,1.058,3.676,0.493,0.614
2020-01-07,1.079,3.653,0.494,0.612
2020-01-08,1.093,3.73,0.49,0.612
2020-01-09,1.091,3.64,0.495,0.614
2020-01-10,1.111,3.591,0.499,0.613
2020-01-13,1.101,3.607,0.503,0.607
2020-01-14,1.126,3.566,0.506,0.612
2020-01-15,1.112,3.571,0.503,0.612
2020-01-16,1.113,3.59,0.502,0.608
2020-01-17,1.117,3.584,0.505,0.605
2020-01-20,1.117,3.585,0.512,0.603
2020-01-21,1.149,3.599,0.511,0.604
2020-01-22,1.132,3.611,0.504,0.592
2020-01-23,1.142,3.605,0.505,0.588
2020-02-03,1.002,3.693,0.483,0.565
2020-02-04,1.03,3.699,0.499,0.529
2020-02-05,1.096,3.651,0.519,0.542
2020-02-06,1.122,3.646,0.523,0.547
2020-02-07,1.149,3.656,0.53,0.56
2020-02-10,1.158,3.672,0.54,0.55
2020-02-11,1.176,3.664,0.56,0.557
2020-02-12,1.167,3.651,0.569,0.561
2020-02-13,1.21,3.652,0.588,0.564
2020-02-14,1.187,3.679,0.598,0.563
2020-02-17,1.2,3.69,0.567,0.565
2020-02-18,1.256,3.698,0.568,0.573
2020-02-19,1.251,3.747,0.555,0.573
2020-02-20,1.231,3.756,0.558,0.573
2020-02-21,1.26,3.802,0.558,0.574
2020-02-24,1.283,3.9,0.531,0.579
2020-02-25,1.283,3.918,0.512,0.56
2020-02-26,1.296,3.856,0.513,0.561
2020-02-27,1.256,3.862,0.521,0.573
2020-02-28,1.22,3.855,0.5,0.57
2020-03-02,1.211,3.733,0.5,0.565
2020-03-03,1.257,3.723,0.536,0.585
2020-03-04,1.245,3.802,0.499,0.585
2020-03-05,1.276,3.796,0.51,0.588
2020-03-06,1.256,3.863,0.492,0.59
2020-03-09,1.244,3.919,0.472,0.58
2020-03-10,1.205,3.836,0.45,0.571
2020-03-11,1.24,3.81,0.471,0.575
2020-03-12,1.2,3.82,0.45,0.572
2020-03-13,1.113,3.713,0.418,0.559
2020-03-16,1.17,3.686,0.439,0.555
2020-03-17,1.113,3.491,0.428,0.547
2020-03-18,1.117,3.534,0.428,0.542
2020-03-19,1.093,3.452,0.42,0.53
2020-03-20,1.106,3.483,0.425,0.527
2020-03-23,1.078,3.502,0.418,0.527
2020-03-24,1.078,3.727,0.439,0.52
2020-03-25,1.11,3.78,0.463,0.533
2020-03-26,1.107,3.761,0.465,0.536
2020-03-27,1.135,3.79,0.47,0.541
2020-03-30,1.085,3.795,0.442,0.535
2020-03-31,1.084,3.767,0.453,0.542
2020-04-01,1.079,3.699,0.441,0.537
2020-04-02,1.072,3.711,0.435,0.532
2020-04-03,1.102,3.765,0.446,0.538
2020-04-07,1.129,3.873,0.463,0.544
2020-04-08,1.13,3.835,0.458,0.545
2020-04-09,1.14,3.828,0.465,0.545
2020-04-10,1.15,3.884,0.466,0.545
2020-04-13,1.119,3.862,0.456,0.541
2020-04-14,1.118,3.882,0.46,0.545
2020-04-15,1.148,3.912,0.469,0.546
2020-04-16,1.138,3.89,0.476,0.542
2020-04-17,1.169,3.885,0.495,0.545
2020-04-20,1.152,3.82,0.449,0.546
2020-04-21,1.174,3.867,0.492,0.546
2020-04-22,1.159,3.877,0.472,0.541
2020-04-23,1.183,3.9,0.489,0.545
2020-04-24,1.17,3.933,0.487,0.542
2020-04-27,1.158,3.951,0.493,0.543
2020-04-28,1.17,3.912,0.505,0.547
2020-04-29,1.17,3.917,0.508,0.548
2020-04-30,1.175,3.916,0.539,0.554
2020-05-06,1.185,3.937,0.536,0.559
2020-05-07,1.221,3.923,0.54,0.556
2020-05-08,1.218,3.969,0.54,0.559
2020-05-11,1.228,3.957,0.54,0.563
2020-05-12,1.213,3.943,0.528,0.559
2020-05-13,1.221,3.946,0.517,0.559
2020-05-14,1.227,3.962,0.507,0.56
2020-05-15,1.225,4.015,0.51,0.558
2020-05-18,1.22,4.099,0.514,0.554
2020-05-19,1.23,4.084,0.522,0.551
2020-05-20,1.237,4.11,0.521,0.558
2020-05-21,1.227,4.102,0.525,0.557
2020-05-22,1.212,4.054,0.523,0.552
2020-05-25,1.18,4.06,0.521,0.544
2020-05-26,1.191,4.07,0.534,0.549
2020-05-27,1.223,4.046,0.531,0.551
2020-05-28,1.198,4.045,0.53,0.555
2020-05-29,1.179,4.054,0.526,0.548
2020-06-01,1.214,4.086,0.529,0.556
2020-06-02,1.252,4.092,0.532,0.565
2020-06-03,1.241,4.053,0.535,0.565
2020-06-04,1.241,4.014,0.537,0.563
2020-06-05,1.244,4.043,0.531,0.565
2020-06-08,1.257,3.967,0.543,0.563
2020-06-09,1.245,3.99,0.545,0.567
2020-06-10,1.259,4.018,0.548,0.569
2020-06-11,1.275,4.042,0.557,0.568
2020-06-12,1.254,4.051,0.526,0.558
2020-06-15,1.285,4.053,0.528,0.564
2020-06-16,1.305,4.038,0.539,0.561
2020-06-17,1.312,4.038,0.547,0.565
2020-06-18,1.313,4.041,0.549,0.566
2020-06-19,1.312,4.038,0.552,0.571
2020-06-22,1.354,4.086,0.551,0.572
2020-06-23,1.355,4.115,0.552,0.568
2020-06-24,1.384,4.111,0.56,0.566
2020-06-29,1.379,4.118,0.545,0.569
2020-06-30,1.383,4.11,0.548,0.569
2020-07-01,1.424,4.129,0.555,0.573
2020-07-02,1.4,4.114,0.56,0.587
2020-07-03,1.406,4.11,0.567,0.604
2020-07-06,1.434,4.113,0.568,0.613
2020-07-07,1.492,4.11,0.575,0.653
2020-07-08,1.5,4.128,0.571,0.661
2020-07-09,1.54,4.15,0.578,0.652
2020-07-10,1.601,4.144,0.576,0.659
2020-07-13,1.609,4.139,0.586,0.643
2020-07-14,1.688,4.141,0.577,0.66
2020-07-15,1.657,4.149,0.583,0.66
2020-07-16,1.624,4.145,0.58,0.651
2020-07-17,1.532,4.116,0.574,0.641
2020-07-20,1.57,4.112,0.577,0.638
2020-07-21,1.57,4.139,0.59,0.664
2020-07-22,1.574,4.351,0.592,0.663
2020-07-23,1.58,4.258,0.591,0.663
2020-07-24,1.6,4.288,0.578,0.655
2020-07-27,1.53,4.379,0.571,0.64
2020-07-28,1.535,4.514,0.583,0.636
2020-07-29,1.536,4.438,0.574,0.634
2020-07-30,1.61,4.433,0.582,0.646
2020-07-31,1.59,4.398,0.588,0.651
2020-08-03,1.629,4.436,0.592,0.656
2020-08-04,1.662,4.424,0.597,0.673
2020-08-05,1.646,4.517,0.6,0.67
2020-08-06,1.653,4.572,0.6,0.67
2020-08-07,1.624,4.616,0.602,0.669
2020-08-10,1.578,4.523,0.599,0.671
2020-08-11,1.581,4.55,0.601,0.68
2020-08-12,1.555,4.213,0.591,0.675
2020-08-13,1.531,4.261,0.601,0.672
2020-08-14,1.514,4.351,0.605,0.674
2020-08-17,1.553,4.298,0.605,0.684
2020-08-18,1.562,4.425,0.609,0.699
2020-08-19,1.562,4.442,0.612,0.7
2020-08-20,1.506,4.293,0.611,0.693
2020-08-21,1.511,4.294,0.617,0.688
2020-08-24,1.546,4.279,0.627,0.689
2020-08-25,1.557,4.268,0.645,0.695
2020-08-26,1.567,4.282,0.664,0.688
2020-08-27,1.537,4.303,0.66,0.68
2020-08-28,1.556,4.299,0.668,0.677
2020-08-31,1.608,4.352,0.681,0.691
2020-09-01,1.578,4.353,0.696,0.678
2020-09-02,1.599,4.359,0.72,0.681
2020-09-03,1.6,4.302,0.765,0.675
2020-09-04,1.565,4.269,0.723,0.674
2020-09-07,1.58,4.282,0.693,0.67
2020-09-08,1.533,4.267,0.66,0.663
2020-09-09,1.519,4.275,0.651,0.666
2020-09-10,1.478,4.306,0.695,0.659
2020-09-11,1.439,4.31,0.659,0.651
2020-09-14,1.481,4.297,0.658,0.655
2020-09-15,1.494,4.304,0.675,0.653
2020-09-16,1.504,4.298,0.69,0.655
2020-09-17,1.48,4.293,0.665,0.658
2020-09-18,1.48,4.271,0.645,0.663
2020-09-21,1.513,4.302,0.654,0.674
2020-09-22,1.481,4.209,0.643,0.664
2020-09-23,1.488,4.189,0.643,0.659
2020-09-24,1.497,4.112,0.612,0.656
2020-09-25,1.477,4.112,0.615,0.649
2020-09-28,1.486,4.131,0.611,0.649
2020-09-29,1.47,4.155,0.641,0.646
2020-09-30,1.494,4.182,0.648,0.648
2020-10-09,1.522,4.171,0.667,0.652
2020-10-12,1.565,4.22,0.682,0.655
2020-10-13,1.614,4.224,0.688,0.656
2020-10-14,1.617,4.16,0.682,0.667
2020-10-15,1.606,4.149,0.668,0.664
2020-10-16,1.591,4.174,0.658,0.664
2020-10-19,1.591,4.155,0.662,0.671
2020-10-20,1.56,4.16,0.654,0.662
2020-10-21,1.592,4.174,0.657,0.664
2020-10-22,1.56,4.174,0.645,0.662
2020-10-23,1.551,4.151,0.633,0.663
2020-10-26,1.503,4.156,0.625,0.658
2020-10-27,1.512,4.162,0.611,0.656
2020-10-28,1.538,4.174,0.625,0.65
2020-10-29,1.527,4.128,0.604,0.654
2020-10-30,1.568,4.105,0.613,0.66
2020-11-02,1.544,4.111,0.599,0.651
2020-11-03,1.577,4.144,0.604,0.659
2020-11-04,1.593,4.173,0.619,0.663
2020-11-05,1.612,4.153,0.66,0.671
2020-11-06,1.621,4.205,0.641,0.676
2020-11-09,1.597,4.219,0.648,0.683
2020-11-10,1.636,4.149,0.635,0.691
2020-11-11,1.607,4.075,0.616,0.689
2020-11-12,1.568,4.063,0.62,0.69
2020-11-13,1.565,4.081,0.61,0.695
2020-11-16,1.583,4.108,0.62,0.692
2020-11-17,1.574,4.087,0.621,0.707
2020-11-18,1.545,4.075,0.614,0.707
2020-11-19,1.522,4.052,0.607,0.71
2020-11-20,1.535,4.037,0.611,0.703
2020-11-23,1.556,4.045,0.614,0.71
2020-11-24,1.56,3.965,0.612,0.72
2020-11-25,1.555,3.922,0.62,0.715
2020-11-26,1.524,3.907,0.623,0.706
2020-11-27,1.521,3.914,0.621,0.709
2020-11-30,1.526,3.848,0.626,0.716
2020-12-01,1.527,3.82,0.629,0.716
2020-12-02,1.567,3.894,0.632,0.712
2020-12-03,1.56,3.918,0.633,0.714
2020-12-04,1.571,3.946,0.635,0.705
2020-12-07,1.585,3.934,0.634,0.705
2020-12-08,1.586,3.98,0.634,0.695
2020-12-09,1.593,3.991,0.639,0.694
2020-12-10,1.562,3.934,0.627,0.686
2020-12-11,1.58,3.932,0.627,0.684
2020-12-14,1.565,3.93,0.628,0.68
2020-12-15,1.583,3.926,0.63,0.678
2020-12-16,1.605,3.982,0.637,0.676
2020-12-17,1.601,3.99,0.642,0.674
2020-12-18,1.623,4.014,0.642,0.676
2020-12-21,1.618,4.064,0.643,0.682
2020-12-22,1.669,4.054,0.643,0.674
2020-12-23,1.637,4.025,0.64,0.666
2020-12-24,1.646,4.032,0.637,0.665
2020-12-25,1.636,4.029,0.64,0.66
2020-12-28,1.656,4.064,0.64,0.666
2020-12-29,1.65,4.044,0.646,0.662
2020-12-30,1.636,4.035,0.647,0.657
2020-12-31,1.694,4.056,0.65,0.662
2021-01-04,1.726,4.088,0.649,0.666
2021-01-05,1.782,4.12,0.637,0.659
2021-01-06,1.798,4.128,0.637,0.659
2021-01-07,1.81,4.079,0.632,0.667
2021-01-08,1.838,4.086,0.645,0.667
2021-01-11,1.829,3.948,0.651,0.668
2021-01-12,1.785,3.969,0.646,0.663
2021-01-13,1.844,4.002,0.643,0.663
2021-01-14,1.806,3.986,0.645,0.662
2021-01-15,1.791,3.993,0.643,0.66
2021-01-18,1.786,3.926,0.638,0.668
2021-01-19,1.826,3.98,0.643,0.669
2021-01-20,1.79,3.985,0.65,0.676
2021-01-21,1.86,4.0,0.664,0.668
2021-01-22,1.903,4.016,0.668,0.669
2021-01-25,1.951,4.001,0.672,0.659
2021-01-26,1.942,3.989,0.668,0.652
2021-01-27,1.887,3.973,0.676,0.65
2021-01-28,1.872,3.965,0.66,0.651
2021-01-29,1.851,3.959,0.658,0.643
2021-02-01,1.82,3.973,0.645,0.644
2021-02-02,1.844,4.016,0.663,0.65
2021-02-03,1.876,3.955,0.676,0.645
2021-02-04,1.857,3.939,0.674,0.642
2021-02-05,1.864,3.865,0.679,0.646
2021-02-08,1.859,3.89,0.684,0.651
2021-02-09,1.907,3.931,0.685,0.652
2021-02-10,1.937,3.938,0.685,0.659
2021-02-18,2.013,3.842,0.685,0.658
2021-02-19,1.905,3.807,0.678,0.671
2021-02-22,1.89,3.846,0.682,0.683
2021-02-23,1.808,3.888,0.662,0.691
2021-02-24,1.807,3.897,0.663,0.683
2021-02-25,1.759,3.868,0.66,0.683
2021-02-26,1.718,3.825,0.638,0.699
2021-03-01,1.711,3.759,0.646,0.685
2021-03-02,1.745,3.715,0.664,0.694
2021-03-03,1.716,3.742,0.653,0.691
2021-03-04,1.72,3.73,0.635,0.705
2021-03-05,1.628,3.651,0.618,0.704
2021-03-08,1.677,3.7,0.633,0.696
2021-03-09,1.576,3.7,0.621,0.691
2021-03-10,1.569,3.723,0.641,0.685
2021-03-11,1.553,3.737,0.641,0.687
2021-03-12,1.604,3.739,0.657,0.695
2021-03-15,1.589,3.746,0.653,0.71
2021-03-16,1.54,3.746,0.655,0.715
2021-03-17,1.54,3.749,0.658,0.717
2021-03-18,1.576,3.794,0.665,0.713
2021-03-19,1.57,3.756,0.644,0.714
2021-03-22,1.551,3.769,0.645,0.706
2021-03-23,1.562,3.755,0.654,0.713
2021-03-24,1.54,3.758,0.655,0.703
2021-03-25,1.521,3.767,0.645,0.697
2021-03-26,1.548,3.769,0.647,0.695
2021-03-29,1.594,3.761,0.65,0.704
2021-03-30,1.583,3.744,0.652,0.704
2021-03-31,1.609,3.682,0.653,0.71
2021-04-01,1.606,3.715,0.662,0.71
2021-04-02,1.639,3.79,0.675,0.715
2021-04-06,1.66,3.79,0.683,0.709
2021-04-07,1.648,3.782,0.685,0.708
2021-04-08,1.622,3.776,0.689,0.715
2021-04-09,1.643,3.821,0.699,0.711
2021-04-12,1.616,3.808,0.702,0.713
2021-04-13,1.58,3.772,0.7,0.713
2021-04-14,1.601,3.796,0.707,0.708
2021-04-15,1.627,3.778,0.701,0.713
2021-04-16,1.627,3.828,0.707,0.713
2021-04-19,1.618,3.852,0.708,0.724
2021-04-20,1.675,3.837,0.703,0.721
2021-04-21,1.672,3.837,0.692,0.717
2021-04-22,1.706,3.874,0.7,0.722
2021-04-23,1.697,3.855,0.695,0.72
2021-04-26,1.745,3.847,0.701,0.719
2021-04-27,1.722,3.833,0.703,0.714
2021-04-28,1.736,3.828,0.701,0.72
2021-04-29,1.775,3.846,0.705,0.717
2021-04-30,1.775,3.814,0.7,0.724
2021-05-06,1.791,3.845,0.685,0.719
2021-05-07,1.752,3.899,0.684,0.729
2021-05-10,1.7,3.917,0.686,0.734
2021-05-11,1.686,3.919,0.667,0.739
2021-05-12,1.694,3.914,0.664,0.734
2021-05-13,1.707,3.92,0.653,0.742
2021-05-14,1.718,3.913,0.659,0.741
2021-05-17,1.77,3.974,0.669,0.738
2021-05-18,1.811,3.98,0.67,0.742
2021-05-19,1.79,3.997,0.662,0.744
2021-05-20,1.81,3.995,0.66,0.734
2021-05-21,1.835,4.004,0.673,0.733
2021-05-24,1.808,4.025,0.67,0.736
2021-05-25,1.831,3.998,0.677,0.741
2021-05-26,1.88,4.052,0.68,0.756
2021-05-27,1.862,4.028,0.68,0.756
2021-05-28,1.875,4.024,0.677,0.763
2021-05-31,1.883,4.027,0.676,0.763
2021-06-01,1.924,4.027,0.674,0.769
2021-06-02,1.922,4.03,0.672,0.767
2021-06-03,1.888,4.001,0.674,0.77
2021-06-04,1.86,3.899,0.667,0.762
2021-06-07,1.89,3.946,0.676,0.767
2021-06-08,1.877,3.989,0.682,0.76
2021-06-09,1.867,3.97,0.681,0.761
2021-06-10,1.875,3.963,0.681,0.761
2021-06-11,1.925,3.974,0.686,0.762
2021-06-15,1.921,3.92,0.695,0.763
2021-06-16,1.9,3.904,0.692,0.752
2021-06-17,1.823,3.869,0.689,0.751
2021-06-18,1.864,3.82,0.701,0.751
2021-06-21,1.883,3.803,0.702,0.734
2021-06-22,1.91,3.828,0.703,0.746
2021-06-23,1.911,3.827,0.714,0.75
2021-06-24,1.939,3.826,0.715,0.758
2021-06-25,1.913,3.809,0.719,0.757
2021-06-28,1.95,3.807,0.715,0.759
2021-06-29,2.0,3.807,0.728,0.748
2021-06-30,1.987,3.779,0.728,0.746
2021-07-01,2.031,3.79,0.729,0.75
2021-07-02,2.009,3.814,0.728,0.757
2021-07-05,1.941,3.829,0.738,0.748
2021-07-06,1.951,3.837,0.737,0.745
2021-07-07,1.917,3.86,0.738,0.747
2021-07-08,1.995,3.863,0.743,0.745
2021-07-09,1.995,3.867,0.735,0.734
2021-07-12,2.01,3.872,0.763,0.741
2021-07-13,2.06,3.871,0.749,0.736
2021-07-14,2.046,3.879,0.749,0.739
2021-07-15,2.027,3.904,0.747,0.741
2021-07-16,2.056,3.915,0.741,0.745
2021-07-19,1.993,3.895,0.734,0.765
2021-07-20,1.999,3.886,0.733,0.751
2021-07-21,2.023,3.853,0.74,0.752
2021-07-22,2.079,3.858,0.745,0.745
2021-07-23,2.066,3.863,0.751,0.752
2021-07-26,2.013,3.868,0.76,0.748
2021-07-27,1.97,3.853,0.759,0.731
2021-07-28,1.88,3.873,0.751,0.713
2021-07-29,1.951,3.895,0.755,0.71
2021-07-30,2.017,3.907,0.749,0.711
2021-08-02,2.002,3.883,0.75,0.712
2021-08-03,2.036,3.868,0.749,0.708
2021-08-04,2.018,3.868,0.755,0.704
2021-08-05,2.07,3.877,0.757,0.713
2021-08-06,2.061,3.861,0.763,0.709
2021-08-09,2.022,3.742,0.755,0.713
2021-08-10,2.019,3.74,0.759,0.724
2021-08-11,2.02,3.729,0.756,0.724
2021-08-12,2.002,3.754,0.756,0.743
2021-08-13,1.971,3.768,0.758,0.751
2021-08-16,1.952,3.817,0.758,0.756
2021-08-17,1.938,3.819,0.759,0.757
2021-08-18,1.886,3.844,0.758,0.745
2021-08-19,1.898,3.845,0.749,0.747
2021-08-20,1.91,3.83,0.751,0.739
2021-08-23,1.874,3.82,0.76,0.748
2021-08-24,1.924,3.863,0.771,0.751
2021-08-25,1.942,3.859,0.777,0.752
2021-08-26,1.952,3.843,0.775,0.756
2021-08-27,1.9,3.848,0.77,0.766
2021-08-30,1.907,3.893,0.779,0.773
2021-08-31,1.91,3.877,0.785,0.774
2021-09-01,1.876,3.884,0.786,0.797
2021-09-02,1.86,3.878,0.787,0.794
2021-09-03,1.84,3.865,0.786,0.809
2021-09-06,1.816,3.889,0.787,0.808
2021-09-07,1.884,3.897,0.788,0.819
2021-09-08,1.896,3.853,0.787,0.822
2021-09-09,1.879,3.826,0.784,0.846
2021-09-10,1.881,3.826,0.781,0.872
2021-09-13,1.89,3.828,0.777,0.867
2021-09-14,1.87,3.827,0.778,0.886
2021-09-15,1.89,3.842,0.772,0.869
2021-09-16,1.871,3.834,0.776,0.865
2021-09-17,1.836,3.774,0.776,0.859
2021-09-22,1.845,3.81,0.756,0.844
2021-09-23,1.86,3.797,0.766,0.87
2021-09-24,1.859,3.767,0.771,0.868
2021-09-27,1.883,3.766,0.771,0.838
2021-09-28,1.886,3.765,0.764,0.824
2021-09-29,1.868,3.74,0.743,0.84
2021-09-30,1.869,3.731,0.747,0.818
2021-10-08,1.918,3.752,0.751,0.837
2021-10-11,1.902,3.765,0.744,0.822
2021-10-12,1.861,3.756,0.735,0.829
2021-10-13,1.834,3.774,0.732,0.824
2021-10-14,1.877,3.815,0.74,0.809
2021-10-15,1.88,3.824,0.754,0.802
2021-10-18,1.915,3.783,0.757,0.807
2021-10-19,1.915,3.762,0.762,0.823
2021-10-20,1.927,3.774,0.766,0.823
2021-10-21,1.927,3.775,0.763,0.806
2021-10-25,1.923,3.799,0.762,0.87
2021-10-26,1.955,3.802,0.771,0.801
2021-10-27,1.946,3.789,0.772,0.795
2021-10-28,1.94,3.787,0.775,0.78
2021-10-29,1.921,3.807,0.777,0.76
2021-11-01,1.954,3.789,0.786,0.756
2021-11-02,1.949,3.783,0.789,0.762
2021-11-03,1.95,3.787,0.793,0.744
2021-11-04,1.95,3.763,0.801,0.76
2021-11-05,1.955,3.795,0.812,0.761
2021-11-08,1.958,3.844,0.813,0.743
2021-11-09,1.975,3.846,0.809,0.742
2021-11-10,1.99,3.858,0.806,0.737
2021-11-11,1.98,3.9,0.795,0.745
2021-11-12,2.007,3.915,0.8,0.755
2021-11-15,2.005,3.912,0.806,0.756
2021-11-16,1.99,3.912,0.806,0.748
2021-11-17,1.987,3.917,0.809,0.744
2021-11-18,2.001,3.923,0.808,0.748
2021-11-19,1.978,3.919,0.817,0.739
2021-11-22,1.998,3.898,0.827,0.752
2021-11-23,2.042,3.829,0.813,0.752
2021-11-24,2.042,3.784,0.81,0.759
2021-11-25,2.03,3.791,0.815,0.769
2021-11-26,2.036,3.795,0.813,0.767
2021-11-29,2.021,3.802,0.802,0.752
2021-11-30,2.048,3.775,0.814,0.751
2021-12-01,2.038,3.755,0.805,0.749
2021-12-02,2.034,3.757,0.792,0.76
2021-12-03,2.028,3.741,0.791,0.763
2021-12-06,2.024,3.758,0.779,0.775
2021-12-07,1.995,3.767,0.786,0.773
2021-12-08,1.973,3.764,0.81,0.784
2021-12-09,1.98,3.758,0.81,0.783
2021-12-10,2.01,3.758,0.798,0.785
2021-12-13,2.038,3.766,0.81,0.784
2021-12-14,2.033,3.773,0.797,0.776
2021-12-15,2.043,3.767,0.789,0.769
2021-12-16,2.039,3.752,0.804,0.776
2021-12-17,2.044,3.79,0.786,0.788
2021-12-20,2.011,3.809,0.781,0.788
2021-12-21,1.951,3.792,0.775,0.786
2021-12-22,1.969,3.779,0.791,0.795
2021-12-23,1.974,3.797,0.798,0.795
2021-12-24,1.977,3.815,0.804,0.795
2021-12-27,1.927,3.818,0.806,0.796
2021-12-28,1.94,3.814,0.816,0.796
2021-12-29,1.948,3.813,0.817,0.786
2021-12-30,1.924,3.801,0.815,0.785
2021-12-31,1.95,3.798,0.811,0.792
2022-01-04,1.951,3.811,0.818,0.795
2022-01-05,1.906,3.817,0.805,0.809
2022-01-06,1.844,3.81,0.781,0.812
2022-01-07,1.834,3.783,0.785,0.82
2022-01-10,1.816,3.778,0.773,0.825
2022-01-11,1.812,3.806,0.776,0.832
2022-01-12,1.801,3.827,0.781,0.831
2022-01-13,1.835,3.83,0.785,0.826
2022-01-14,1.796,3.835,0.768,0.838
2022-01-17,1.818,3.82,0.768,0.81
2022-01-18,1.85,3.819,0.769,0.813
2022-01-19,1.842,3.811,0.75,0.822
2022-01-20,1.796,3.858,0.742,0.835
2022-01-21,1.79,3.856,0.725,0.829
2022-01-24,1.772,3.85,0.716,0.825
2022-01-25,1.778,3.851,0.707,0.817
2022-01-26,1.752,3.86,0.695,0.8
2022-01-27,1.754,3.81,0.691,0.804
2022-01-28,1.715,3.778,0.695,0.797
2022-02-07,1.735,3.798,0.718,0.791
2022-02-08,1.709,3.816,0.718,0.811
2022-02-09,1.666,3.829,0.725,0.83
2022-02-10,1.691,3.85,0.738,0.835
2022-02-11,1.636,3.838,0.722,0.847
2022-02-14,1.6,3.897,0.702,0.848
2022-02-15,1.601,3.918,0.704,0.831
2022-02-16,1.656,3.867,0.717,0.827
2022-02-17,1.642,3.895,0.715,0.834
2022-02-18,1.654,3.956,0.696,0.83
2022-02-21,1.656,3.948,0.695,0.848
2022-02-22,1.629,3.99,0.683,0.852
2022-02-23,1.622,3.966,0.683,0.843
2022-02-24,1.652,3.98,0.664,0.834
2022-02-25,1.648,4.0,0.675,0.82
2022-02-28,1.669,3.981,0.681,0.809
2022-03-01,1.695,3.972,0.69,0.818
2022-03-02,1.679,4.012,0.685,0.83
2022-03-03,1.672,4.026,0.694,0.835
2022-03-04,1.625,4.042,0.678,0.844
2022-03-07,1.601,4.126,0.664,0.836
2022-03-08,1.548,4.121,0.655,0.832
2022-03-09,1.528,4.246,0.65,0.805
2022-03-10,1.534,4.085,0.67,0.812
2022-03-11,1.514,4.141,0.66,0.78
2022-03-14,1.54,4.123,0.655,0.8
2022-03-15,1.483,4.08,0.643,0.793
2022-03-16,1.498,4.026,0.659,0.749
2022-03-17,1.563,4.014,0.683,0.77
2022-03-18,1.58,4.047,0.687,0.77
2022-03-21,1.594,4.02,0.704,0.804
2022-03-22,1.586,4.04,0.702,0.788
2022-03-23,1.584,4.033,0.72,0.804
2022-03-24,1.578,4.086,0.713,0.805
2022-03-25,1.578,4.108,0.727,0.803
2022-03-28,1.543,4.104,0.726,0.803
2022-03-29,1.529,4.051,0.739,0.821
2022-03-30,1.53,4.038,0.753,0.819
2022-03-31,1.572,4.032,0.748,0.83
2022-04-01,1.549,4.038,0.736,0.839
2022-04-06,1.558,4.039,0.731,0.855
2022-04-07,1.535,4.027,0.717,0.868
2022-04-08,1.512,4.044,0.718,0.852
2022-04-11,1.496,4.073,0.709,0.864
2022-04-12,1.446,4.118,0.691,0.853
2022-04-13,1.461,4.101,0.692,0.846
2022-04-14,1.463,4.124,0.704,0.844
2022-04-15,1.434,4.13,0.69,0.864
2022-04-18,1.429,4.17,0.682,0.858
2022-04-19,1.45,4.145,0.69,0.844
2022-04-20,1.437,4.085,0.703,0.85
2022-04-21,1.376,4.106,0.701,0.84
2022-04-22,1.344,4.134,0.686,0.82
2022-04-25,1.321,4.132,0.673,0.827
2022-04-26,1.273,4.085,0.69,0.796
2022-04-27,1.252,4.089,0.665,0.797
2022-04-28,1.311,4.071,0.671,0.798
2022-04-29,1.315,4.123,0.688,0.82
2022-05-05,1.33,4.13,0.693,0.833
2022-05-06,1.312,4.107,0.661,0.823
2022-05-09,1.312,4.128,0.659,0.8
2022-05-10,1.295,4.104,0.638,0.809
2022-05-11,1.331,4.075,0.649,0.817
2022-05-12,1.366,4.109,0.631,0.815
2022-05-13,1.384,4.09,0.635,0.822
2022-05-16,1.387,4.063,0.654,0.843
2022-05-17,1.367,4.054,0.647,0.844
2022-05-18,1.386,4.028,0.654,0.836
2022-05-19,1.364,4.027,0.625,0.82
2022-05-20,1.403,4.06,0.629,0.837
2022-05-23,1.416,4.068,0.626,0.84
2022-05-24,1.412,4.066,0.616,0.834
2022-05-25,1.359,4.079,0.609,0.818
2022-05-26,1.366,4.079,0.618,0.835
2022-05-27,1.379,4.102,0.635,0.841
2022-05-30,1.369,4.112,0.66,0.846
2022-05-31,1.379,4.071,0.656,0.846
2022-06-01,1.41,4.054,0.653,0.84
2022-06-02,1.417,4.066,0.651,0.846
2022-06-06,1.436,4.068,0.648,0.838
2022-06-07,1.498,4.046,0.646,0.839
2022-06-08,1.491,4.052,0.651,0.835
2022-06-09,1.499,4.075,0.65,0.844
2022-06-10,1.451,4.067,0.635,0.844
2022-06-13,1.474,4.118,0.607,0.848
2022-06-14,1.476,4.086,0.594,0.831
2022-06-15,1.492,4.034,0.596,0.846
2022-06-16,1.508,4.032,0.606,0.851
2022-06-17,1.507,4.064,0.579,0.838
2022-06-20,1.562,4.071,0.584,0.836
2022-06-21,1.582,4.052,0.589,0.833
2022-06-22,1.578,4.037,0.595,0.836
2022-06-23,1.566,4.054,0.597,0.828
2022-06-24,1.629,4.03,0.604,0.828
2022-06-27,1.659,4.028,0.623,0.825
2022-06-28,1.651,4.026,0.622,0.834
2022-06-29,1.652,4.017,0.603,0.84
2022-06-30,1.622,4.02,0.602,0.845
2022-07-01,1.647,3.993,0.595,0.85
2022-07-04,1.622,3.987,0.594,0.849
2022-07-05,1.66,3.987,0.601,0.842
2022-07-06,1.649,3.924,0.612,0.849
2022-07-07,1.64,3.858,0.613,0.831
2022-07-08,1.669,3.858,0.626,0.836
2022-07-11,1.648,3.855,0.622,0.834
2022-07-12,1.615,3.839,0.612,0.832
2022-07-13,1.587,3.846,0.611,0.836
2022-07-14,1.6,3.834,0.609,0.836
2022-07-15,1.652,3.822,0.613,0.824
2022-07-18,1.623,3.815,0.625,0.807
2022-07-19,1.632,3.815,0.621,0.826
2022-07-20,1.62,3.812,0.639,0.827
2022-07-21,1.614,3.785,0.647,0.828
2022-07-22,1.621,3.83,0.652,0.818
2022-07-25,1.595,3.834,0.645,0.814
2022-07-26,1.587,3.848,0.638,0.816
2022-07-27,1.588,3.842,0.638,0.825
2022-07-28,1.602,3.871,0.652,0.823
2022-07-29,1.59,3.908,0.669,0.825
2022-08-01,1.565,3.935,0.671,0.817
2022-08-02,1.59,3.977,0.672,0.81
2022-08-03,1.572,3.924,0.67,0.801
2022-08-04,1.551,3.945,0.688,0.791
2022-08-05,1.558,3.97,0.693,0.796
2022-08-08,1.57,3.962,0.686,0.799
2022-08-09,1.57,3.972,0.686,0.807
2022-08-10,1.574,3.985,0.678,0.811
2022-08-11,1.568,3.969,0.697,0.807
2022-08-12,1.596,3.969,0.693,0.815
2022-08-15,1.577,3.992,0.703,0.821
2022-08-16,1.593,3.988,0.713,0.819
2022-08-17,1.605,3.971,0.713,0.824
2022-08-18,1.626,3.952,0.702,0.826
2022-08-19,1.63,3.938,0.706,0.821
2022-08-22,1.6,3.943,0.691,0.832
2022-08-23,1.63,3.943,0.682,0.835
2022-08-24,1.643,3.957,0.678,0.839
2022-08-25,1.571,3.983,0.683,0.828
2022-08-26,1.565,3.977,0.693,0.846
2022-08-29,1.538,3.962,0.659,0.844
2022-08-30,1.545,3.971,0.663,0.851
2022-08-31,1.526,3.958,0.659,0.854
2022-09-01,1.504,3.931,0.646,0.848
2022-09-02,1.495,3.915,0.651,0.854
2022-09-05,1.484,3.928,0.644,0.854
2022-09-06,1.491,3.958,0.65,0.874
2022-09-07,1.487,3.947,0.639,0.88
2022-09-08,1.504,3.969,0.655,0.881
2022-09-09,1.481,3.969,0.661,0.883
2022-09-13,1.498,3.972,0.678,0.894
2022-09-14,1.478,3.956,0.646,0.889
2022-09-15,1.472,3.943,0.65,0.881
2022-09-16,1.417,3.915,0.638,0.89
2022-09-19,1.388,3.918,0.637,0.859
2022-09-20,1.388,3.942,0.644,0.859
2022-09-21,1.383,3.933,0.642,0.849
2022-09-22,1.358,3.94,0.627,0.862
2022-09-23,1.359,3.952,0.626,0.855
2022-09-26,1.342,3.931,0.618,0.845
2022-09-27,1.365,3.924,0.621,0.834
2022-09-28,1.384,3.93,0.625,0.845
2022-09-29,1.372,3.969,0.632,0.841
2022-09-30,1.366,3.983,0.613,0.829
2022-10-10,1.342,4.017,0.605,0.835
2022-10-11,1.315,4.002,0.601,0.841
2022-10-12,1.323,4.003,0.598,0.837
2022-10-13,1.364,4.006,0.596,0.849
2022-10-14,1.393,4.001,0.607,0.844
2022-10-17,1.422,3.99,0.596,0.84
2022-10-18,1.442,3.984,0.616,0.846
2022-10-19,1.433,3.99,0.628,0.84
2022-10-20,1.416,3.978,0.613,0.834
2022-10-21,1.411,3.968,0.612,0.827
2022-10-24,1.408,4.006,0.632,0.825
2022-10-25,1.367,4.026,0.641,0.814
2022-10-26,1.358,4.019,0.641,0.813
2022-10-27,1.404,3.999,0.633,0.803
2022-10-28,1.366,4.011,0.622,0.808
2022-10-31,1.313,4.001,0.64,0.793
2022-11-01,1.336,3.993,0.642,0.772
2022-11-02,1.369,4.003,0.635,0.779
2022-11-03,1.387,4.001,0.613,0.79
2022-11-04,1.392,3.993,0.603,0.785
2022-11-07,1.43,4.016,0.604,0.797
2022-11-08,1.438,4.023,0.615,0.801
2022-11-09,1.426,4.092,0.615,0.8
2022-11-10,1.4,4.107,0.607,0.8
2022-11-11,1.429,4.181,0.644,0.803
2022-11-14,1.419,4.138,0.647,0.823
2022-11-15,1.386,4.119,0.638,0.818
2022-11-16,1.429,4.13,0.643,0.824
2022-11-17,1.407,4.149,0.643,0.821
2022-11-18,1.402,4.149,0.645,0.818
2022-11-21,1.395,4.148,0.642,0.816
2022-11-22,1.398,4.127,0.637,0.81
2022-11-23,1.374,4.13,0.642,0.823
2022-11-24,1.378,4.141,0.652,0.828
2022-11-25,1.363,4.143,0.655,0.83
2022-11-28,1.336,4.167,0.648,0.84
2022-11-29,1.35,4.159,0.643,0.841
2022-11-30,1.372,4.144,0.639,0.86
2022-12-01,1.394,4.14,0.655,0.862
2022-12-02,1.395,4.171,0.651,0.855
2022-12-05,1.411,4.176,0.645,0.85
2022-12-06,1.394,4.119,0.635,0.862
2022-12-07,1.4,4.095,0.625,0.86
2022-12-08,1.419,4.095,0.625,0.855
2022-12-09,1.417,4.107,0.63,0.864
2022-12-12,1.417,4.121,0.623,0.85
2022-12-13,1.41,4.112,0.631,0.84
2022-12-14,1.397,4.155,0.638,0.843
2022-12-15,1.391,4.147,0.635,0.84
2022-12-16,1.399,4.112,0.612,0.831
2022-12-19,1.391,4.121,0.611,0.839
2022-12-20,1.37,4.128,0.608,0.825
2022-12-21,1.361,4.179,0.607,0.819
2022-12-22,1.36,4.184,0.617,0.82
2022-12-23,1.344,4.166,0.602,0.811
2022-12-26,1.344,4.144,0.608,0.81
2022-12-27,1.371,4.143,0.606,0.81
2022-12-28,1.378,4.166,0.602,0.82
2022-12-29,1.367,4.163,0.595,0.817
2022-12-30,1.385,4.173,0.604,0.814
2023-01-03,1.378,4.182,0.599,0.819
2023-01-04,1.381,4.186,0.597,0.822
2023-01-05,1.374,4.209,0.598,0.827
2023-01-06,1.402,4.181,0.594,0.827
2023-01-09,1.429,4.213,0.601,0.826
2023-01-10,1.436,4.209,0.603,0.825
2023-01-11,1.45,4.214,0.606,0.82
2023-01-12,1.442,4.224,0.615,0.823
2023-01-13,1.448,4.224,0.618,0.823
2023-01-16,1.462,4.251,0.615,0.83
2023-01-17,1.491,4.259,0.614,0.832
2023-01-18,1.495,4.269,0.616,0.83
2023-01-19,1.492,4.255,0.612,0.834
2023-01-20,1.517,4.3,0.608,0.837
2023-01-30,1.551,4.289,0.635,0.848
2023-01-31,1.532,4.289,0.627,0.841
2023-02-01,1.52,4.28,0.632,0.845
2023-02-02,1.539,4.32,0.647,0.85
2023-02-03,1.524,4.274,0.658,0.848
2023-02-06,1.505,4.234,0.657,0.843
2023-02-07,1.487,4.212,0.655,0.842
2023-02-08,1.496,4.206,0.665,0.85
2023-02-09,1.478,4.207,0.656,0.835
2023-02-10,1.51,4.195,0.651,0.846
2023-02-13,1.495,4.192,0.645,0.85
2023-02-14,1.513,4.208,0.655,0.854
2023-02-15,1.506,4.214,0.659,0.857
2023-02-16,1.493,4.193,0.669,0.855
2023-02-17,1.471,4.198,0.657,0.851
2023-02-20,1.429,4.202,0.652,0.848
2023-02-21,1.455,4.203,0.651,0.865
2023-02-22,1.445,4.203,0.641,0.872
2023-02-23,1.443,4.203,0.644,0.882
2023-02-24,1.444,4.208,0.647,0.872
2023-02-27,1.423,4.215,0.642,0.876
2023-02-28,1.422,4.212,0.646,0.869
2023-03-01,1.429,4.223,0.64,0.873
2023-03-02,1.433,4.222,0.636,0.881
2023-03-03,1.425,4.232,0.638,0.888
2023-03-06,1.425,4.259,0.651,0.894
2023-03-07,1.425,4.27,0.657,0.895
2023-03-08,1.396,4.234,0.651,0.885
2023-03-09,1.398,4.227,0.652,0.889
2023-03-10,1.393,4.255,0.639,0.889
2023-03-13,1.391,4.309,0.634,0.867
2023-03-14,1.384,4.328,0.635,0.883
2023-03-15,1.386,4.342,0.645,0.881
2023-03-16,1.367,4.366,0.65,0.89
2023-03-17,1.365,4.382,0.665,0.887
2023-03-20,1.351,4.478,0.664,0.896
2023-03-21,1.353,4.53,0.663,0.892
2023-03-22,1.375,4.446,0.672,0.891
2023-03-23,1.37,4.469,0.664,0.895
2023-03-24,1.387,4.485,0.67,0.897
2023-03-27,1.389,4.479,0.676,0.891
2023-03-28,1.407,4.446,0.674,0.88
2023-03-29,1.39,4.465,0.673,0.886
2023-03-30,1.389,4.448,0.683,0.883
2023-03-31,1.402,4.473,0.688,0.883
2023-04-03,1.413,4.454,0.693,0.889
2023-04-04,1.432,4.463,0.695,0.896
2023-04-06,1.416,4.542,0.684,0.902
2023-04-07,1.425,4.545,0.69,0.896
2023-04-10,1.439,4.525,0.688,0.893
2023-04-11,1.434,4.497,0.69,0.892
2023-04-12,1.431,4.536,0.686,0.905
2023-04-13,1.421,4.546,0.678,0.923
2023-04-14,1.418,4.593,0.69,0.923
2023-04-17,1.424,4.52,0.689,0.919
2023-04-18,1.429,4.51,0.688,0.929
2023-04-19,1.427,4.527,0.689,0.932
2023-04-20,1.418,4.509,0.688,0.934
2023-04-21,1.401,4.52,0.685,0.941
2023-04-24,1.373,4.487,0.684,0.929
2023-04-25,1.352,4.518,0.684,0.925
2023-04-26,1.324,4.542,0.683,0.932
2023-04-27,1.348,4.535,0.682,0.935
2023-04-28,1.362,4.515,0.696,0.94
2023-05-04,1.363,4.627,0.69,0.961
2023-05-05,1.348,4.632,0.689,0.988
2023-05-08,1.336,4.591,0.7,0.985
2023-05-09,1.338,4.579,0.701,1.011
2023-05-10,1.323,4.606,0.699,0.995
2023-05-11,1.33,4.614,0.709,0.972
2023-05-12,1.34,4.597,0.715,0.972
2023-05-15,1.328,4.59,0.709,0.959
2023-05-16,1.357,4.597,0.714,0.953
2023-05-17,1.351,4.574,0.72,0.944
2023-05-18,1.354,4.564,0.728,0.949
2023-05-19,1.341,4.54,0.748,0.952
2023-05-22,1.343,4.558,0.745,0.939
2023-05-23,1.342,4.55,0.751,0.941
2023-05-24,1.324,4.563,0.742,0.924
2023-05-25,1.321,4.542,0.746,0.912
2023-05-26,1.322,4.525,0.755,0.905
2023-05-29,1.317,4.521,0.777,0.926
2023-05-30,1.297,4.52,0.777,0.921
2023-05-31,1.304,4.59,0.779,0.928
2023-06-01,1.29,4.579,0.775,0.918
2023-06-02,1.306,4.593,0.785,0.933
2023-06-05,1.32,4.577,0.789,0.93
2023-06-06,1.299,4.564,0.792,0.939
2023-06-07,1.276,4.579,0.792,0.931
2023-06-08,1.256,4.553,0.782,0.941
2023-06-09,1.257,4.574,0.788,0.947
2023-06-12,1.262,4.581,0.795,0.949
2023-06-13,1.274,4.592,0.811,0.938
2023-06-14,1.282,4.584,0.818,0.936
2023-06-15,1.279,4.562,0.824,0.931
2023-06-16,1.323,4.566,0.828,0.935
2023-06-19,1.339,4.574,0.826,0.933
2023-06-20,1.338,4.578,0.827,0.916
2023-06-21,1.335,4.574,0.829,0.911
2023-06-26,1.296,4.563,0.823,0.898
2023-06-27,1.294,4.572,0.812,0.887
2023-06-28,1.296,4.544,0.821,0.905
2023-06-29,1.287,4.541,0.829,0.91
2023-06-30,1.288,4.561,0.829,0.906
2023-07-03,1.314,4.57,0.84,0.912
2023-07-04,1.319,4.567,0.84,0.922
2023-07-05,1.32,4.572,0.838,0.921
2023-07-06,1.305,4.575,0.841,0.919
2023-07-07,1.293,4.556,0.835,0.913
2023-07-10,1.288,4.575,0.83,0.922
2023-07-11,1.304,4.578,0.831,0.92
2023-07-12,1.311,4.584,0.834,0.922
2023-07-13,1.305,4.61,0.841,0.924
2023-07-14,1.324,4.622,0.855,0.934
2023-07-17,1.312,4.606,0.85,0.935
2023-07-19,1.29,4.678,0.872,0.929
2023-07-20,1.289,4.692,0.87,0.938
2023-07-21,1.275,4.666,0.849,0.927
2023-07-24,1.277,4.66,0.849,0.931
2023-07-25,1.286,4.643,0.852,0.935
2023-07-26,1.295,4.638,0.855,0.947
2023-07-27,1.3,4.654,0.855,0.945
2023-07-28,1.29,4.635,0.856,0.946
2023-07-31,1.315,4.622,0.867,0.966
2023-08-01,1.325,4.634,0.869,0.969
2023-08-02,1.314,4.635,0.866,0.97
2023-08-03,1.31,4.625,0.847,0.958
2023-08-04,1.341,4.607,0.845,0.968
2023-08-07,1.336,4.624,0.844,0.962
2023-08-08,1.324,4.624,0.847,0.952
2023-08-09,1.317,4.624,0.844,0.955
2023-08-10,1.318,4.605,0.834,0.951
2023-08-11,1.326,4.607,0.836,0.951
2023-08-14,1.29,4.625,0.832,0.932
2023-08-15,1.283,4.626,0.844,0.938
2023-08-16,1.265,4.644,0.839,0.942
2023-08-17,1.26,4.643,0.828,0.935
2023-08-18,1.269,4.633,0.817,0.937
2023-08-21,1.255,4.632,0.818,0.936
2023-08-22,1.237,4.647,0.828,0.93
2023-08-23,1.233,4.652,0.832,0.936
2023-08-24,1.211,4.668,0.85,0.941
2023-08-25,1.218,4.669,0.826,0.932
2023-08-28,1.273,4.658,0.829,0.97
2023-08-29,1.217,4.675,0.841,0.945
2023-08-30,1.255,4.694,0.858,0.947
2023-08-31,1.251,4.703,0.861,0.937
2023-09-01,1.247,4.685,0.859,0.932
2023-09-04,1.249,4.708,0.86,0.938
2023-09-05,1.253,4.717,0.861,0.955
2023-09-06,1.246,4.729,0.866,0.946
2023-09-07,1.242,4.722,0.858,0.945
2023-09-08,1.215,4.742,0.854,0.941
2023-09-11,1.214,4.751,0.857,0.937
2023-09-12,1.22,4.753,0.86,0.944
2023-09-13,1.214,4.763,0.851,0.941
2023-09-14,1.198,4.786,0.855,0.945
2023-09-15,1.193,4.861,0.862,0.951
2023-09-18,1.185,4.774,0.847,0.948
2023-09-19,1.196,4.748,0.85,0.949
2023-09-20,1.183,4.791,0.846,0.954
2023-09-21,1.174,4.816,0.833,0.958
2023-09-22,1.161,4.807,0.818,0.95
2023-09-25,1.188,4.784,0.821,0.959
2023-09-26,1.186,4.807,0.823,0.958
2023-09-27,1.177,4.795,0.812,0.955
2023-09-28,1.191,4.688,0.819,0.953
2023-10-09,1.187,4.638,0.828,0.948
2023-10-10,1.186,4.618,0.837,0.95
2023-10-11,1.182,4.559,0.843,0.939
2023-10-12,1.195,4.59,0.854,0.94
2023-10-13,1.188,4.594,0.848,0.941
2023-10-16,1.181,4.693,0.84,0.946
2023-10-17,1.161,4.688,0.846,0.95
2023-10-18,1.16,4.718,0.842,0.957
2023-10-19,1.14,4.772,0.832,0.948
2023-10-20,1.13,4.807,0.82,0.928
2023-10-23,1.11,4.805,0.813,0.927
2023-10-24,1.108,4.796,0.815,0.916
2023-10-25,1.12,4.795,0.82,0.925
2023-10-26,1.099,4.804,0.794,0.927
2023-10-27,1.106,4.813,0.79,0.933
2023-10-30,1.14,4.855,0.795,0.935
2023-10-31,1.169,4.84,0.797,0.92
2023-11-01,1.168,4.817,0.8,0.922
2023-11-02,1.162,4.832,0.822,0.922
2023-11-03,1.15,4.832,0.831,0.924
2023-11-06,1.175,4.834,0.838,0.92
2023-11-07,1.206,4.796,0.839,0.916
2023-11-08,1.195,4.791,0.847,0.918
2023-11-09,1.196,4.753,0.848,0.918
2023-11-10,1.194,4.76,0.844,0.92
2023-11-13,1.192,4.744,0.86,0.916
2023-11-14,1.19,4.762,0.861,0.919
2023-11-15,1.199,4.782,0.878,0.922
2023-11-16,1.191,4.789,0.875,0.925
2023-11-17,1.167,4.802,0.874,0.925
2023-11-20,1.175,4.763,0.871,0.925
2023-11-21,1.181,4.738,0.875,0.927
2023-11-22,1.171,4.739,0.865,0.928
2023-11-23,1.155,4.718,0.873,0.926
2023-11-24,1.161,4.715,0.872,0.932
2023-11-27,1.146,4.744,0.869,0.931
2023-11-29,1.145,4.816,0.87,0.926
2023-11-30,1.136,4.819,0.873,0.917
2023-12-01,1.139,4.814,0.866,0.92
2023-12-04,1.141,4.988,0.867,0.928
2023-12-05,1.127,4.808,0.861,0.927
2023-12-06,1.106,4.791,0.869,0.912
2023-12-07,1.112,4.808,0.861,0.911
2023-12-08,1.113,4.805,0.872,0.912
2023-12-11,1.116,4.772,0.88,0.909
2023-12-12,1.133,4.758,0.891,0.921
2023-12-13,1.122,4.751,0.898,0.922
2023-12-14,1.115,4.812,0.909,0.919
2023-12-15,1.103,4.815,0.902,0.917
2023-12-18,1.089,4.801,0.905,0.91
2023-12-19,1.076,4.809,0.911,0.912
2023-12-20,1.082,4.817,0.915,0.91
2023-12-21,1.063,4.819,0.903,0.908
2023-12-22,1.083,4.843,0.908,0.904
2023-12-25,1.08,4.853,0.909,0.908
2023-12-26,1.084,4.864,0.911,0.906
2023-12-27,1.071,4.881,0.917,0.904
2023-12-28,1.07,4.904,0.919,0.913
2023-12-29,1.112,4.866,0.912,0.909
2024-01-02,1.117,4.867,0.911,0.913
2024-01-03,1.095,4.89,0.897,0.922
2024-01-04,1.085,4.862,0.889,0.936
2024-01-05,1.063,4.882,0.888,0.949
2024-01-08,1.048,4.883,0.889,0.943
2024-01-09,1.035,4.878,0.905,0.935
2024-01-10,1.033,4.873,0.913,0.941
2024-01-11,1.032,4.855,0.919,0.936
2024-01-12,1.048,4.866,0.918,0.928
2024-01-15,1.036,4.882,0.919,0.935
2024-01-16,1.029,4.899,0.919,0.941
2024-01-17,1.032,4.882,0.923,0.945
2024-01-18,1.001,4.851,0.917,0.936
2024-01-19,1.019,4.862,0.932,0.925
2024-01-22,1.014,4.869,0.959,0.922
2024-01-23,0.983,4.848,0.969,0.893
2024-01-24,1.003,4.853,0.968,0.904
2024-01-25,0.999,4.832,0.965,0.925
2024-01-26,1.015,4.844,0.952,0.953
2024-01-29,0.996,4.852,0.95,0.97
2024-01-30,0.954,4.864,0.972,0.965
2024-01-31,0.937,4.877,0.958,0.957
2024-02-01,0.927,4.876,0.941,0.955
2024-02-02,0.94,4.893,0.962,0.946
2024-02-05,0.905,4.906,0.971,0.943
2024-02-06,0.915,4.872,0.97,0.941
2024-02-07,0.991,4.868,0.97,0.963
2024-02-08,1.014,4.879,0.979,0.974
2024-02-19,1.035,4.887,0.978,0.974
2024-02-20,1.025,4.862,0.979,0.998
2024-02-21,1.023,4.874,0.967,0.997
2024-02-22,1.034,4.865,0.981,1.007
2024-02-23,1.041,4.862,0.995,1.019
2024-02-26,1.037,4.865,0.99,1.02
2024-02-27,1.03,4.878,0.986,0.996
2024-02-28,1.064,4.872,0.987,1.003
2024-02-29,1.031,4.871,0.979,0.995
2024-03-01,1.069,4.885,0.989,1.001
2024-03-04,1.078,4.953,1.006,1.004
2024-03-05,1.079,5.011,1.0,1.007
2024-03-06,1.079,5.037,0.985,1.016
2024-03-07,1.082,5.078,0.991,1.018
2024-03-08,1.06,5.12,1.007,1.023
2024-03-11,1.07,5.153,0.991,1.024
2024-03-12,1.12,5.134,0.993,1.016
2024-03-13,1.126,5.093,1.003,0.991
2024-03-14,1.121,5.128,0.996,0.991
2024-03-15,1.11,5.113,0.991,0.996
2024-03-18,1.118,5.111,0.985,0.997
2024-03-19,1.138,5.106,0.988,0.998
2024-03-20,1.126,5.112,0.99,0.995
2024-03-21,1.13,5.2,1.007,0.998
2024-03-22,1.121,5.2,1.007,1.004
2024-03-25,1.1,5.202,1.011,1.0
2024-03-26,1.083,5.203,1.006,1.003
2024-03-27,1.088,5.211,1.006,1.003
2024-03-28,1.057,5.233,1.008,0.998
2024-03-29,1.072,5.337,1.007,0.998
2024-04-01,1.081,5.412,1.012,1.014
2024-04-02,1.107,5.394,1.006,1.016
2024-04-03,1.099,5.468,0.998,1.025
2024-04-08,1.085,5.53,0.998,1.029
2024-04-09,1.069,5.65,0.998,1.033
2024-04-10,1.081,5.631,1.003,1.029
2024-04-11,1.05,5.624,0.995,1.029
2024-04-12,1.052,5.719,1.011,1.041
2024-04-15,1.042,5.683,0.996,1.041
2024-04-16,1.056,5.733,0.979,1.064
2024-04-17,1.043,5.726,0.978,1.061
2024-04-18,1.059,5.68,0.965,1.078
2024-04-19,1.052,5.727,0.953,1.074
2024-04-22,1.032,5.722,0.942,1.084
2024-04-23,1.038,5.576,0.948,1.056
2024-04-24,1.039,5.54,0.968,1.042
2024-04-25,1.041,5.532,0.957,1.043
2024-04-26,1.045,5.543,0.97,1.047
2024-04-29,1.084,5.563,0.979,1.035
2024-04-30,1.12,5.554,0.977,1.03
2024-05-06,1.127,5.474,0.98,1.042
2024-05-07,1.124,5.526,0.99,1.048
2024-05-08,1.125,5.508,0.994,1.044
2024-05-09,1.111,5.502,0.991,1.051
2024-05-10,1.129,5.602,0.995,1.06
2024-05-13,1.111,5.605,0.997,1.062
2024-05-14,1.108,5.574,0.999,1.068
2024-05-15,1.104,5.618,1.008,1.066
2024-05-16,1.097,5.711,1.022,1.068
2024-05-17,1.096,5.671,1.02,1.068
2024-05-20,1.111,5.794,1.022,1.076
2024-05-21,1.112,5.821,1.027,1.085
2024-05-22,1.107,5.77,1.031,1.089
2024-05-23,1.116,5.64,1.035,1.085
2024-05-24,1.096,5.543,1.028,1.074
2024-05-27,1.084,5.577,1.032,1.077
2024-05-28,1.088,5.616,1.038,1.095
2024-05-29,1.077,5.626,1.039,1.089
2024-05-30,1.077,5.598,1.027,1.087
2024-05-31,1.084,5.598,1.016,1.083
2024-06-03,1.078,5.592,1.024,1.084
2024-06-04,1.082,5.595,1.025,1.069
2024-06-05,1.097,5.56,1.028,1.076
2024-06-06,1.097,5.659,1.05,1.06
2024-06-07,1.085,5.68,1.05,1.065
2024-06-11,1.061,5.54,1.053,1.073
2024-06-12,1.064,5.502,1.062,1.053
2024-06-13,1.065,5.524,1.082,1.068
2024-06-14,1.061,5.507,1.082,1.054
2024-06-17,1.064,5.555,1.087,1.057
2024-06-18,1.078,5.541,1.1,1.043
2024-06-19,1.084,5.553,1.103,1.047
2024-06-20,1.067,5.578,1.105,1.05
2024-06-21,1.053,5.641,1.095,1.048
2024-06-24,1.043,5.569,1.089,1.048
2024-06-25,1.034,5.554,1.076,1.036
2024-06-26,1.012,5.544,1.091,1.04
2024-06-27,1.031,5.493,1.089,1.045
2024-06-28,1.015,5.535,1.103,1.046
2024-07-01,1.005,5.555,1.101,1.058
2024-07-02,1.003,5.568,1.109,1.077
2024-07-03,0.995,5.564,1.125,1.078
2024-07-04,0.995,5.645,1.15,1.068
2024-07-05,0.986,5.633,1.138,1.064
2024-07-08,0.986,5.688,1.157,1.057
2024-07-09,0.973,5.622,1.161,1.051
2024-07-10,0.985,5.641,1.161,1.062
2024-07-11,0.999,5.663,1.161,1.047
2024-07-12,1.007,5.726,1.127,1.046
2024-07-15,1.005,5.724,1.133,1.045
2024-07-16,0.999,5.746,1.156,1.055
2024-07-17,1.013,5.866,1.15,1.054
2024-07-18,1.008,5.836,1.103,1.045
2024-07-19,1.024,5.773,1.108,1.048
2024-07-22,1.03,5.686,1.096,1.042
2024-07-23,1.03,5.694,1.116,1.031
2024-07-24,0.997,5.691,1.103,1.027
2024-07-25,0.981,5.67,1.063,1.026
2024-07-26,0.985,5.581,1.054,1.022
2024-07-29,0.989,5.655,1.075,1.014
2024-07-30,0.974,5.631,1.072,1.019
2024-07-31,0.973,5.67,1.063,1.012
2024-08-01,1.01,5.762,1.098,1.023
2024-08-02,0.99,5.741,1.059,1.021
2024-08-05,0.973,5.648,0.991,1.022
2024-08-06,0.971,5.639,1.002,1.014
2024-08-07,0.972,5.574,1.0,1.006
2024-08-08,0.967,5.594,0.987,1.012
2024-08-09,0.97,5.663,1.017,1.015
2024-08-12,0.955,5.665,1.018,1.013
2024-08-13,0.951,5.741,1.024,1.018
2024-08-14,0.961,5.74,1.052,1.018
2024-08-15,0.946,5.698,1.051,1.017
2024-08-16,0.954,5.731,1.083,1.027
2024-08-19,0.953,5.77,1.095,1.033
2024-08-20,0.951,5.779,1.099,1.048
2024-08-21,0.935,5.787,1.097,1.038
2024-08-22,0.934,5.803,1.106,1.027
2024-08-23,0.924,5.774,1.085,1.032
2024-08-26,0.926,5.789,1.098,1.027
2024-08-27,0.921,5.801,1.08,1.029
2024-08-28,0.914,5.821,1.076,1.035
2024-08-29,0.911,5.809,1.056,1.028
2024-08-30,0.921,5.798,1.059,1.009
2024-09-02,0.943,5.784,1.074,1.002
2024-09-03,0.919,5.754,1.076,1.005
2024-09-04,0.925,5.757,1.03,0.991
2024-09-05,0.931,5.743,1.024,0.991
2024-09-06,0.937,5.782,1.015,0.99
2024-09-09,0.916,5.753,1.01,0.981
2024-09-10,0.923,5.776,1.026,0.966
2024-09-11,0.92,5.802,1.035,0.964
2024-09-12,0.936,5.801,1.06,0.944
2024-09-13,0.929,5.878,1.074,0.951
2024-09-18,0.923,5.897,1.07,0.946
2024-09-19,0.923,5.862,1.07,0.96
2024-09-20,0.925,5.886,1.087,0.959
2024-09-23,0.919,5.976,1.087,0.958
2024-09-24,0.923,5.994,1.086,0.976
2024-09-25,0.985,6.006,1.073,1.025
2024-09-26,0.978,6.033,1.08,1.029
2024-09-27,1.041,6.031,1.074,1.07
2024-09-30,1.206,5.919,1.061,1.072
2024-10-08,1.618,6.0,1.045,1.222
2024-10-09,1.529,5.945,1.079,1.121
2024-10-10,1.36,5.915,1.087,1.054
2024-10-11,1.314,5.992,1.09,1.108
2024-10-14,1.27,6.03,1.089,1.089
2024-10-15,1.277,6.066,1.099,1.108
2024-10-16,1.227,6.133,1.095,1.084
2024-10-17,1.232,6.176,1.095,1.111
2024-10-18,1.215,6.241,1.099,1.093
2024-10-21,1.326,6.279,1.101,1.102
2024-10-22,1.32,6.313,1.102,1.088
2024-10-23,1.327,6.328,1.104,1.095
2024-10-24,1.313,6.282,1.094,1.091
2024-10-25,1.311,6.287,1.097,1.087
2024-10-28,1.341,6.282,1.111,1.084
2024-10-29,1.338,6.323,1.105,1.089
2024-10-30,1.297,6.41,1.118,1.071
2024-10-31,1.293,6.439,1.103,1.064
2024-11-01,1.29,6.318,1.081,1.061
2024-11-04,1.274,6.309,1.086,1.08
2024-11-05,1.308,6.296,1.084,1.084
2024-11-06,1.372,6.309,1.103,1.098
2024-11-07,1.347,6.155,1.143,1.091
2024-11-08,1.437,6.213,1.151,1.116
2024-11-11,1.375,6.198,1.156,1.097
2024-11-12,1.441,6.106,1.158,1.086
2024-11-13,1.421,6.089,1.155,1.08
2024-11-14,1.447,6.037,1.154,1.082
2024-11-15,1.392,5.983,1.143,1.078
2024-11-18,1.345,6.032,1.126,1.081
2024-11-19,1.314,6.098,1.128,1.096
2024-11-20,1.353,6.172,1.143,1.094
2024-11-21,1.352,6.195,1.136,1.098
2024-11-22,1.353,6.255,1.145,1.097
2024-11-25,1.312,6.303,1.155,1.068
2024-11-26,1.297,6.139,1.15,1.068
2024-11-27,1.287,6.133,1.16,1.07
2024-11-28,1.324,6.122,1.151,1.086
2024-11-29,1.296,6.17,1.153,1.083
2024-12-02,1.33,6.146,1.161,1.087
2024-12-03,1.351,6.199,1.175,1.087
2024-12-04,1.34,6.22,1.187,1.098
2024-12-05,1.325,6.223,1.196,1.1
2024-12-06,1.33,6.154,1.19,1.101
2024-12-09,1.357,6.233,1.201,1.115
2024-12-10,1.416,6.251,1.191,1.14
2024-12-11,1.352,6.311,1.195,1.118
2024-12-12,1.354,6.318,1.22,1.121
2024-12-13,1.366,6.307,1.221,1.121
2024-12-16,1.338,6.228,1.231,1.104
2024-12-17,1.318,6.243,1.266,1.119
2024-12-18,1.321,6.234,1.257,1.117
2024-12-19,1.303,6.152,1.223,1.116
2024-12-20,1.324,6.16,1.227,1.107
2024-12-23,1.321,6.201,1.227,1.101
2024-12-24,1.311,6.211,1.266,1.104
2024-12-25,1.325,6.22,1.266,1.116
2024-12-26,1.317,6.246,1.263,1.121
2024-12-27,1.322,6.238,1.256,1.116
2024-12-30,1.318,6.225,1.236,1.121
2024-12-31,1.32,6.202,1.228,1.131
2025-01-02,1.282,6.26,1.229,1.121
2025-01-03,1.233,6.313,1.241,1.101
2025-01-06,1.21,6.314,1.259,1.085
2025-01-07,1.199,6.287,1.29,1.087
2025-01-08,1.203,6.307,1.246,1.087
2025-01-09,1.196,6.328,1.255,1.093
2025-01-10,1.204,6.372,1.246,1.081
2025-01-13,1.17,6.401,1.235,1.067
2025-01-14,1.19,6.361,1.228,1.061
2025-01-15,1.237,6.368,1.228,1.073
2025-01-16,1.226,6.431,1.254,1.08
2025-01-17,1.221,6.441,1.237,1.086
2025-01-20,1.248,6.397,1.255,1.088
2025-01-21,1.273,6.397,1.26,1.088
2025-01-22,1.262,6.484,1.272,1.076
2025-01-23,1.272,6.485,1.276,1.069
2025-01-24,1.25,6.511,1.263,1.078
2025-01-27,1.273,6.516,1.233,1.085
2025-02-05,1.247,6.71,1.23,1.098
2025-02-06,1.236,6.753,1.242,1.077
2025-02-07,1.271,6.733,1.245,1.076
2025-02-10,1.305,6.772,1.23,1.078
2025-02-11,1.31,6.93,1.228,1.078
2025-02-12,1.286,6.86,1.222,1.088
2025-02-13,1.311,6.882,1.225,1.09
2025-02-14,1.303,6.918,1.23,1.091
2025-02-17,1.34,6.795,1.23,1.094
2025-02-18,1.333,6.817,1.232,1.092
2025-02-19,1.307,6.911,1.236,1.093
2025-02-20,1.332,6.938,1.229,1.091
2025-02-21,1.332,6.929,1.218,1.09
2025-02-24,1.366,6.862,1.192,1.08
2025-02-25,1.337,6.931,1.179,1.078
2025-02-26,1.342,6.882,1.167,1.072
2025-02-27,1.359,6.845,1.167,1.079
2025-02-28,1.343,6.791,1.151,1.088
2025-03-03,1.3,6.758,1.147,1.084
2025-03-04,1.305,6.807,1.13,1.08
2025-03-05,1.311,6.843,1.137,1.084
2025-03-06,1.32,6.864,1.15,1.091
2025-03-07,1.333,6.827,1.127,1.085
2025-03-10,1.323,6.855,1.122,1.085
2025-03-11,1.307,6.815,1.07,1.076
2025-03-12,1.323,6.834,1.073,1.084
2025-03-13,1.31,6.89,1.088,1.085
2025-03-14,1.297,7.022,1.069,1.091
2025-03-17,1.339,6.993,1.09,1.102
2025-03-18,1.331,7.015,1.093,1.105
2025-03-19,1.335,7.087,1.084,1.102
2025-03-20,1.329,7.159,1.1,1.109
2025-03-21,1.315,7.142,1.105,1.103
2025-03-24,1.29,7.104,1.118,1.101
2025-03-25,1.291,7.083,1.15,1.109
2025-03-26,1.284,7.109,1.151,1.114
2025-03-27,1.279,7.131,1.118,1.111
2025-03-28,1.286,7.229,1.114,1.115
2025-03-31,1.273,7.275,1.071,1.112
2025-04-01,1.262,7.397,1.072,1.111
2025-04-02,1.258,7.416,1.09,1.114
2025-04-03,1.251,7.476,1.066,1.118
2025-04-07,1.18,7.266,0.959,1.107
2025-04-08,1.09,7.198,0.987,1.065
2025-04-09,1.074,7.236,0.96,1.076
2025-04-10,1.147,7.426,1.088,1.088
2025-04-11,1.128,7.691,1.04,1.087
2025-04-14,1.17,7.643,1.08,1.089
2025-04-15,1.157,7.682,1.074,1.095
2025-04-16,1.154,7.806,1.054,1.104
2025-04-17,1.136,8.051,1.035,1.114
2025-04-18,1.143,7.933,1.045,1.116
2025-04-21,1.143,8.049,1.039,1.12
2025-04-22,1.164,8.223,1.035,1.115
2025-04-23,1.169,8.112,1.062,1.122
2025-04-24,1.173,8.044,1.072,1.115
2025-04-25,1.166,8.021,1.09,1.126
2025-04-28,1.171,7.86,1.088,1.124
2025-04-29,1.163,7.922,1.098,1.128
2025-04-30,1.164,7.894,1.095,1.126
2025-05-06,1.183,7.97,1.112,1.109
2025-05-07,1.218,7.979,1.105,1.113
2025-05-08,1.198,8.05,1.114,1.117
2025-05-09,1.224,7.877,1.119,1.123
2025-05-12,1.228,7.72,1.137,1.132
2025-05-13,1.262,7.639,1.155,1.134
2025-05-14,1.241,7.662,1.17,1.144
2025-05-15,1.251,7.513,1.18,1.151
2025-05-16,1.227,7.54,1.178,1.146
2025-05-19,1.225,7.561,1.169,1.139
2025-05-20,1.229,7.572,1.18,1.143
2025-05-21,1.234,7.737,1.176,1.147
2025-05-22,1.243,7.842,1.158,1.155
2025-05-23,1.231,7.767,1.156,1.159
2025-05-26,1.215,7.797,1.155,1.15
2025-05-27,1.207,7.797,1.155,1.148
2025-05-28,1.205,7.718,1.18,1.149
2025-05-29,1.199,7.628,1.195,1.154
2025-05-30,1.209,7.747,1.167,1.153
2025-06-03,1.202,7.853,1.18,1.157
2025-06-04,1.21,7.847,1.187,1.168
2025-06-05,1.224,7.861,1.185,1.174
2025-06-06,1.235,7.849,1.172,1.166
2025-06-09,1.234,7.722,1.182,1.169
2025-06-10,1.243,7.729,1.188,1.169
2025-06-11,1.23,7.776,1.186,1.169
2025-06-12,1.241,7.863,1.181,1.173
2025-06-13,1.243,7.98,1.167,1.176
2025-06-16,1.235,7.996,1.174,1.168
2025-06-17,1.245,7.894,1.184,1.175
2025-06-18,1.242,7.867,1.181,1.172
2025-06-19,1.24,7.867,1.173,1.177
2025-06-20,1.224,7.821,1.174,1.177
2025-06-23,1.211,7.805,1.166,1.181
2025-06-24,1.223,7.795,1.193,1.188
2025-06-25,1.253,7.734,1.2,1.191
2025-06-26,1.287,7.746,1.204,1.198
2025-06-27,1.282,7.724,1.213,1.206
2025-06-30,1.287,7.673,1.224,1.184
2025-07-01,1.302,7.711,1.228,1.188
2025-07-02,1.299,7.748,1.215,1.196
2025-07-03,1.287,7.763,1.225,1.2
2025-07-04,1.309,7.757,1.234,1.2
2025-07-07,1.301,7.707,1.228,1.211
2025-07-08,1.292,7.75,1.229,1.218
2025-07-09,1.319,7.71,1.228,1.213
2025-07-10,1.324,7.719,1.23,1.223
2025-07-11,1.324,7.729,1.227,1.23
2025-07-14,1.335,7.785,1.222,1.219
2025-07-15,1.333,7.779,1.229,1.227
2025-07-16,1.353,7.765,1.233,1.218
2025-07-17,1.347,7.765,1.236,1.209
2025-07-18,1.377,7.755,1.247,1.209
2025-07-21,1.378,7.776,1.249,1.213
2025-07-22,1.389,7.843,1.251,1.214
2025-07-23,1.397,7.888,1.244,1.216
2025-07-24,1.402,7.818,1.252,1.215
2025-07-25,1.42,7.783,1.252,1.207
2025-07-28,1.415,7.731,1.258,1.197
2025-07-29,1.429,7.711,1.263,1.195
2025-07-30,1.457,7.747,1.259,1.189
2025-07-31,1.437,7.694,1.277,1.194
2025-08-01,1.401,7.692,1.255,1.18
2025-08-04,1.396,7.796,1.235,1.176
2025-08-05,1.419,7.842,1.256,1.188
2025-08-06,1.415,7.832,1.244,1.201
2025-08-07,1.427,7.836,1.267,1.201
2025-08-08,1.415,7.85,1.268,1.205
2025-08-11,1.412,7.824,1.278,1.207
2025-08-12,1.441,7.769,1.278,1.198
2025-08-13,1.459,7.755,1.293,1.203
2025-08-14,1.513,7.787,1.29,1.197
2025-08-15,1.486,7.742,1.291,1.199
2025-08-18,1.54,7.759,1.289,1.193
2025-08-19,1.569,7.742,1.283,1.198
2025-08-20,1.56,7.721,1.26,1.195
2025-08-21,1.578,7.76,1.259,1.207
2025-08-22,1.564,7.756,1.261,1.212
2025-08-25,1.642,7.781,1.274,1.209
2025-08-26,1.67,7.799,1.271,1.219
2025-08-27,1.657,7.818,1.276,1.214
2025-08-28,1.636,7.823,1.274,1.196
2025-08-29,1.713,7.839,1.276,1.195
2025-09-01,1.758,7.904,1.262,1.194
2025-09-02,1.789,8.086,1.259,1.192
2025-09-03,1.74,8.131,1.251,1.2
2025-09-04,1.761,8.167,1.264,1.186
2025-09-05,1.678,8.145,1.276,1.189
2025-09-08,1.797,8.187,1.276,1.182
2025-09-09,1.753,8.31,1.275,1.185
2025-09-10,1.738,8.305,1.279,1.188
2025-09-11,1.755,8.338,1.281,1.188
2025-09-12,1.839,8.313,1.287,1.19
2025-09-15,1.831,8.306,1.291,1.184
2025-09-16,1.847,8.397,1.301,1.175
2025-09-17,1.856,8.408,1.299,1.17
2025-09-18,1.888,8.297,1.301,1.174
2025-09-19,1.868,8.285,1.311,1.153
2025-09-22,1.866,8.395,1.32,1.158
2025-09-23,1.898,8.506,1.333,1.15
2025-09-24,1.86,8.536,1.329,1.155
2025-09-25,1.922,8.554,1.325,1.157
2025-09-26,1.946,8.536,1.319,1.147
2025-09-29,1.905,8.566,1.328,1.148
2025-09-30,1.961,8.738,1.337,1.146
2025-10-09,1.96,9.18,1.367,1.138
2025-10-10,1.953,9.068,1.364,1.142
2025-10-13,1.791,9.196,1.334,1.146
2025-10-14,1.88,9.532,1.362,1.155
2025-10-15,1.79,9.568,1.338,1.176
2025-10-16,1.819,9.703,1.349,1.182
2025-10-17,1.829,9.969,1.354,1.189
2025-10-20,1.81,9.775,1.355,1.186
2025-10-21,1.829,9.973,1.39,1.184
2025-10-22,1.85,9.343,1.385,1.189
2025-10-23,1.841,9.386,1.401,1.199
2025-10-24,1.866,9.476,1.435,1.204
2025-10-27,1.953,9.381,1.446,1.194
2025-10-28,1.943,9.219,1.469,1.198
2025-10-29,1.97,9.086,1.473,1.196
2025-10-30,2.009,9.069,1.477,1.185
2025-10-31,1.968,9.228,1.465,1.189
2025-11-03,1.923,9.172,1.463,1.189
2025-11-04,1.93,9.169,1.455,1.204
2025-11-05,1.864,9.065,1.4,1.216
2025-11-06,1.919,9.126,1.431,1.216
2025-11-07,1.939,9.184,1.427,1.215
2025-11-10,1.951,9.28,1.449,1.217
2025-11-11,1.932,9.506,1.478,1.227
2025-11-12,1.887,9.503,1.472,1.232
2025-11-13,1.889,9.597,1.468,1.242
2025-11-14,1.915,9.55,1.437,1.237
2025-11-17,1.87,9.345,1.442,1.234
2025-11-18,1.871,9.25,1.406,1.222
2025-11-19,1.859,9.305,1.376,1.215
2025-11-20,1.886,9.388,1.41,1.217
2025-11-21,1.817,9.326,1.37,1.222
2025-11-24,1.778,9.277,1.398,1.212
2025-11-25,1.792,9.401,1.429,1.202
2025-11-26,1.806,9.45,1.433,1.209
2025-11-27,1.841,9.433,1.453,1.201
2025-11-28,1.83,9.522,1.445,1.203
2025-12-01,1.851,9.594,1.443,1.204
2025-12-02,1.868,9.573,1.448,1.211
2025-12-03,1.86,9.566,1.45,1.208
2025-12-04,1.835,9.548,1.457,1.203
2025-12-05,1.864,9.527,1.461,1.198
2025-12-08,1.888,9.557,1.46,1.191
2025-12-09,1.924,9.517,1.448,1.19
2025-12-10,1.938,9.55,1.431,1.181
2025-12-11,1.94,9.603,1.438,1.177
2025-12-12,1.916,9.633,1.437,1.174
2025-12-15,1.911,9.74,1.411,1.17
2025-12-16,1.893,9.71,1.404,1.176
2025-12-17,1.861,9.738,1.403,1.168
2025-12-18,1.911,9.76,1.388,1.17
2025-12-19,1.898,9.753,1.41,1.182
2025-12-22,1.904,9.812,1.438,1.181
2025-12-23,1.935,10.1,1.441,1.174
2025-12-24,1.94,10.18,1.44,1.173
2025-12-25,1.956,10.039,1.432,1.177
2025-12-26,1.958,10.135,1.429,1.177
2025-12-29,1.959,10.105,1.42,1.176
2025-12-30,1.942,9.757,1.409,1.174
2025-12-31,1.96,9.809,1.412,1.175
2026-01-05,1.954,9.869,1.416,1.176
2026-01-06,1.996,9.998,1.428,1.173
2026-01-07,2.011,10.047,1.435,1.174
2026-01-08,2.004,10.006,1.425,1.169
2026-01-09,1.99,9.991,1.417,1.161
2026-01-12,2.013,10.244,1.417,1.162
2026-01-13,2.055,10.257,1.413,1.164
2026-01-14,2.012,10.329,1.417,1.167
2026-01-15,2.015,10.345,1.402,1.157
2026-01-16,2.056,10.339,1.413,1.153
2026-01-19,2.022,10.443,1.392,1.143
2026-01-20,2.021,10.506,1.396,1.144
2026-01-21,1.975,10.909,1.379,1.16
2026-01-22,2.001,10.8,1.395,1.149
2026-01-23,2.016,11.097,1.413,1.151
2026-01-26,2.029,11.408,1.397,1.148
2026-01-27,2.013,11.401,1.397,1.155
2026-01-28,2.029,11.664,1.412,1.147
2026-01-29,2.01,12.409,1.407,1.15
2026-01-30,1.992,11.995,1.396,1.169
2026-02-02,2.027,10.402,1.388,1.165
2026-02-03,1.995,10.858,1.389,1.154
2026-02-04,2.003,11.397,1.365,1.149
2026-02-05,1.999,11.185,1.364,1.166
2026-02-06,1.951,10.548,1.341,1.179
2026-02-09,1.996,11.249,1.369,1.177
2026-02-10,2.015,11.236,1.376,1.182
2026-02-11,2.007,11.22,1.371,1.185
2026-02-12,1.991,11.263,1.368,1.187
2026-02-13,2.004,11.104,1.35,1.176
2026-02-24,2.01,11.457,1.354,1.17
2026-02-25,2.004,11.49,1.36,1.172
2026-02-26,2.029,11.48,1.362,1.171
2026-02-27,2.01,11.451,1.35,1.168
2026-03-02,1.977,11.87,1.341,1.17
2026-03-03,2.004,11.959,1.345,1.183
2026-03-04,1.93,11.544,1.325,1.194
2026-03-05,1.945,11.532,1.335,1.179
2026-03-06,1.943,11.359,1.338,1.18
2026-03-09,1.929,11.377,1.301,1.19
2026-03-10,1.972,11.469,1.335,1.184
2026-03-11,2.004,11.559,1.335,1.184
2026-03-12,2.025,11.47,1.329,1.196
2026-03-13,1.993,11.395,1.319,1.201
2026-03-16,2.002,11.159,1.313,1.205
2026-03-17,2.045,11.172,1.325,1.203
2026-03-18,1.995,11.151,1.328,1.21
2026-03-19,2.001,10.786,1.317,1.202
2026-03-20,2.021,10.391,1.312,1.199
2026-03-23,2.001,9.93,1.28,1.19
2026-03-24,1.982,9.654,1.272,1.161
2026-03-25,1.982,10.19,1.288,1.177
2026-03-26,1.999,10.101,1.29,1.186
2026-03-27,1.96,9.818,1.26,1.182
2026-03-30,1.969,9.961,1.251,1.179
2026-03-31,1.979,10.235,1.25,1.193
2026-04-01,1.967,10.417,1.284,1.199
2026-04-02,1.952,10.506,1.293,1.196
2026-04-03,1.93,10.381,1.298,1.201
2026-04-07,1.911,10.312,1.288,1.188
2026-04-08,2.095,10.617,1.325,1.18
2026-04-09,2.015,10.4,1.33,1.189
2026-04-10,2.026,10.46,1.347,1.182
2026-04-13,2.071,10.411,1.339,1.181
2026-04-14,2.135,10.484,1.361,1.177
2026-04-15,2.177,10.6,1.386,1.182
2026-04-16,2.135,10.581,1.405,1.188
2026-04-17,2.207,10.507,1.408,1.188
2026-04-20,2.216,10.518,1.412,1.184
2026-04-21,2.219,10.551,1.407,1.19
2026-04-22,2.225,10.45,1.4,1.196
2026-04-23,2.287,10.438,1.416,1.192
2026-04-24,2.242,10.375,1.418,1.198
2026-04-27,2.231,10.319,1.432,1.197
2026-04-28,2.205,10.333,1.45,1.188
2026-04-29,2.175,10.13,1.45,1.194
2026-04-30,2.248,10.102,1.461,1.196
2026-05-06,2.271,10.152,1.502,1.188
2026-05-07,2.314,10.363,1.513,1.182
2026-05-08,2.308,10.363,1.532,1.178
