日期,159915,159934,159937,159941,159952,510310,512040,512890,513100,518800,518880
2023-02-09,2.444,4.188,4.008,0.656,1.478,3.61,0.78,0.835,0.871,4.207,4.01
2023-02-10,2.493,4.177,3.998,0.651,1.51,3.664,0.788,0.846,0.863,4.195,3.997
2023-02-13,2.463,4.177,3.997,0.645,1.495,3.642,0.788,0.85,0.856,4.192,4.03
2023-02-14,2.502,4.179,4.005,0.655,1.513,3.68,0.796,0.854,0.869,4.208,3.999
2023-02-15,2.488,4.194,4.015,0.659,1.506,3.682,0.804,0.857,0.875,4.214,4.017
2023-02-16,2.473,4.175,4.002,0.669,1.493,3.662,0.796,0.855,0.888,4.193,3.995
2023-02-17,2.433,4.178,4.0,0.657,1.471,3.632,0.789,0.851,0.87,4.198,3.999
2023-02-20,2.372,4.182,4.006,0.652,1.429,3.58,0.79,0.848,0.863,4.202,4.008
2023-02-21,2.401,4.187,4.008,0.651,1.455,3.678,0.808,0.865,0.865,4.204,4.01
2023-02-22,2.385,4.188,3.997,0.641,1.445,3.66,0.821,0.872,0.851,4.204,4.011
2023-02-23,2.379,4.179,4.002,0.644,1.443,3.648,0.82,0.882,0.855,4.204,4.007
2023-02-24,2.388,4.197,4.011,0.647,1.444,3.648,0.817,0.872,0.86,4.208,4.013
2023-02-27,2.347,4.193,4.012,0.642,1.423,3.582,0.818,0.876,0.853,4.215,4.02
2023-02-28,2.35,4.201,4.013,0.646,1.422,3.6,0.817,0.869,0.857,4.212,4.017
2023-03-01,2.358,4.205,4.026,0.64,1.429,3.616,0.82,0.873,0.85,4.223,4.029
2023-03-02,2.368,4.198,4.023,0.636,1.433,3.666,0.824,0.881,0.845,4.222,4.02
2023-03-03,2.353,4.214,4.034,0.638,1.425,3.666,0.827,0.888,0.847,4.232,4.038
2023-03-06,2.356,4.24,4.06,0.651,1.425,3.668,0.829,0.894,0.865,4.259,4.063
2023-03-07,2.354,4.249,4.076,0.657,1.425,3.642,0.822,0.895,0.874,4.27,4.072
2023-03-08,2.303,4.214,4.04,0.651,1.396,3.588,0.812,0.885,0.866,4.234,4.032
2023-03-09,2.309,4.212,4.028,0.652,1.398,3.584,0.813,0.889,0.866,4.227,4.032
2023-03-10,2.295,4.236,4.055,0.639,1.393,3.542,0.808,0.889,0.851,4.256,4.059
2023-03-13,2.295,4.286,4.102,0.634,1.391,3.52,0.795,0.867,0.844,4.309,4.106
2023-03-14,2.285,4.307,4.124,0.635,1.384,3.552,0.802,0.883,0.846,4.328,4.125
2023-03-15,2.285,4.32,4.138,0.645,1.386,3.546,0.793,0.881,0.857,4.343,4.14
2023-03-16,2.257,4.35,4.16,0.65,1.367,3.502,0.798,0.89,0.864,4.366,4.168
2023-03-17,2.248,4.361,4.18,0.665,1.365,3.51,0.798,0.887,0.884,4.382,4.178
2023-03-20,2.229,4.46,4.267,0.664,1.351,3.512,0.801,0.896,0.881,4.478,4.269
2023-03-21,2.233,4.499,4.32,0.663,1.353,3.494,0.795,0.892,0.88,4.53,4.32
2023-03-22,2.27,4.418,4.232,0.672,1.375,3.532,0.796,0.891,0.893,4.447,4.226
2023-03-23,2.262,4.446,4.254,0.664,1.37,3.524,0.806,0.895,0.882,4.469,4.259
2023-03-24,2.292,4.468,4.281,0.67,1.387,3.582,0.812,0.897,0.888,4.485,4.28
2023-03-27,2.293,4.453,4.27,0.676,1.389,3.572,0.803,0.891,0.897,4.479,4.267
2023-03-28,2.322,4.424,4.235,0.674,1.407,3.556,0.798,0.88,0.891,4.447,4.233
2023-03-29,2.3,4.436,4.245,0.673,1.39,3.552,0.799,0.886,0.89,4.465,4.248
2023-03-30,2.3,4.427,4.237,0.683,1.389,3.55,0.793,0.883,0.902,4.448,4.241
2023-03-31,2.321,4.453,4.263,0.688,1.402,3.586,0.801,0.883,0.912,4.473,4.262
2023-04-03,2.327,4.426,4.264,0.693,1.413,3.596,0.804,0.889,0.919,4.454,4.27
2023-04-04,2.366,4.446,4.255,0.695,1.432,3.634,0.813,0.896,0.921,4.464,4.26
2023-04-06,2.334,4.526,4.329,0.684,1.416,3.64,0.81,0.902,0.907,4.542,4.329
2023-04-07,2.351,4.522,4.328,0.69,1.425,3.636,0.807,0.896,0.915,4.545,4.324
2023-04-10,2.379,4.49,4.308,0.688,1.439,3.668,0.806,0.893,0.914,4.525,4.301
2023-04-11,2.367,4.472,4.286,0.69,1.434,3.65,0.804,0.892,0.915,4.497,4.283
2023-04-12,2.364,4.515,4.32,0.686,1.431,3.636,0.808,0.905,0.91,4.536,4.327
2023-04-13,2.345,4.528,4.336,0.678,1.421,3.632,0.813,0.923,0.899,4.546,4.335
2023-04-14,2.342,4.572,4.375,0.69,1.418,3.628,0.818,0.923,0.915,4.593,4.382
2023-04-17,2.354,4.486,4.3,0.689,1.424,3.634,0.821,0.919,0.915,4.52,4.297
2023-04-18,2.362,4.492,4.303,0.688,1.429,3.688,0.833,0.929,0.914,4.51,4.301
2023-04-19,2.356,4.499,4.309,0.689,1.427,3.698,0.845,0.932,0.914,4.527,4.314
2023-04-20,2.337,4.483,4.297,0.688,1.418,3.662,0.838,0.934,0.913,4.509,4.298
2023-04-21,2.318,4.503,4.308,0.685,1.401,3.644,0.839,0.941,0.91,4.52,4.313
2023-04-24,2.267,4.47,4.282,0.684,1.373,3.576,0.826,0.929,0.908,4.487,4.29
2023-04-25,2.236,4.495,4.305,0.684,1.352,3.536,0.822,0.925,0.908,4.518,4.31
2023-04-26,2.187,4.517,4.323,0.683,1.324,3.516,0.814,0.932,0.907,4.542,4.328
2023-04-27,2.219,4.514,4.319,0.682,1.348,3.51,0.827,0.935,0.905,4.535,4.322
2023-04-28,2.247,4.498,4.296,0.696,1.362,3.54,0.822,0.94,0.921,4.516,4.3
2023-05-04,2.253,4.604,4.407,0.69,1.363,3.552,0.836,0.961,0.916,4.627,4.41
2023-05-05,2.228,4.612,4.41,0.689,1.348,3.576,0.847,0.988,0.915,4.632,4.416
2023-05-08,2.21,4.566,4.354,0.7,1.336,3.566,0.856,0.985,0.93,4.591,4.358
2023-05-09,2.209,4.561,4.365,0.701,1.338,3.6,0.873,1.011,0.931,4.579,4.371
2023-05-10,2.176,4.588,4.401,0.699,1.323,3.566,0.864,0.995,0.927,4.606,4.393
2023-05-11,2.201,4.593,4.4,0.709,1.33,3.55,0.851,0.972,0.94,4.614,4.403
2023-05-12,2.211,4.569,4.383,0.715,1.34,3.536,0.847,0.972,0.947,4.597,4.38
2023-05-15,2.192,4.569,4.376,0.709,1.328,3.49,0.838,0.959,0.943,4.59,4.382
2023-05-16,2.242,4.574,4.379,0.714,1.357,3.554,0.832,0.953,0.947,4.597,4.385
2023-05-17,2.23,4.54,4.35,0.72,1.351,3.526,0.832,0.944,0.954,4.574,4.352
2023-05-18,2.233,4.534,4.347,0.728,1.354,3.516,0.834,0.949,0.965,4.564,4.347
2023-05-19,2.212,4.506,4.33,0.748,1.341,3.506,0.832,0.952,0.992,4.54,4.327
2023-05-22,2.216,4.544,4.345,0.745,1.343,3.506,0.828,0.939,0.985,4.558,4.351
2023-05-23,2.216,4.525,4.34,0.751,1.342,3.524,0.823,0.941,0.993,4.551,4.339
2023-05-24,2.181,4.55,4.356,0.742,1.324,3.466,0.819,0.924,0.982,4.563,4.363
2023-05-25,2.179,4.516,4.322,0.746,1.321,3.416,0.806,0.912,0.987,4.542,4.327
2023-05-26,2.183,4.505,4.309,0.755,1.322,3.408,0.796,0.905,1.0,4.525,4.317
2023-05-29,2.171,4.501,4.302,0.777,1.317,3.43,0.803,0.926,1.029,4.521,4.31
2023-05-30,2.139,4.499,4.312,0.777,1.297,3.394,0.806,0.921,1.032,4.52,4.31
2023-05-31,2.149,4.53,4.338,0.779,1.304,3.396,0.813,0.928,1.034,4.59,4.341
2023-06-01,2.133,4.561,4.363,0.775,1.29,3.368,0.801,0.918,1.028,4.579,4.373
2023-06-02,2.156,4.572,4.378,0.785,1.306,3.39,0.799,0.933,1.041,4.593,4.382
2023-06-05,2.173,4.493,4.338,0.789,1.32,3.426,0.819,0.93,1.048,4.577,4.33
2023-06-06,2.14,4.544,4.351,0.792,1.299,3.412,0.818,0.939,1.05,4.564,4.357
2023-06-07,2.105,4.556,4.362,0.792,1.276,3.384,0.804,0.931,1.05,4.579,4.368
2023-06-08,2.075,4.528,4.344,0.782,1.256,3.362,0.812,0.941,1.036,4.553,4.341
2023-06-09,2.073,4.555,4.361,0.788,1.257,3.392,0.819,0.947,1.045,4.574,4.366
2023-06-12,2.08,4.556,4.364,0.795,1.262,3.404,0.818,0.949,1.055,4.581,4.368
2023-06-13,2.093,4.571,4.375,0.811,1.274,3.406,0.812,0.938,1.079,4.592,4.383
2023-06-14,2.115,4.553,4.363,0.818,1.282,3.432,0.81,0.936,1.089,4.584,4.362
2023-06-15,2.114,4.541,4.339,0.824,1.279,3.452,0.811,0.931,1.093,4.562,4.348
2023-06-16,2.185,4.548,4.355,0.828,1.323,3.512,0.811,0.935,1.098,4.566,4.36
2023-06-19,2.211,4.557,4.361,0.826,1.339,3.54,0.819,0.933,1.097,4.574,4.365
2023-06-20,2.203,4.555,4.363,0.827,1.338,3.506,0.81,0.916,1.096,4.578,4.368
2023-06-21,2.206,4.544,4.348,0.829,1.335,3.494,0.804,0.911,1.1,4.574,4.36
2023-06-26,2.14,4.54,4.349,0.823,1.296,3.44,0.801,0.898,1.091,4.563,4.353
2023-06-27,2.133,4.547,4.35,0.812,1.294,3.406,0.791,0.887,1.077,4.572,4.358
2023-06-28,2.134,4.523,4.323,0.821,1.296,3.434,0.799,0.905,1.088,4.544,4.33
2023-06-29,2.121,4.524,4.332,0.829,1.287,3.434,0.812,0.91,1.098,4.541,4.335
2023-06-30,2.126,4.541,4.339,0.829,1.288,3.418,0.812,0.906,1.099,4.561,4.35
2023-07-03,2.168,4.552,4.356,0.84,1.314,3.454,0.823,0.912,1.116,4.57,4.364
2023-07-04,2.169,4.549,4.355,0.84,1.319,3.476,0.829,0.922,1.114,4.568,4.358
2023-07-05,2.176,4.555,4.36,0.838,1.32,3.492,0.827,0.921,1.112,4.572,4.366
2023-07-06,2.15,4.555,4.365,0.841,1.305,3.46,0.822,0.919,1.115,4.575,4.365
2023-07-07,2.13,4.542,4.365,0.835,1.293,3.434,0.813,0.913,1.106,4.556,4.345
2023-07-10,2.127,4.556,4.36,0.83,1.288,3.446,0.821,0.922,1.101,4.575,4.367
2023-07-11,2.147,4.565,4.364,0.831,1.304,3.45,0.822,0.92,1.1,4.578,4.37
2023-07-12,2.162,4.563,4.371,0.834,1.311,3.476,0.824,0.922,1.104,4.584,4.375
2023-07-13,2.151,4.592,4.395,0.841,1.305,3.468,0.82,0.924,1.113,4.61,4.407
2023-07-14,2.184,4.589,4.397,0.855,1.324,3.52,0.829,0.934,1.129,4.622,4.399
2023-07-17,2.163,4.584,4.388,0.85,1.312,3.504,0.83,0.935,1.126,4.606,4.394
2023-07-19,2.145,4.657,4.46,0.872,1.29,3.48,0.827,0.929,1.153,4.678,4.463
2023-07-20,2.129,4.67,4.471,0.87,1.289,3.48,0.829,0.938,1.152,4.692,4.477
2023-07-21,2.1,4.64,4.445,0.849,1.275,3.45,0.823,0.927,1.124,4.666,4.443
2023-07-24,2.1,4.638,4.437,0.849,1.277,3.448,0.825,0.931,1.124,4.66,4.45
2023-07-25,2.123,4.625,4.424,0.852,1.286,3.48,0.823,0.935,1.131,4.643,4.426
2023-07-26,2.13,4.618,4.424,0.855,1.295,3.538,0.842,0.947,1.13,4.638,4.425
2023-07-27,2.14,4.634,4.435,0.855,1.3,3.54,0.844,0.945,1.131,4.655,4.439
2023-07-28,2.12,4.608,4.417,0.856,1.29,3.516,0.84,0.946,1.133,4.635,4.421
2023-07-31,2.172,4.608,4.406,0.867,1.315,3.644,0.857,0.966,1.146,4.622,4.408
2023-08-01,2.18,4.617,4.414,0.869,1.325,3.63,0.856,0.969,1.151,4.634,4.423
2023-08-02,2.166,4.612,4.41,0.866,1.314,3.616,0.865,0.97,1.149,4.635,4.414
2023-08-03,2.158,4.602,4.409,0.847,1.31,3.588,0.846,0.958,1.121,4.625,4.41
2023-08-04,2.21,4.588,4.39,0.845,1.341,3.654,0.852,0.968,1.121,4.607,4.389
2023-08-07,2.198,4.606,4.41,0.844,1.336,3.632,0.848,0.962,1.121,4.624,4.416
2023-08-08,2.183,4.601,4.405,0.847,1.324,3.6,0.836,0.952,1.123,4.624,4.41
2023-08-09,2.17,4.599,4.404,0.844,1.317,3.598,0.836,0.955,1.119,4.624,4.412
2023-08-10,2.173,4.594,4.395,0.834,1.318,3.596,0.836,0.951,1.107,4.605,4.395
2023-08-11,2.187,4.588,4.393,0.836,1.326,3.608,0.839,0.951,1.111,4.607,4.401
2023-08-14,2.112,4.603,4.408,0.832,1.29,3.47,0.828,0.932,1.104,4.625,4.415
2023-08-15,2.112,4.613,4.414,0.844,1.283,3.486,0.826,0.938,1.119,4.626,4.421
2023-08-16,2.085,4.62,4.422,0.839,1.265,3.474,0.826,0.942,1.113,4.644,4.433
2023-08-17,2.078,4.614,4.42,0.828,1.26,3.44,0.829,0.935,1.098,4.643,4.422
2023-08-18,2.09,4.607,4.416,0.817,1.269,3.462,0.829,0.937,1.086,4.633,4.417
2023-08-21,2.061,4.611,4.414,0.818,1.255,3.41,0.821,0.936,1.084,4.632,4.422
2023-08-22,2.043,4.625,4.428,0.828,1.237,3.376,0.813,0.93,1.098,4.647,4.434
2023-08-23,2.023,4.63,4.43,0.832,1.233,3.38,0.808,0.936,1.104,4.652,4.44
2023-08-24,1.995,4.662,4.449,0.85,1.211,3.352,0.805,0.941,1.127,4.668,4.461
2023-08-25,2.0,4.649,4.452,0.826,1.218,3.346,0.804,0.932,1.097,4.669,4.452
2023-08-28,2.136,4.636,4.419,0.829,1.273,3.596,0.843,0.97,1.102,4.658,4.438
2023-08-29,2.002,4.651,4.449,0.841,1.217,3.392,0.815,0.945,1.113,4.675,4.459
2023-08-30,2.064,4.667,4.467,0.858,1.255,3.434,0.827,0.947,1.135,4.694,4.477
2023-08-31,2.062,4.68,4.481,0.861,1.251,3.426,0.827,0.937,1.141,4.703,4.488
2023-09-01,2.058,4.668,4.473,0.859,1.247,3.42,0.816,0.932,1.138,4.685,4.472
2023-09-04,2.058,4.683,4.494,0.86,1.249,3.45,0.837,0.938,1.14,4.708,4.491
2023-09-05,2.06,4.697,4.498,0.861,1.253,3.478,0.842,0.955,1.141,4.717,4.501
2023-09-06,2.05,4.701,4.502,0.866,1.246,3.446,0.832,0.946,1.146,4.729,4.504
2023-09-07,2.043,4.701,4.5,0.858,1.242,3.442,0.836,0.945,1.137,4.722,4.505
2023-09-08,2.0,4.727,4.521,0.854,1.215,3.386,0.823,0.941,1.131,4.742,4.531
2023-09-11,2.0,4.728,4.525,0.857,1.214,3.376,0.82,0.937,1.136,4.751,4.534
2023-09-12,2.007,4.735,4.533,0.86,1.22,3.4,0.832,0.944,1.141,4.753,4.542
2023-09-13,1.995,4.75,4.541,0.851,1.214,3.4,0.834,0.941,1.128,4.763,4.546
2023-09-14,1.969,4.763,4.555,0.855,1.198,3.374,0.835,0.945,1.133,4.786,4.566
2023-09-15,1.962,4.83,4.63,0.862,1.193,3.384,0.842,0.951,1.145,4.861,4.636
2023-09-18,1.951,4.743,4.551,0.847,1.185,3.354,0.841,0.948,1.124,4.774,4.545
2023-09-19,1.966,4.736,4.539,0.85,1.196,3.368,0.838,0.949,1.126,4.748,4.536
2023-09-20,1.947,4.776,4.571,0.846,1.183,3.356,0.846,0.954,1.122,4.791,4.574
2023-09-21,1.93,4.799,4.59,0.833,1.174,3.342,0.839,0.958,1.105,4.816,4.594
2023-09-22,1.913,4.778,4.576,0.818,1.161,3.3,0.831,0.95,1.085,4.807,4.587
2023-09-25,1.955,4.762,4.555,0.821,1.188,3.376,0.841,0.959,1.089,4.784,4.555
2023-09-26,1.951,4.785,4.573,0.823,1.186,3.354,0.839,0.958,1.092,4.807,4.58
2023-09-27,1.935,4.771,4.569,0.812,1.177,3.336,0.835,0.955,1.078,4.795,4.565
2023-09-28,1.958,4.652,4.485,0.819,1.191,3.354,0.84,0.953,1.085,4.688,4.463
2023-10-09,1.95,4.611,4.413,0.828,1.187,3.328,0.843,0.948,1.099,4.638,4.4
2023-10-10,1.954,4.602,4.405,0.837,1.186,3.332,0.835,0.95,1.109,4.618,4.4
2023-10-11,1.945,4.536,4.347,0.843,1.182,3.316,0.824,0.939,1.116,4.559,4.352
2023-10-12,1.969,4.548,4.357,0.854,1.195,3.34,0.821,0.94,1.129,4.59,4.368
2023-10-13,1.954,4.573,4.376,0.848,1.188,3.32,0.824,0.941,1.122,4.594,4.385
2023-10-16,1.945,4.671,4.47,0.84,1.181,3.306,0.826,0.946,1.112,4.693,4.479
2023-10-17,1.91,4.669,4.47,0.846,1.161,3.274,0.823,0.95,1.12,4.688,4.476
2023-10-18,1.906,4.692,4.491,0.842,1.16,3.278,0.821,0.957,1.115,4.718,4.5
2023-10-19,1.878,4.747,4.55,0.832,1.14,3.238,0.806,0.948,1.104,4.772,4.549
2023-10-20,1.86,4.791,4.585,0.82,1.13,3.18,0.797,0.928,1.086,4.807,4.591
2023-10-23,1.845,4.777,4.574,0.813,1.11,3.156,0.788,0.927,1.076,4.805,4.57
2023-10-24,1.818,4.771,4.569,0.815,1.108,3.15,0.771,0.916,1.081,4.796,4.574
2023-10-25,1.844,4.765,4.564,0.82,1.12,3.172,0.789,0.925,1.088,4.795,4.568
2023-10-26,1.802,4.783,4.579,0.794,1.099,3.132,0.787,0.927,1.053,4.804,4.584
2023-10-27,1.82,4.786,4.583,0.79,1.106,3.152,0.792,0.933,1.047,4.813,4.59
2023-10-30,1.874,4.831,4.626,0.795,1.14,3.198,0.807,0.935,1.053,4.855,4.635
2023-10-31,1.92,4.815,4.61,0.797,1.169,3.23,0.807,0.92,1.057,4.84,4.617
2023-11-01,1.921,4.804,4.597,0.8,1.168,3.244,0.809,0.922,1.061,4.817,4.596
2023-11-02,1.912,4.814,4.602,0.822,1.162,3.226,0.8,0.922,1.09,4.832,4.617
2023-11-03,1.894,4.804,4.598,0.831,1.15,3.208,0.797,0.924,1.102,4.832,4.605
2023-11-06,1.93,4.807,4.6,0.838,1.175,3.252,0.804,0.92,1.11,4.834,4.607
2023-11-07,1.974,4.778,4.578,0.839,1.206,3.272,0.811,0.916,1.112,4.796,4.573
2023-11-08,1.964,4.759,4.56,0.847,1.195,3.262,0.803,0.918,1.122,4.791,4.561
2023-11-09,1.968,4.728,4.528,0.848,1.196,3.25,0.805,0.918,1.123,4.753,4.534
2023-11-10,1.958,4.741,4.54,0.844,1.194,3.248,0.809,0.92,1.117,4.76,4.543
2023-11-13,1.965,4.724,4.528,0.86,1.192,3.234,0.815,0.916,1.14,4.744,4.523
2023-11-14,1.957,4.747,4.541,0.861,1.19,3.23,0.813,0.919,1.14,4.762,4.55
2023-11-15,1.98,4.763,4.565,0.878,1.199,3.26,0.817,0.922,1.166,4.782,4.563
2023-11-16,1.961,4.765,4.559,0.875,1.191,3.254,0.818,0.925,1.159,4.789,4.566
2023-11-17,1.92,4.778,4.57,0.874,1.167,3.214,0.816,0.925,1.16,4.802,4.578
2023-11-20,1.934,4.747,4.548,0.871,1.175,3.214,0.826,0.925,1.154,4.763,4.547
2023-11-21,1.949,4.707,4.516,0.875,1.181,3.236,0.829,0.927,1.159,4.738,4.516
2023-11-22,1.923,4.718,4.519,0.865,1.171,3.222,0.828,0.928,1.148,4.739,4.523
2023-11-23,1.898,4.695,4.496,0.873,1.155,3.19,0.829,0.926,1.158,4.718,4.498
2023-11-24,1.908,4.689,4.488,0.872,1.161,3.204,0.833,0.932,1.157,4.715,4.494
2023-11-27,1.883,4.723,4.52,0.869,1.146,3.18,0.841,0.931,1.151,4.744,4.531
2023-11-29,1.886,4.796,4.59,0.87,1.145,3.17,0.838,0.926,1.155,4.816,4.6
2023-11-30,1.869,4.798,4.59,0.873,1.136,3.142,0.835,0.917,1.156,4.819,4.596
2023-12-01,1.873,4.785,4.586,0.866,1.139,3.148,0.839,0.92,1.148,4.814,4.589
2023-12-04,1.878,4.868,4.666,0.867,1.141,3.134,0.844,0.928,1.148,4.988,4.668
2023-12-05,1.854,4.785,4.58,0.861,1.127,3.104,0.844,0.927,1.141,4.808,4.58
2023-12-06,1.818,4.768,4.566,0.869,1.106,3.042,0.829,0.912,1.152,4.791,4.575
2023-12-07,1.828,4.781,4.577,0.861,1.112,3.048,0.834,0.911,1.143,4.808,4.585
2023-12-08,1.831,4.783,4.58,0.872,1.113,3.046,0.825,0.912,1.156,4.805,4.586
2023-12-11,1.836,4.753,4.552,0.88,1.116,3.04,0.82,0.909,1.164,4.772,4.547
2023-12-12,1.861,4.734,4.542,0.891,1.133,3.062,0.834,0.921,1.177,4.759,4.543
2023-12-13,1.85,4.73,4.521,0.898,1.122,3.078,0.838,0.922,1.188,4.751,4.533
2023-12-14,1.833,4.788,4.585,0.909,1.115,3.042,0.83,0.919,1.202,4.812,4.59
2023-12-15,1.82,4.794,4.591,0.902,1.103,3.018,0.83,0.917,1.193,4.815,4.59
2023-12-18,1.792,4.781,4.587,0.905,1.089,2.994,0.828,0.91,1.198,4.801,4.575
2023-12-19,1.771,4.783,4.579,0.911,1.076,2.99,0.816,0.912,1.208,4.809,4.584
2023-12-20,1.783,4.795,4.594,0.915,1.082,2.994,0.819,0.91,1.213,4.817,4.596
2023-12-21,1.749,4.789,4.595,0.903,1.063,2.95,0.814,0.908,1.2,4.819,4.595
2023-12-22,1.779,4.826,4.62,0.908,1.083,2.988,0.82,0.904,1.206,4.843,4.626
2023-12-25,1.777,4.831,4.626,0.909,1.08,2.998,0.817,0.908,1.21,4.853,4.631
2023-12-26,1.78,4.836,4.629,0.911,1.084,3.008,0.813,0.906,1.21,4.864,4.638
2023-12-27,1.762,4.85,4.643,0.917,1.071,2.988,0.807,0.904,1.218,4.881,4.65
2023-12-28,1.761,4.885,4.673,0.919,1.07,2.994,0.813,0.913,1.221,4.904,4.681
2023-12-29,1.828,4.832,4.635,0.912,1.112,3.076,0.825,0.909,1.212,4.866,4.638
2024-01-02,1.842,4.843,4.641,0.911,1.117,3.09,0.833,0.913,1.21,4.867,4.643
2024-01-03,1.802,4.856,4.656,0.897,1.095,3.038,0.832,0.922,1.193,4.89,4.658
2024-01-04,1.783,4.836,4.637,0.889,1.085,3.032,0.835,0.936,1.182,4.863,4.64
2024-01-05,1.751,4.864,4.657,0.888,1.063,2.998,0.838,0.949,1.179,4.882,4.659
2024-01-08,1.724,4.868,4.652,0.889,1.048,2.982,0.835,0.943,1.18,4.883,4.663
2024-01-09,1.702,4.853,4.645,0.905,1.035,2.946,0.824,0.935,1.203,4.878,4.651
2024-01-10,1.696,4.849,4.637,0.913,1.033,2.946,0.827,0.941,1.213,4.873,4.647
2024-01-11,1.694,4.831,4.624,0.919,1.032,2.936,0.825,0.936,1.221,4.855,4.632
2024-01-12,1.722,4.838,4.628,0.918,1.048,2.946,0.826,0.928,1.218,4.866,4.637
2024-01-15,1.702,4.857,4.652,0.919,1.036,2.93,0.833,0.935,1.221,4.882,4.664
2024-01-16,1.692,4.875,4.668,0.919,1.029,2.938,0.838,0.941,1.221,4.899,4.674
2024-01-17,1.7,4.859,4.66,0.923,1.032,2.952,0.84,0.945,1.224,4.882,4.661
2024-01-18,1.643,4.82,4.62,0.917,1.001,2.878,0.826,0.936,1.215,4.851,4.624
2024-01-19,1.675,4.838,4.633,0.932,1.019,2.918,0.819,0.925,1.237,4.863,4.636
2024-01-22,1.663,4.849,4.638,0.959,1.014,2.93,0.82,0.922,1.269,4.869,4.646
2024-01-23,1.62,4.824,4.62,0.969,0.983,2.866,0.787,0.893,1.277,4.848,4.623
2024-01-24,1.65,4.831,4.628,0.968,1.003,2.908,0.792,0.904,1.278,4.853,4.63
2024-01-25,1.641,4.819,4.595,0.965,0.999,2.936,0.804,0.925,1.276,4.832,4.607
2024-01-26,1.665,4.822,4.611,0.952,1.015,2.992,0.829,0.953,1.262,4.844,4.623
2024-01-29,1.638,4.834,4.63,0.95,0.996,2.996,0.837,0.97,1.261,4.852,4.636
2024-01-30,1.57,4.841,4.635,0.972,0.954,2.946,0.833,0.965,1.286,4.864,4.641
2024-01-31,1.544,4.851,4.647,0.958,0.937,2.894,0.817,0.957,1.268,4.877,4.654
2024-02-01,1.527,4.852,4.65,0.941,0.927,2.866,0.802,0.955,1.251,4.876,4.652
2024-02-02,1.546,4.872,4.666,0.962,0.94,2.884,0.797,0.946,1.278,4.893,4.671
2024-02-05,1.491,4.869,4.669,0.971,0.905,2.82,0.781,0.943,1.295,4.906,4.659
2024-02-06,1.508,4.84,4.639,0.97,0.915,2.84,0.78,0.941,1.289,4.872,4.641
2024-02-07,1.622,4.844,4.647,0.97,0.991,2.97,0.806,0.963,1.286,4.868,4.649
2024-02-08,1.67,4.853,4.647,0.979,1.014,3.016,0.834,0.974,1.298,4.88,4.655
2024-02-19,1.704,4.837,4.632,0.978,1.035,3.038,0.844,0.974,1.296,4.887,4.638
2024-02-20,1.688,4.838,4.632,0.979,1.025,3.046,0.855,0.998,1.298,4.863,4.645
2024-02-21,1.681,4.845,4.647,0.967,1.023,3.048,0.858,0.997,1.285,4.874,4.648
2024-02-22,1.7,4.841,4.635,0.981,1.034,3.104,0.861,1.007,1.301,4.865,4.639
2024-02-23,1.717,4.84,4.632,0.995,1.041,3.136,0.874,1.019,1.322,4.863,4.639
2024-02-26,1.706,4.845,4.639,0.99,1.037,3.138,0.876,1.02,1.311,4.865,4.647
2024-02-27,1.696,4.852,4.646,0.986,1.03,3.09,0.865,0.996,1.308,4.878,4.647
2024-02-28,1.749,4.844,4.638,0.987,1.064,3.146,0.874,1.003,1.309,4.872,4.647
2024-02-29,1.696,4.849,4.641,0.979,1.031,3.1,0.861,0.995,1.301,4.871,4.65
2024-03-01,1.757,4.862,4.651,0.989,1.069,3.164,0.875,1.001,1.314,4.885,4.659
2024-03-04,1.773,4.931,4.719,1.006,1.078,3.184,0.879,1.004,1.337,4.953,4.726
2024-03-05,1.771,4.986,4.782,1.0,1.079,3.174,0.887,1.007,1.326,5.011,4.782
2024-03-06,1.773,5.01,4.796,0.985,1.079,3.208,0.89,1.016,1.313,5.037,4.804
2024-03-07,1.779,5.051,4.842,0.991,1.082,3.202,0.894,1.018,1.321,5.078,4.848
2024-03-08,1.745,5.094,4.888,1.007,1.06,3.184,0.895,1.023,1.337,5.12,4.885
2024-03-11,1.76,5.123,4.91,0.991,1.07,3.192,0.902,1.024,1.317,5.153,4.912
2024-03-12,1.845,5.111,4.891,0.993,1.12,3.238,0.903,1.016,1.318,5.134,4.901
2024-03-13,1.854,5.07,4.852,1.003,1.126,3.246,0.89,0.991,1.335,5.093,4.861
2024-03-14,1.841,5.1,4.888,0.996,1.121,3.22,0.891,0.991,1.323,5.128,4.896
2024-03-15,1.825,5.089,4.872,0.991,1.11,3.204,0.888,0.996,1.316,5.113,4.879
2024-03-18,1.85,5.083,4.868,0.985,1.118,3.224,0.896,0.997,1.307,5.111,4.879
2024-03-19,1.87,5.087,4.866,0.988,1.138,3.25,0.899,0.998,1.311,5.106,4.877
2024-03-20,1.848,5.088,4.868,0.99,1.126,3.224,0.886,0.995,1.315,5.112,4.878
2024-03-21,1.86,5.183,4.952,1.007,1.13,3.24,0.891,0.998,1.337,5.2,4.97
2024-03-22,1.843,5.153,4.939,1.007,1.121,3.228,0.893,1.004,1.335,5.2,4.943
2024-03-25,1.809,5.176,4.976,1.011,1.1,3.186,0.884,1.0,1.34,5.202,4.964
2024-03-26,1.782,5.178,4.949,1.006,1.083,3.184,0.885,1.003,1.334,5.203,4.959
2024-03-27,1.787,5.189,4.963,1.006,1.088,3.188,0.883,1.003,1.335,5.211,4.977
2024-03-28,1.74,5.221,4.985,1.008,1.057,3.154,0.875,0.998,1.343,5.233,5.0
2024-03-29,1.756,5.317,5.077,1.007,1.072,3.17,0.884,0.998,1.338,5.337,5.1
2024-04-01,1.78,5.388,5.17,1.012,1.081,3.198,0.896,1.014,1.346,5.412,5.175
2024-04-02,1.822,5.367,5.137,1.006,1.107,3.242,0.906,1.016,1.337,5.394,5.137
2024-04-03,1.804,5.435,5.195,0.998,1.099,3.23,0.908,1.025,1.327,5.468,5.204
2024-04-08,1.785,5.517,5.27,0.998,1.085,3.21,0.915,1.029,1.327,5.53,5.289
2024-04-09,1.759,5.616,5.37,0.998,1.069,3.188,0.908,1.033,1.327,5.65,5.383
2024-04-10,1.774,5.61,5.365,1.003,1.081,3.184,0.909,1.029,1.331,5.631,5.38
2024-04-11,1.725,5.606,5.354,0.995,1.05,3.144,0.908,1.029,1.321,5.624,5.37
2024-04-12,1.73,5.688,5.452,1.011,1.052,3.152,0.92,1.041,1.342,5.719,5.456
2024-04-15,1.712,5.641,5.408,0.996,1.042,3.122,0.914,1.041,1.323,5.683,5.39
2024-04-16,1.74,5.707,5.461,0.979,1.056,3.19,0.931,1.064,1.299,5.733,5.471
2024-04-17,1.718,5.709,5.469,0.978,1.043,3.164,0.92,1.061,1.297,5.726,5.469
2024-04-18,1.739,5.658,5.417,0.965,1.059,3.206,0.941,1.078,1.281,5.68,5.421
2024-04-19,1.725,5.697,5.458,0.953,1.052,3.208,0.945,1.074,1.264,5.727,5.464
2024-04-22,1.695,5.684,5.455,0.942,1.032,3.196,0.951,1.084,1.25,5.722,5.447
2024-04-23,1.708,5.555,5.31,0.948,1.038,3.19,0.936,1.056,1.26,5.576,5.325
2024-04-24,1.709,5.511,5.27,0.968,1.039,3.164,0.916,1.042,1.287,5.54,5.281
2024-04-25,1.71,5.508,5.28,0.957,1.041,3.166,0.925,1.043,1.274,5.532,5.275
2024-04-26,1.717,5.517,5.287,0.97,1.045,3.184,0.929,1.047,1.288,5.543,5.29
2024-04-29,1.78,5.525,5.288,0.979,1.084,3.244,0.93,1.035,1.301,5.563,5.299
2024-04-30,1.837,5.525,5.296,0.977,1.12,3.276,0.933,1.03,1.297,5.554,5.296
2024-05-06,1.852,5.45,5.222,0.98,1.127,3.302,0.945,1.042,1.301,5.474,5.224
2024-05-07,1.851,5.507,5.275,0.99,1.124,3.304,0.954,1.048,1.314,5.526,5.278
2024-05-08,1.847,5.487,5.256,0.994,1.125,3.304,0.956,1.044,1.319,5.508,5.258
2024-05-09,1.828,5.485,5.246,0.991,1.111,3.28,0.95,1.051,1.315,5.502,5.252
2024-05-10,1.858,5.559,5.338,0.995,1.129,3.32,0.963,1.06,1.319,5.602,5.33
2024-05-13,1.819,5.573,5.343,0.997,1.111,3.296,0.962,1.062,1.323,5.605,5.34
2024-05-14,1.821,5.554,5.319,0.999,1.108,3.314,0.974,1.068,1.325,5.574,5.33
2024-05-15,1.814,5.592,5.357,1.008,1.104,3.308,0.976,1.066,1.336,5.618,5.36
2024-05-16,1.806,5.674,5.435,1.022,1.097,3.288,0.974,1.068,1.356,5.712,5.445
2024-05-17,1.795,5.635,5.403,1.02,1.096,3.29,0.97,1.068,1.355,5.671,5.406
2024-05-20,1.828,5.764,5.513,1.022,1.111,3.334,0.974,1.076,1.357,5.794,5.519
2024-05-21,1.826,5.79,5.543,1.027,1.112,3.336,0.978,1.085,1.365,5.821,5.549
2024-05-22,1.819,5.738,5.495,1.031,1.107,3.33,0.976,1.089,1.369,5.77,5.5
2024-05-23,1.837,5.611,5.378,1.035,1.116,3.334,0.974,1.085,1.375,5.64,5.38
2024-05-24,1.804,5.531,5.295,1.028,1.096,3.294,0.958,1.074,1.364,5.543,5.287
2024-05-27,1.784,5.55,5.315,1.032,1.084,3.264,0.957,1.077,1.371,5.577,5.323
2024-05-28,1.784,5.598,5.363,1.038,1.088,3.292,0.972,1.095,1.377,5.616,5.367
2024-05-29,1.768,5.601,5.338,1.039,1.077,3.27,0.961,1.089,1.38,5.626,5.368
2024-05-30,1.772,5.571,5.335,1.027,1.077,3.264,0.965,1.087,1.364,5.598,5.33
2024-05-31,1.781,5.576,5.325,1.016,1.084,3.262,0.959,1.083,1.348,5.598,5.334
2024-06-03,1.769,5.545,5.339,1.024,1.078,3.24,0.956,1.084,1.359,5.592,5.319
2024-06-04,1.778,5.571,5.333,1.025,1.082,3.246,0.953,1.069,1.359,5.595,5.34
2024-06-05,1.805,5.53,5.305,1.028,1.097,3.27,0.966,1.076,1.364,5.56,5.306
2024-06-06,1.804,5.674,5.41,1.05,1.097,3.26,0.95,1.06,1.393,5.66,5.396
2024-06-07,1.784,5.648,5.41,1.05,1.085,3.26,0.946,1.065,1.392,5.68,5.413
2024-06-11,1.735,5.478,5.234,1.053,1.061,3.232,0.948,1.073,1.396,5.54,5.25
2024-06-12,1.746,5.479,5.258,1.062,1.064,3.206,0.939,1.053,1.408,5.502,5.253
2024-06-13,1.752,5.495,5.265,1.082,1.065,3.214,0.947,1.068,1.434,5.524,5.261
2024-06-14,1.745,5.48,5.254,1.082,1.061,3.194,0.937,1.054,1.434,5.507,5.249
2024-06-17,1.746,5.533,5.295,1.087,1.064,3.202,0.939,1.057,1.439,5.556,5.302
2024-06-18,1.769,5.514,5.281,1.1,1.078,3.21,0.936,1.043,1.457,5.541,5.283
2024-06-19,1.781,5.528,5.293,1.103,1.084,3.216,0.938,1.047,1.461,5.553,5.301
2024-06-20,1.75,5.542,5.31,1.105,1.067,3.204,0.929,1.05,1.465,5.578,5.313
2024-06-21,1.725,5.621,5.375,1.095,1.053,3.186,0.913,1.048,1.453,5.641,5.383
2024-06-24,1.711,5.528,5.303,1.089,1.043,3.162,0.917,1.048,1.443,5.569,5.3
2024-06-25,1.694,5.527,5.297,1.076,1.034,3.16,0.903,1.036,1.426,5.554,5.3
2024-06-26,1.665,5.512,5.281,1.091,1.012,3.13,0.903,1.04,1.447,5.544,5.287
2024-06-27,1.689,5.463,5.24,1.089,1.031,3.156,0.911,1.045,1.45,5.493,5.236
2024-06-28,1.665,5.512,5.274,1.103,1.015,3.132,0.898,1.046,1.466,5.535,5.283
2024-07-01,1.648,5.528,5.293,1.101,1.005,3.148,0.904,1.058,1.467,5.556,5.297
2024-07-02,1.643,5.546,5.308,1.109,1.003,3.158,0.925,1.077,1.482,5.568,5.311
2024-07-03,1.633,5.545,5.31,1.125,0.995,3.158,0.912,1.078,1.496,5.564,5.31
2024-07-04,1.633,5.611,5.382,1.15,0.995,3.156,0.903,1.068,1.52,5.645,5.381
2024-07-05,1.615,5.6,5.364,1.138,0.986,3.136,0.894,1.064,1.512,5.633,5.365
2024-07-08,1.615,5.664,5.425,1.157,0.986,3.114,0.895,1.057,1.547,5.688,5.427
2024-07-09,1.594,5.601,5.364,1.161,0.973,3.096,0.884,1.051,1.559,5.622,5.365
2024-07-10,1.609,5.608,5.368,1.161,0.985,3.128,0.892,1.062,1.57,5.641,5.374
2024-07-11,1.64,5.641,5.396,1.161,0.999,3.154,0.89,1.047,1.568,5.663,5.397
2024-07-12,1.648,5.698,5.46,1.127,1.007,3.172,0.898,1.046,1.505,5.726,5.464
2024-07-15,1.644,5.691,5.447,1.133,1.005,3.176,0.892,1.045,1.505,5.724,5.452
2024-07-16,1.638,5.72,5.479,1.156,0.999,3.18,0.89,1.055,1.544,5.747,5.484
2024-07-17,1.66,5.838,5.628,1.15,1.013,3.21,0.885,1.054,1.534,5.866,5.599
2024-07-18,1.653,5.79,5.541,1.103,1.008,3.21,0.877,1.045,1.466,5.836,5.555
2024-07-19,1.673,5.69,5.48,1.108,1.024,3.228,0.881,1.048,1.477,5.773,5.458
2024-07-22,1.693,5.659,5.422,1.096,1.03,3.256,0.88,1.042,1.46,5.686,5.427
2024-07-23,1.691,5.665,5.426,1.116,1.03,3.228,0.874,1.031,1.483,5.695,5.43
2024-07-24,1.634,5.662,5.425,1.103,0.997,3.158,0.858,1.027,1.465,5.691,5.429
2024-07-25,1.61,5.626,5.399,1.063,0.981,3.128,0.847,1.026,1.41,5.67,5.388
2024-07-26,1.617,5.547,5.313,1.054,0.985,3.124,0.849,1.022,1.396,5.581,5.312
2024-07-29,1.622,5.63,5.385,1.075,0.989,3.136,0.856,1.014,1.428,5.655,5.395
2024-07-30,1.6,5.611,5.384,1.072,0.974,3.11,0.85,1.019,1.422,5.631,5.379
2024-07-31,1.594,5.642,5.4,1.063,0.973,3.094,0.847,1.012,1.412,5.67,5.41
2024-08-01,1.659,5.738,5.49,1.098,1.01,3.172,0.871,1.023,1.463,5.762,5.501
2024-08-02,1.621,5.713,5.476,1.059,0.99,3.128,0.864,1.021,1.411,5.741,5.475
2024-08-05,1.592,5.635,5.38,0.991,0.973,3.096,0.855,1.022,1.33,5.648,5.39
2024-08-06,1.594,5.595,5.359,1.002,0.971,3.092,0.852,1.014,1.335,5.639,5.35
2024-08-07,1.593,5.552,5.312,1.0,0.972,3.066,0.85,1.006,1.332,5.574,5.307
2024-08-08,1.582,5.578,5.339,0.987,0.967,3.064,0.851,1.012,1.312,5.594,5.345
2024-08-09,1.59,5.641,5.4,1.017,0.97,3.082,0.859,1.015,1.355,5.663,5.406
2024-08-12,1.566,5.647,5.404,1.018,0.955,3.058,0.855,1.013,1.355,5.665,5.41
2024-08-13,1.562,5.712,5.472,1.024,0.951,3.058,0.856,1.018,1.368,5.741,5.476
2024-08-14,1.575,5.711,5.47,1.052,0.961,3.06,0.858,1.018,1.412,5.74,5.473
2024-08-15,1.551,5.668,5.445,1.051,0.946,3.036,0.846,1.017,1.417,5.698,5.431
2024-08-16,1.564,5.703,5.458,1.083,0.954,3.07,0.856,1.027,1.462,5.731,5.465
2024-08-19,1.56,5.747,5.505,1.095,0.953,3.076,0.852,1.033,1.47,5.77,5.502
2024-08-20,1.561,5.752,5.506,1.099,0.951,3.09,0.857,1.048,1.468,5.779,5.512
2024-08-21,1.532,5.758,5.512,1.097,0.935,3.06,0.844,1.038,1.462,5.787,5.514
2024-08-22,1.53,5.775,5.528,1.106,0.934,3.054,0.838,1.027,1.477,5.803,5.535
2024-08-23,1.512,5.746,5.503,1.085,0.924,3.044,0.834,1.032,1.449,5.774,5.504
2024-08-26,1.517,5.765,5.52,1.098,0.926,3.062,0.836,1.027,1.47,5.789,5.526
2024-08-27,1.511,5.772,5.527,1.08,0.921,3.056,0.832,1.029,1.447,5.801,5.528
2024-08-28,1.499,5.788,5.545,1.076,0.914,3.038,0.827,1.035,1.441,5.821,5.545
2024-08-29,1.488,5.78,5.53,1.056,0.911,3.016,0.823,1.028,1.41,5.809,5.539
2024-08-30,1.511,5.775,5.527,1.059,0.921,3.012,0.83,1.009,1.413,5.799,5.528
2024-09-02,1.547,5.754,5.507,1.074,0.943,3.054,0.837,1.002,1.429,5.784,5.505
2024-09-03,1.504,5.725,5.478,1.076,0.919,3.0,0.83,1.005,1.431,5.754,5.486
2024-09-04,1.512,5.726,5.481,1.03,0.925,2.994,0.832,0.991,1.374,5.757,5.479
2024-09-05,1.525,5.72,5.475,1.024,0.931,2.994,0.83,0.991,1.366,5.743,5.483
2024-09-06,1.535,5.754,5.5,1.015,0.937,3.0,0.831,0.99,1.351,5.782,5.51
2024-09-09,1.5,5.748,5.51,1.01,0.916,2.958,0.822,0.981,1.349,5.753,5.485
2024-09-10,1.514,5.75,5.504,1.026,0.923,2.93,0.813,0.966,1.375,5.776,5.512
2024-09-11,1.51,5.777,5.528,1.035,0.92,2.922,0.809,0.964,1.381,5.802,5.536
2024-09-12,1.536,5.775,5.525,1.06,0.936,2.926,0.807,0.944,1.414,5.801,5.528
2024-09-13,1.525,5.855,5.597,1.074,0.929,2.914,0.805,0.951,1.432,5.878,5.613
2024-09-18,1.505,5.866,5.62,1.07,0.923,2.898,0.798,0.946,1.433,5.897,5.621
2024-09-19,1.511,5.843,5.585,1.07,0.923,2.912,0.812,0.96,1.429,5.862,5.591
2024-09-20,1.516,5.864,5.611,1.087,0.925,2.932,0.819,0.959,1.456,5.886,5.619
2024-09-23,1.507,5.938,5.698,1.087,0.919,2.938,0.82,0.958,1.45,5.976,5.685
2024-09-24,1.515,5.981,5.717,1.086,0.923,2.988,0.825,0.976,1.45,5.994,5.723
2024-09-25,1.621,5.961,5.721,1.073,0.985,3.149,0.861,1.025,1.431,6.007,5.724
2024-09-26,1.604,6.013,5.753,1.08,0.978,3.131,0.863,1.029,1.445,6.033,5.76
2024-09-27,1.713,6.003,5.745,1.074,1.041,3.361,0.906,1.07,1.426,6.031,5.751
2024-09-30,2.0,5.963,5.695,1.061,1.206,3.639,0.938,1.072,1.401,5.92,5.644
2024-10-08,2.678,5.967,5.701,1.045,1.618,4.226,1.097,1.222,1.39,6.0,5.682
2024-10-09,2.41,5.956,5.67,1.079,1.529,3.929,0.99,1.121,1.43,5.945,5.67
2024-10-10,2.241,5.892,5.64,1.087,1.36,3.704,0.936,1.054,1.439,5.915,5.647
2024-10-11,2.134,5.97,5.707,1.09,1.314,3.732,0.95,1.108,1.445,5.992,5.715
2024-10-14,2.078,6.0,5.737,1.089,1.27,3.643,0.938,1.089,1.447,6.03,5.77
2024-10-15,2.094,6.044,5.777,1.099,1.277,3.675,0.953,1.108,1.46,6.066,5.776
2024-10-16,2.001,6.112,5.852,1.095,1.227,3.567,0.92,1.084,1.455,6.133,5.853
2024-10-17,2.019,6.156,5.885,1.095,1.232,3.584,0.943,1.111,1.457,6.176,5.891
2024-10-18,1.986,6.221,5.95,1.099,1.215,3.522,0.926,1.093,1.461,6.241,5.961
2024-10-21,2.162,6.257,5.982,1.101,1.326,3.709,0.947,1.102,1.464,6.279,5.995
2024-10-22,2.158,6.283,6.012,1.102,1.32,3.664,0.944,1.088,1.464,6.313,6.018
2024-10-23,2.166,6.307,6.037,1.104,1.327,3.694,0.953,1.095,1.465,6.328,6.042
2024-10-24,2.149,6.254,5.982,1.094,1.313,3.698,0.956,1.091,1.452,6.282,6.0
2024-10-25,2.147,6.256,5.984,1.097,1.311,3.668,0.948,1.087,1.456,6.287,5.994
2024-10-28,2.193,6.249,6.0,1.111,1.341,3.699,0.957,1.084,1.473,6.282,5.986
2024-10-29,2.191,6.297,6.027,1.105,1.338,3.711,0.966,1.089,1.466,6.323,6.036
2024-10-30,2.119,6.389,6.121,1.118,1.297,3.656,0.947,1.071,1.485,6.41,6.111
2024-10-31,2.105,6.405,6.127,1.103,1.293,3.624,0.94,1.064,1.463,6.439,6.14
2024-11-01,2.104,6.289,6.019,1.081,1.29,3.63,0.942,1.061,1.433,6.319,6.017
2024-11-04,2.081,6.276,6.02,1.086,1.274,3.639,0.947,1.08,1.441,6.309,6.011
2024-11-05,2.144,6.265,5.992,1.084,1.308,3.679,0.955,1.084,1.435,6.296,6.003
2024-11-06,2.249,6.281,6.01,1.103,1.372,3.792,0.971,1.098,1.463,6.309,6.028
2024-11-07,2.202,6.123,5.861,1.143,1.347,3.744,0.969,1.091,1.515,6.155,5.865
2024-11-08,2.355,6.17,5.9,1.151,1.437,3.916,1.0,1.116,1.525,6.213,5.925
2024-11-11,2.25,6.154,5.895,1.156,1.375,3.811,0.974,1.097,1.53,6.198,5.901
2024-11-12,2.365,6.077,5.81,1.158,1.441,3.865,0.981,1.086,1.535,6.106,5.83
2024-11-13,2.325,6.059,5.804,1.155,1.421,3.801,0.973,1.08,1.53,6.089,5.805
2024-11-14,2.37,5.977,5.715,1.154,1.447,3.844,0.98,1.082,1.528,6.037,5.724
2024-11-15,2.276,5.957,5.704,1.143,1.392,3.77,0.964,1.078,1.514,5.983,5.711
2024-11-18,2.205,5.998,5.739,1.126,1.345,3.729,0.957,1.081,1.491,6.032,5.748
2024-11-19,2.155,6.071,5.812,1.128,1.314,3.7,0.961,1.096,1.496,6.098,5.811
2024-11-20,2.201,6.144,5.887,1.143,1.353,3.704,0.969,1.094,1.517,6.172,5.9
2024-11-21,2.213,6.175,5.91,1.136,1.352,3.717,0.982,1.098,1.51,6.195,5.914
2024-11-22,2.218,6.232,5.956,1.145,1.353,3.725,0.978,1.097,1.519,6.255,5.968
2024-11-25,2.14,6.279,6.0,1.155,1.312,3.616,0.956,1.068,1.533,6.303,6.009
2024-11-26,2.122,6.099,5.828,1.15,1.297,3.581,0.96,1.068,1.529,6.139,5.835
2024-11-27,2.1,6.114,5.844,1.16,1.287,3.581,0.956,1.07,1.542,6.133,5.86
2024-11-28,2.162,6.094,5.83,1.151,1.324,3.644,0.962,1.086,1.53,6.122,5.831
2024-11-29,2.122,6.131,5.865,1.153,1.296,3.617,0.955,1.083,1.53,6.17,5.879
2024-12-02,2.172,6.117,5.848,1.161,1.33,3.659,0.966,1.087,1.54,6.146,5.85
2024-12-03,2.211,6.177,5.909,1.175,1.351,3.689,0.973,1.087,1.559,6.199,5.917
2024-12-04,2.195,6.179,5.914,1.187,1.34,3.688,0.972,1.098,1.576,6.22,5.915
2024-12-05,2.167,6.192,5.924,1.196,1.325,3.668,0.973,1.1,1.59,6.223,5.937
2024-12-06,2.18,6.125,5.855,1.19,1.33,3.665,0.968,1.101,1.581,6.154,5.866
2024-12-09,2.219,6.203,5.93,1.201,1.357,3.709,0.983,1.115,1.599,6.233,5.941
2024-12-10,2.32,6.226,5.963,1.191,1.416,3.869,0.996,1.14,1.586,6.251,5.97
2024-12-11,2.215,6.295,6.013,1.195,1.352,3.737,0.984,1.118,1.593,6.311,6.028
2024-12-12,2.217,6.306,6.033,1.22,1.354,3.736,0.994,1.121,1.621,6.319,6.038
2024-12-13,2.231,6.283,6.011,1.221,1.366,3.748,0.998,1.121,1.616,6.307,6.016
2024-12-16,2.19,6.199,5.94,1.231,1.338,3.678,0.983,1.104,1.631,6.228,5.945
2024-12-17,2.156,6.215,5.948,1.266,1.318,3.647,0.979,1.119,1.676,6.243,5.957
2024-12-18,2.167,6.204,5.936,1.257,1.321,3.682,0.976,1.117,1.658,6.234,5.942
2024-12-19,2.137,6.127,5.87,1.223,1.303,3.661,0.979,1.116,1.617,6.152,5.867
2024-12-20,2.166,6.132,5.869,1.227,1.324,3.689,0.974,1.107,1.62,6.16,5.877
2024-12-23,2.163,6.179,5.91,1.227,1.321,3.677,0.973,1.101,1.626,6.201,5.919
2024-12-24,2.148,6.188,5.922,1.266,1.311,3.682,0.97,1.104,1.673,6.211,5.928
2024-12-25,2.173,6.188,5.923,1.266,1.325,3.73,0.983,1.116,1.667,6.22,5.932
2024-12-26,2.16,6.213,5.941,1.263,1.317,3.728,0.981,1.121,1.669,6.246,5.955
2024-12-27,2.166,6.212,5.944,1.256,1.322,3.732,0.983,1.116,1.664,6.238,5.95
2024-12-30,2.158,6.191,5.931,1.236,1.318,3.725,0.983,1.121,1.634,6.225,5.934
2024-12-31,2.162,6.175,5.908,1.228,1.32,3.746,0.988,1.131,1.625,6.202,5.914
2025-01-02,2.096,6.236,5.963,1.229,1.282,3.681,0.98,1.121,1.625,6.26,5.975
2025-01-03,2.02,6.284,6.01,1.241,1.233,3.571,0.964,1.101,1.639,6.313,6.02
2025-01-06,1.978,6.286,6.018,1.259,1.21,3.529,0.955,1.085,1.66,6.314,6.023
2025-01-07,1.965,6.253,5.992,1.29,1.199,3.518,0.951,1.087,1.687,6.287,5.992
2025-01-08,1.975,6.276,6.004,1.246,1.203,3.537,0.952,1.087,1.632,6.307,6.01
2025-01-09,1.956,6.302,6.035,1.255,1.196,3.534,0.951,1.093,1.64,6.328,6.038
2025-01-10,1.967,6.347,6.086,1.246,1.204,3.531,0.942,1.081,1.628,6.372,6.078
2025-01-13,1.916,6.38,6.099,1.235,1.17,3.479,0.925,1.067,1.613,6.401,6.105
2025-01-14,1.95,6.341,6.068,1.228,1.19,3.479,0.928,1.061,1.609,6.361,6.07
2025-01-15,2.022,6.341,6.066,1.228,1.237,3.57,0.941,1.073,1.603,6.368,6.075
2025-01-16,2.009,6.402,6.126,1.254,1.226,3.566,0.944,1.08,1.64,6.431,6.139
2025-01-17,1.999,6.415,6.14,1.237,1.221,3.545,0.949,1.086,1.622,6.441,6.146
2025-01-20,2.047,6.355,6.073,1.255,1.248,3.585,0.958,1.088,1.644,6.397,6.091
2025-01-21,2.081,6.367,6.096,1.26,1.273,3.601,0.959,1.088,1.641,6.397,6.102
2025-01-22,2.063,6.443,6.161,1.272,1.262,3.579,0.954,1.076,1.656,6.484,6.17
2025-01-23,2.082,6.461,6.18,1.276,1.272,3.58,0.951,1.069,1.663,6.485,6.183
2025-01-24,2.045,6.485,6.201,1.263,1.25,3.555,0.949,1.078,1.65,6.511,6.209
2025-01-27,2.086,6.494,6.209,1.233,1.273,3.6,0.958,1.085,1.612,6.516,6.218
2025-02-05,2.043,6.68,6.39,1.23,1.247,3.594,0.967,1.098,1.617,6.71,6.4
2025-02-06,2.022,6.741,6.432,1.242,1.236,3.548,0.948,1.077,1.625,6.753,6.441
2025-02-07,2.08,6.711,6.412,1.245,1.271,3.596,0.945,1.076,1.628,6.733,6.43
2025-02-10,2.14,6.745,6.451,1.23,1.305,3.649,0.954,1.078,1.611,6.772,6.46
2025-02-11,2.141,6.906,6.63,1.228,1.31,3.658,0.948,1.078,1.612,6.93,6.628
2025-02-12,2.107,6.835,6.536,1.222,1.286,3.637,0.954,1.088,1.609,6.86,6.542
2025-02-13,2.145,6.855,6.553,1.225,1.311,3.671,0.955,1.09,1.613,6.882,6.564
2025-02-14,2.134,6.889,6.59,1.23,1.303,3.659,0.952,1.091,1.629,6.918,6.599
2025-02-17,2.198,6.751,6.453,1.23,1.34,3.709,0.952,1.094,1.629,6.795,6.477
2025-02-18,2.178,6.792,6.49,1.232,1.333,3.7,0.944,1.092,1.629,6.817,6.5
2025-02-19,2.136,6.882,6.586,1.236,1.307,3.673,0.938,1.093,1.639,6.911,6.595
2025-02-20,2.179,6.908,6.601,1.229,1.332,3.692,0.943,1.091,1.63,6.938,6.61
2025-02-21,2.185,6.897,6.603,1.218,1.332,3.691,0.943,1.09,1.616,6.929,6.608
2025-02-24,2.232,6.835,6.54,1.192,1.366,3.728,0.943,1.08,1.581,6.862,6.549
2025-02-25,2.189,6.898,6.597,1.179,1.337,3.696,0.936,1.078,1.568,6.931,6.605
2025-02-26,2.199,6.856,6.57,1.167,1.342,3.687,0.935,1.072,1.555,6.882,6.562
2025-02-27,2.224,6.824,6.523,1.167,1.359,3.712,0.945,1.079,1.553,6.845,6.533
2025-02-28,2.197,6.771,6.48,1.151,1.343,3.711,0.947,1.088,1.53,6.791,6.479
2025-03-03,2.133,6.735,6.438,1.147,1.3,3.656,0.94,1.084,1.528,6.758,6.445
2025-03-04,2.131,6.784,6.492,1.13,1.305,3.623,0.942,1.08,1.505,6.807,6.49
2025-03-05,2.147,6.809,6.518,1.137,1.311,3.64,0.944,1.084,1.515,6.843,6.523
2025-03-06,2.162,6.824,6.529,1.15,1.32,3.672,0.944,1.091,1.536,6.864,6.53
2025-03-07,2.181,6.805,6.5,1.127,1.333,3.7,0.947,1.085,1.505,6.827,6.506
2025-03-10,2.166,6.821,6.521,1.122,1.323,3.697,0.954,1.085,1.498,6.855,6.531
2025-03-11,2.135,6.781,6.483,1.07,1.307,3.658,0.95,1.076,1.429,6.815,6.491
2025-03-12,2.17,6.802,6.502,1.073,1.323,3.693,0.962,1.084,1.425,6.834,6.518
2025-03-13,2.146,6.866,6.572,1.088,1.31,3.681,0.961,1.085,1.444,6.891,6.573
2025-03-14,2.125,6.986,6.681,1.069,1.297,3.668,0.964,1.091,1.419,7.022,6.693
2025-03-17,2.188,6.969,6.665,1.09,1.339,3.782,0.977,1.102,1.452,6.993,6.674
2025-03-18,2.182,6.988,6.687,1.093,1.331,3.762,0.976,1.105,1.451,7.015,6.688
2025-03-19,2.181,7.055,6.743,1.084,1.335,3.758,0.975,1.102,1.442,7.087,6.757
2025-03-20,2.178,7.124,6.81,1.1,1.329,3.763,0.975,1.109,1.461,7.159,6.82
2025-03-21,2.153,7.114,6.799,1.105,1.315,3.727,0.97,1.103,1.47,7.142,6.808
2025-03-24,2.11,7.069,6.764,1.118,1.29,3.671,0.967,1.101,1.485,7.104,6.77
2025-03-25,2.112,7.065,6.759,1.15,1.291,3.689,0.977,1.109,1.524,7.083,6.758
2025-03-26,2.1,7.081,6.764,1.151,1.284,3.689,0.979,1.114,1.522,7.109,6.78
2025-03-27,2.093,7.104,6.792,1.118,1.279,3.671,0.976,1.111,1.478,7.131,6.797
2025-03-28,2.101,7.209,6.889,1.114,1.286,3.685,0.976,1.115,1.477,7.229,6.912
2025-03-31,2.079,7.277,6.927,1.071,1.273,3.667,0.968,1.112,1.428,7.275,6.942
2025-04-01,2.067,7.369,7.037,1.072,1.262,3.649,0.959,1.111,1.42,7.397,7.065
2025-04-02,2.062,7.382,7.052,1.09,1.258,3.643,0.966,1.114,1.442,7.416,7.07
2025-04-03,2.042,7.453,7.132,1.066,1.251,3.606,0.962,1.118,1.409,7.476,7.135
2025-04-07,1.93,7.169,6.822,0.959,1.18,3.429,0.916,1.107,1.272,7.266,6.801
2025-04-08,1.792,7.177,6.864,0.987,1.09,3.343,0.879,1.065,1.306,7.198,6.878
2025-04-09,1.762,7.188,6.903,0.96,1.074,3.372,0.887,1.076,1.271,7.236,6.89
2025-04-10,1.88,7.389,7.075,1.088,1.147,3.488,0.897,1.088,1.43,7.426,7.134
2025-04-11,1.845,7.688,7.32,1.04,1.128,3.474,0.911,1.087,1.372,7.691,7.34
2025-04-14,1.915,7.612,7.278,1.08,1.17,3.52,0.913,1.089,1.435,7.643,7.301
2025-04-15,1.895,7.654,7.318,1.074,1.157,3.513,0.915,1.095,1.425,7.682,7.327
2025-04-16,1.885,7.772,7.431,1.054,1.154,3.507,0.919,1.104,1.4,7.806,7.44
2025-04-17,1.859,8.016,7.704,1.035,1.136,3.508,0.915,1.114,1.379,8.051,7.655
2025-04-18,1.865,7.9,7.557,1.045,1.143,3.521,0.917,1.116,1.381,7.933,7.564
2025-04-21,1.874,8.023,7.682,1.039,1.143,3.529,0.917,1.12,1.374,8.049,7.684
2025-04-22,1.903,8.22,7.85,1.035,1.164,3.538,0.919,1.115,1.361,8.223,7.871
2025-04-23,1.917,8.1,7.727,1.062,1.169,3.557,0.924,1.122,1.401,8.112,7.759
2025-04-24,1.916,7.984,7.661,1.072,1.173,3.549,0.929,1.115,1.42,8.044,7.67
2025-04-25,1.913,8.0,7.644,1.09,1.166,3.55,0.929,1.126,1.436,8.021,7.641
2025-04-28,1.918,7.84,7.509,1.088,1.171,3.546,0.929,1.124,1.44,7.86,7.499
2025-04-29,1.902,7.891,7.545,1.098,1.163,3.539,0.92,1.128,1.451,7.922,7.561
2025-04-30,1.905,7.854,7.509,1.095,1.164,3.536,0.919,1.126,1.448,7.894,7.525
2025-05-06,1.936,7.941,7.59,1.112,1.183,3.553,0.921,1.109,1.469,7.97,7.596
2025-05-07,1.995,7.955,7.599,1.105,1.218,3.613,0.929,1.113,1.463,7.979,7.614
2025-05-08,1.963,8.025,7.667,1.114,1.198,3.588,0.928,1.117,1.477,8.05,7.679
2025-05-09,2.0,7.836,7.488,1.119,1.224,3.613,0.932,1.123,1.485,7.877,7.502
2025-05-12,2.013,7.679,7.345,1.137,1.228,3.626,0.935,1.132,1.513,7.72,7.341
2025-05-13,2.062,7.602,7.272,1.155,1.262,3.674,0.943,1.134,1.538,7.639,7.291
2025-05-14,2.032,7.627,7.291,1.17,1.241,3.656,0.945,1.144,1.546,7.662,7.309
2025-05-15,2.046,7.48,7.172,1.18,1.251,3.695,0.949,1.151,1.564,7.513,7.165
2025-05-16,2.006,7.502,7.173,1.178,1.227,3.665,0.944,1.146,1.561,7.54,7.195
2025-05-19,2.006,7.531,7.2,1.169,1.225,3.649,0.94,1.139,1.55,7.561,7.206
2025-05-20,2.009,7.534,7.203,1.18,1.229,3.643,0.944,1.143,1.565,7.572,7.217
2025-05-21,2.02,7.709,7.377,1.176,1.234,3.664,0.949,1.147,1.563,7.737,7.381
2025-05-22,2.036,7.811,7.46,1.158,1.243,3.676,0.956,1.155,1.54,7.842,7.478
2025-05-23,2.015,7.734,7.392,1.156,1.231,3.676,0.953,1.159,1.54,7.767,7.405
2025-05-26,1.99,7.763,7.416,1.155,1.215,3.648,0.946,1.15,1.54,7.797,7.438
2025-05-27,1.976,7.763,7.43,1.155,1.207,3.631,0.943,1.148,1.54,7.797,7.434
2025-05-28,1.969,7.695,7.353,1.18,1.205,3.616,0.941,1.149,1.568,7.718,7.369
2025-05-29,1.962,7.593,7.262,1.195,1.199,3.612,0.945,1.154,1.59,7.628,7.263
2025-05-30,1.98,7.712,7.377,1.167,1.209,3.623,0.948,1.153,1.554,7.747,7.39
2025-06-03,1.961,7.837,7.49,1.18,1.202,3.61,0.947,1.157,1.567,7.853,7.501
2025-06-04,1.983,7.824,7.472,1.187,1.21,3.626,0.95,1.168,1.577,7.847,7.488
2025-06-05,2.001,7.832,7.488,1.185,1.224,3.641,0.958,1.174,1.575,7.862,7.499
2025-06-06,2.022,7.811,7.468,1.172,1.235,3.649,0.956,1.166,1.56,7.849,7.477
2025-06-09,2.02,7.694,7.353,1.182,1.234,3.648,0.955,1.169,1.573,7.723,7.364
2025-06-10,2.034,7.695,7.35,1.188,1.243,3.656,0.958,1.169,1.581,7.729,7.366
2025-06-11,2.016,7.752,7.412,1.186,1.23,3.636,0.959,1.169,1.577,7.776,7.42
2025-06-12,2.033,7.839,7.489,1.181,1.241,3.664,0.962,1.173,1.57,7.863,7.505
2025-06-13,2.033,7.953,7.599,1.167,1.243,3.658,0.962,1.176,1.552,7.98,7.616
2025-06-16,2.019,7.967,7.618,1.174,1.235,3.639,0.96,1.168,1.561,7.996,7.629
2025-06-17,2.04,7.86,7.515,1.184,1.245,3.653,0.955,1.175,1.573,7.894,7.525
2025-06-18,2.027,7.832,7.486,1.181,1.242,3.647,0.95,1.172,1.568,7.867,7.499
2025-06-19,2.028,7.836,7.49,1.173,1.24,3.648,0.951,1.177,1.56,7.867,7.5
2025-06-20,2.005,7.793,7.449,1.174,1.224,3.618,0.943,1.177,1.559,7.821,7.46
2025-06-23,1.98,7.783,7.438,1.166,1.211,3.619,0.946,1.181,1.551,7.805,7.452
2025-06-24,2.004,7.752,7.414,1.193,1.223,3.647,0.948,1.188,1.585,7.795,7.431
2025-06-25,2.05,7.707,7.368,1.2,1.253,3.691,0.954,1.191,1.596,7.734,7.378
2025-06-26,2.109,7.719,7.378,1.204,1.287,3.747,0.963,1.198,1.599,7.746,7.39
2025-06-27,2.1,7.691,7.356,1.213,1.282,3.736,0.956,1.206,1.612,7.724,7.365
2025-06-30,2.11,7.632,7.275,1.224,1.287,3.711,0.959,1.184,1.625,7.673,7.3
2025-07-01,2.128,7.687,7.346,1.228,1.302,3.731,0.964,1.188,1.631,7.711,7.359
2025-07-02,2.123,7.727,7.384,1.215,1.299,3.733,0.965,1.196,1.614,7.748,7.395
2025-07-03,2.11,7.731,7.387,1.225,1.287,3.74,0.969,1.2,1.63,7.763,7.407
2025-07-04,2.141,7.726,7.392,1.234,1.309,3.754,0.975,1.2,1.639,7.758,7.4
2025-07-07,2.126,7.676,7.34,1.228,1.301,3.777,0.974,1.211,1.633,7.707,7.348
2025-07-08,2.109,7.724,7.383,1.229,1.292,3.758,0.976,1.218,1.633,7.75,7.397
2025-07-09,2.157,7.684,7.346,1.228,1.319,3.794,0.981,1.213,1.633,7.71,7.347
2025-07-10,2.17,7.697,7.35,1.23,1.324,3.793,0.98,1.223,1.637,7.719,7.371
2025-07-11,2.169,7.703,7.361,1.227,1.324,3.812,0.984,1.23,1.634,7.729,7.375
2025-07-14,2.18,7.762,7.415,1.222,1.335,3.825,0.986,1.219,1.626,7.785,7.426
2025-07-15,2.184,7.742,7.408,1.229,1.333,3.828,0.989,1.227,1.635,7.779,7.41
2025-07-16,2.217,7.728,7.382,1.233,1.353,3.825,0.981,1.218,1.64,7.765,7.394
2025-07-17,2.205,7.73,7.396,1.236,1.347,3.816,0.988,1.209,1.644,7.765,7.403
2025-07-18,2.256,7.727,7.385,1.247,1.377,3.853,0.988,1.209,1.658,7.755,7.394
2025-07-21,2.258,7.761,7.404,1.249,1.378,3.88,0.994,1.213,1.663,7.776,7.43
2025-07-22,2.274,7.814,7.471,1.251,1.389,3.904,1.009,1.214,1.666,7.843,7.483
2025-07-23,2.288,7.875,7.508,1.244,1.397,3.95,1.02,1.216,1.657,7.888,7.54
2025-07-24,2.297,7.789,7.445,1.252,1.402,3.937,1.014,1.215,1.667,7.818,7.459
2025-07-25,2.326,7.75,7.408,1.252,1.42,3.966,1.021,1.207,1.667,7.783,7.415
2025-07-28,2.322,7.707,7.367,1.258,1.415,3.946,1.016,1.197,1.677,7.731,7.382
2025-07-29,2.338,7.677,7.334,1.263,1.429,3.948,1.009,1.195,1.683,7.711,7.35
2025-07-30,2.378,7.715,7.377,1.259,1.457,3.975,1.011,1.189,1.679,7.747,7.387
2025-07-31,2.354,7.667,7.326,1.277,1.437,3.96,1.017,1.194,1.703,7.694,7.329
2025-08-01,2.296,7.673,7.334,1.255,1.401,3.894,1.001,1.18,1.674,7.692,7.343
2025-08-04,2.285,7.763,7.421,1.235,1.396,3.875,1.005,1.176,1.643,7.796,7.432
2025-08-05,2.326,7.815,7.467,1.256,1.419,3.902,1.012,1.188,1.672,7.842,7.481
2025-08-06,2.314,7.806,7.461,1.244,1.415,3.928,1.021,1.201,1.658,7.832,7.472
2025-08-07,2.338,7.802,7.456,1.267,1.427,3.938,1.026,1.201,1.689,7.836,7.471
2025-08-08,2.314,7.821,7.483,1.268,1.415,3.93,1.029,1.205,1.691,7.85,7.488
2025-08-11,2.317,7.783,7.452,1.278,1.412,3.929,1.031,1.207,1.706,7.824,7.452
2025-08-12,2.358,7.745,7.402,1.278,1.441,3.949,1.032,1.198,1.702,7.769,7.412
2025-08-13,2.395,7.732,7.382,1.293,1.459,3.975,1.036,1.203,1.721,7.755,7.395
2025-08-14,2.473,7.76,7.415,1.29,1.513,4.005,1.042,1.197,1.718,7.787,7.431
2025-08-15,2.435,7.715,7.372,1.291,1.486,3.99,1.035,1.199,1.717,7.742,7.384
2025-08-18,2.52,7.729,7.385,1.289,1.54,4.036,1.048,1.193,1.715,7.759,7.398
2025-08-19,2.575,7.724,7.378,1.283,1.569,4.069,1.048,1.198,1.709,7.742,7.386
2025-08-20,2.551,7.692,7.352,1.26,1.56,4.033,1.045,1.195,1.678,7.721,7.362
2025-08-21,2.589,7.731,7.39,1.259,1.578,4.104,1.063,1.207,1.676,7.76,7.403
2025-08-22,2.566,7.724,7.381,1.261,1.564,4.114,1.064,1.212,1.681,7.756,7.395
2025-08-25,2.693,7.757,7.41,1.274,1.642,4.236,1.066,1.209,1.7,7.781,7.419
2025-08-26,2.727,7.768,7.43,1.271,1.67,4.288,1.073,1.219,1.691,7.799,7.437
2025-08-27,2.716,7.79,7.447,1.276,1.657,4.274,1.076,1.214,1.699,7.818,7.461
2025-08-28,2.68,7.798,7.451,1.274,1.636,4.202,1.058,1.196,1.694,7.823,7.462
2025-08-29,2.799,7.81,7.465,1.276,1.713,4.285,1.066,1.195,1.7,7.839,7.48
2025-09-01,2.88,7.878,7.527,1.262,1.758,4.331,1.073,1.194,1.679,7.904,7.546
2025-09-02,2.922,8.032,7.689,1.259,1.789,4.348,1.083,1.192,1.676,8.087,7.75
2025-09-03,2.852,8.107,7.75,1.251,1.74,4.318,1.075,1.2,1.667,8.131,7.76
2025-09-04,2.899,8.134,7.779,1.264,1.761,4.279,1.064,1.186,1.685,8.167,7.795
2025-09-05,2.75,8.122,7.755,1.276,1.678,4.184,1.058,1.189,1.698,8.145,7.773
2025-09-08,2.946,8.155,7.797,1.276,1.797,4.287,1.075,1.182,1.698,8.187,7.811
2025-09-09,2.866,8.283,7.915,1.275,1.753,4.281,1.084,1.185,1.698,8.31,7.934
2025-09-10,2.857,8.264,7.909,1.279,1.738,4.254,1.082,1.188,1.704,8.305,7.906
2025-09-11,2.883,8.315,7.94,1.281,1.755,4.256,1.077,1.188,1.707,8.338,7.963
2025-09-12,3.01,8.283,7.915,1.287,1.839,4.391,1.093,1.19,1.713,8.313,7.932
2025-09-15,3.006,8.271,7.909,1.291,1.831,4.348,1.088,1.184,1.719,8.306,7.908
2025-09-16,3.039,8.373,7.995,1.301,1.847,4.357,1.085,1.175,1.736,8.397,8.007
2025-09-17,3.055,8.371,8.005,1.299,1.856,4.348,1.083,1.17,1.732,8.408,8.01
2025-09-18,3.115,8.257,7.897,1.301,1.888,4.378,1.095,1.174,1.734,8.297,7.901
2025-09-19,3.067,8.256,7.891,1.311,1.868,4.324,1.082,1.153,1.751,8.285,7.901
2025-09-22,3.068,8.359,7.998,1.32,1.866,4.326,1.088,1.158,1.762,8.395,8.005
2025-09-23,3.115,8.497,8.1,1.333,1.898,4.366,1.085,1.15,1.788,8.506,8.125
2025-09-24,3.063,8.503,8.128,1.329,1.86,4.329,1.081,1.155,1.784,8.536,8.141
2025-09-25,3.15,8.512,8.135,1.325,1.922,4.388,1.09,1.157,1.779,8.554,8.16
2025-09-26,3.193,8.518,8.128,1.319,1.946,4.401,1.088,1.147,1.771,8.536,8.15
2025-09-29,3.126,8.544,8.168,1.328,1.905,4.373,1.088,1.148,1.793,8.566,8.177
2025-09-30,3.221,8.7,8.33,1.337,1.961,4.454,1.1,1.146,1.802,8.738,8.324
2025-10-09,3.217,9.095,8.79,1.367,1.96,4.473,1.104,1.138,1.842,9.18,8.724
2025-10-10,3.201,9.003,8.611,1.364,1.953,4.526,1.12,1.142,1.852,9.068,8.637
2025-10-13,2.952,9.163,8.747,1.334,1.791,4.29,1.086,1.146,1.807,9.197,8.77
2025-10-14,3.093,9.46,9.051,1.362,1.88,4.446,1.114,1.155,1.855,9.532,9.1
2025-10-15,2.932,9.535,9.112,1.338,1.79,4.37,1.108,1.176,1.823,9.568,9.143
2025-10-16,2.984,9.643,9.25,1.349,1.819,4.416,1.122,1.182,1.823,9.703,9.23
2025-10-17,3.002,9.889,9.443,1.354,1.829,4.444,1.12,1.189,1.825,9.969,9.497
2025-10-20,2.976,9.774,9.296,1.355,1.81,4.383,1.101,1.186,1.835,9.775,9.308
2025-10-21,2.999,9.966,9.51,1.39,1.829,4.381,1.107,1.184,1.888,9.973,9.526
2025-10-22,3.037,9.385,8.945,1.385,1.85,4.422,1.112,1.189,1.871,9.343,8.986
2025-10-23,3.021,9.354,8.955,1.401,1.841,4.403,1.117,1.199,1.868,9.386,8.98
2025-10-24,3.069,9.448,9.025,1.435,1.866,4.452,1.124,1.204,1.91,9.476,9.048
2025-10-27,3.209,9.35,8.928,1.446,1.953,4.525,1.126,1.194,1.923,9.381,8.948
2025-10-28,3.189,9.172,8.761,1.469,1.943,4.535,1.135,1.198,1.976,9.219,8.79
2025-10-29,3.235,9.058,8.653,1.473,1.97,4.53,1.132,1.196,1.984,9.086,8.68
2025-10-30,3.296,9.025,8.624,1.477,2.009,4.584,1.146,1.185,1.997,9.069,8.635
2025-10-31,3.235,9.215,8.802,1.465,1.968,4.544,1.138,1.189,1.981,9.228,8.81
2025-11-03,3.152,9.14,8.74,1.463,1.923,4.471,1.138,1.189,1.984,9.172,8.743
2025-11-04,3.166,9.136,8.736,1.455,1.93,4.486,1.143,1.204,1.977,9.169,8.745
2025-11-05,3.06,9.048,8.643,1.4,1.864,4.41,1.125,1.216,1.89,9.065,8.654
2025-11-06,3.158,9.103,8.694,1.431,1.919,4.468,1.148,1.216,1.923,9.126,8.718
2025-11-07,3.184,9.158,8.745,1.427,1.939,4.507,1.165,1.215,1.918,9.184,8.769
2025-11-10,3.2,9.255,8.843,1.449,1.951,4.519,1.173,1.217,1.946,9.28,8.869
2025-11-11,3.175,9.486,9.072,1.478,1.932,4.535,1.175,1.227,1.975,9.506,9.138
2025-11-12,3.095,9.462,9.037,1.472,1.887,4.486,1.17,1.232,1.967,9.503,9.058
2025-11-13,3.094,9.558,9.131,1.468,1.889,4.483,1.172,1.242,1.97,9.597,9.157
2025-11-14,3.146,9.526,9.088,1.437,1.915,4.512,1.168,1.237,1.935,9.55,9.099
2025-11-17,3.074,9.327,8.915,1.442,1.87,4.456,1.158,1.234,1.941,9.345,8.922
2025-11-18,3.069,9.22,8.815,1.406,1.871,4.426,1.148,1.222,1.881,9.25,8.837
2025-11-19,3.051,9.283,8.868,1.376,1.859,4.41,1.137,1.215,1.835,9.305,8.89
2025-11-20,3.106,9.367,8.942,1.41,1.886,4.447,1.143,1.217,1.879,9.388,8.959
2025-11-21,2.99,9.285,8.875,1.37,1.817,4.374,1.125,1.222,1.834,9.326,8.888
2025-11-24,2.925,9.252,8.84,1.398,1.778,4.304,1.103,1.212,1.868,9.277,8.858
2025-11-25,2.951,9.38,8.971,1.429,1.792,4.31,1.104,1.202,1.896,9.401,8.99
2025-11-26,2.955,9.419,8.994,1.433,1.806,4.332,1.108,1.209,1.911,9.45,9.015
2025-11-27,3.018,9.41,8.989,1.453,1.841,4.361,1.112,1.201,1.941,9.433,9.003
2025-11-28,3.008,9.474,9.055,1.445,1.83,4.352,1.113,1.203,1.935,9.522,9.084
2025-12-01,3.044,9.558,9.137,1.443,1.851,4.372,1.121,1.204,1.93,9.594,9.146
2025-12-02,3.075,9.527,9.102,1.448,1.868,4.412,1.132,1.211,1.945,9.573,9.118
2025-12-03,3.058,9.523,9.101,1.45,1.86,4.395,1.126,1.208,1.95,9.566,9.118
2025-12-04,3.014,9.516,9.089,1.457,1.835,4.374,1.127,1.203,1.965,9.548,9.107
2025-12-05,3.063,9.492,9.073,1.461,1.864,4.387,1.129,1.198,1.968,9.527,9.094
2025-12-08,3.101,9.52,9.094,1.46,1.888,4.439,1.139,1.191,1.963,9.557,9.107
2025-12-09,3.168,9.483,9.06,1.448,1.924,4.457,1.138,1.19,1.948,9.517,9.075
2025-12-10,3.185,9.52,9.093,1.431,1.938,4.431,1.125,1.181,1.928,9.55,9.114
2025-12-11,3.192,9.566,9.141,1.438,1.94,4.435,1.13,1.177,1.942,9.603,9.157
2025-12-12,3.152,9.605,9.179,1.437,1.916,4.4,1.125,1.174,1.932,9.633,9.201
2025-12-15,3.14,9.706,9.272,1.411,1.911,4.4,1.121,1.17,1.89,9.74,9.298
2025-12-16,3.112,9.695,9.251,1.404,1.893,4.39,1.127,1.176,1.89,9.71,9.272
2025-12-17,3.057,9.699,9.26,1.403,1.861,4.353,1.119,1.168,1.886,9.738,9.283
2025-12-18,3.134,9.725,9.29,1.388,1.911,4.412,1.135,1.17,1.873,9.76,9.311
2025-12-19,3.118,9.717,9.283,1.41,1.898,4.401,1.141,1.182,1.899,9.753,9.29
2025-12-22,3.135,9.796,9.361,1.438,1.904,4.427,1.147,1.181,1.94,9.812,9.38
2025-12-23,3.18,10.054,9.639,1.441,1.935,4.458,1.144,1.174,1.946,10.1,9.63
2025-12-24,3.194,10.154,9.699,1.44,1.94,4.461,1.142,1.173,1.943,10.18,9.719
2025-12-25,3.21,10.0,9.556,1.432,1.956,4.476,1.15,1.177,1.933,10.039,9.571
2025-12-26,3.222,10.096,9.654,1.429,1.958,4.489,1.154,1.177,1.935,10.135,9.67
2025-12-29,3.217,10.067,9.615,1.42,1.959,4.507,1.156,1.176,1.925,10.105,9.64
2025-12-30,3.19,9.707,9.25,1.409,1.942,4.469,1.149,1.174,1.903,9.757,9.272
2025-12-31,3.23,9.776,9.343,1.412,1.96,4.496,1.158,1.175,1.905,9.809,9.359
2026-01-05,3.215,9.845,9.393,1.416,1.954,4.509,1.154,1.176,1.909,9.869,9.421
2026-01-06,3.278,9.955,9.51,1.428,1.996,4.569,1.168,1.173,1.932,9.998,9.536
2026-01-07,3.311,10.022,9.57,1.435,2.011,4.642,1.181,1.174,1.93,10.047,9.6
2026-01-08,3.291,9.982,9.532,1.425,2.004,4.609,1.177,1.169,1.916,10.006,9.555
2026-01-09,3.269,9.964,9.523,1.417,1.99,4.579,1.18,1.161,1.896,9.991,9.544
2026-01-12,3.314,10.197,9.748,1.417,2.013,4.609,1.194,1.162,1.904,10.244,9.779
2026-01-13,3.372,10.221,9.763,1.413,2.055,4.64,1.2,1.164,1.895,10.257,9.79
2026-01-14,3.307,10.3,9.848,1.417,2.012,4.609,1.19,1.167,1.914,10.329,9.871
2026-01-15,3.306,10.299,9.85,1.402,2.015,4.569,1.198,1.157,1.898,10.345,9.861
2026-01-16,3.382,10.29,9.837,1.413,2.056,4.619,1.207,1.153,1.904,10.339,9.851
2026-01-19,3.327,10.414,9.95,1.392,2.022,4.578,1.201,1.143,1.886,10.443,9.962
2026-01-20,3.319,10.447,9.985,1.396,2.021,4.586,1.216,1.144,1.887,10.506,10.005
2026-01-21,3.243,10.801,10.302,1.379,1.975,4.548,1.216,1.16,1.862,10.909,10.365
2026-01-22,3.298,10.752,10.265,1.395,2.001,4.58,1.224,1.149,1.896,10.8,10.29
2026-01-23,3.322,11.052,10.586,1.413,2.016,4.57,1.222,1.151,1.908,11.097,10.618
2026-01-26,3.352,11.368,10.886,1.397,2.029,4.551,1.237,1.148,1.888,11.408,10.886
2026-01-27,3.31,11.376,10.865,1.397,2.013,4.554,1.248,1.155,1.894,11.401,10.883
2026-01-28,3.342,11.604,11.096,1.412,2.029,4.567,1.241,1.147,1.902,11.664,11.11
2026-01-29,3.297,12.347,11.855,1.407,2.01,4.569,1.264,1.15,1.895,12.409,11.918
2026-01-30,3.286,11.996,11.403,1.396,1.992,4.574,1.258,1.169,1.874,11.995,11.471
2026-02-02,3.338,10.362,9.898,1.388,2.027,4.516,1.242,1.165,1.858,10.402,9.908
2026-02-03,3.302,10.805,10.315,1.389,1.995,4.479,1.209,1.154,1.87,10.858,10.355
2026-02-04,3.29,11.305,10.77,1.365,2.003,4.5,1.234,1.149,1.849,11.397,10.795
2026-02-05,3.264,11.104,10.599,1.364,1.999,4.526,1.245,1.166,1.835,11.185,10.61
2026-02-06,3.21,10.543,10.036,1.341,1.951,4.485,1.223,1.179,1.809,10.549,10.079
2026-02-09,3.288,11.19,10.716,1.369,1.996,4.533,1.242,1.177,1.846,11.249,10.72
2026-02-10,3.327,11.195,10.69,1.376,2.015,4.573,1.251,1.182,1.851,11.236,10.686
2026-02-11,3.3,11.186,10.679,1.371,2.007,4.569,1.257,1.185,1.84,11.22,10.704
2026-02-12,3.28,11.204,10.697,1.368,1.991,4.573,1.256,1.187,1.84,11.263,10.72
2026-02-13,3.303,11.047,10.585,1.35,2.004,4.554,1.255,1.176,1.81,11.104,10.582
2026-02-24,3.318,11.414,10.877,1.354,2.01,4.57,1.251,1.17,1.821,11.457,10.92
2026-02-25,3.301,11.451,10.935,1.36,2.004,4.563,1.252,1.172,1.832,11.49,10.953
2026-02-26,3.338,11.428,10.922,1.362,2.029,4.598,1.264,1.171,1.839,11.48,10.939
2026-02-27,3.31,11.403,10.907,1.35,2.01,4.557,1.262,1.168,1.816,11.451,10.92
2026-03-02,3.251,11.791,11.335,1.341,1.977,4.542,1.268,1.17,1.804,11.87,11.368
2026-03-03,3.303,11.918,11.379,1.345,2.004,4.584,1.288,1.183,1.81,11.959,11.418
2026-03-04,3.17,11.511,10.989,1.325,1.93,4.491,1.264,1.194,1.779,11.544,11.0
2026-03-05,3.216,11.467,10.954,1.335,1.945,4.5,1.266,1.179,1.79,11.532,10.98
2026-03-06,3.191,11.32,10.82,1.338,1.943,4.484,1.26,1.18,1.794,11.359,10.834
2026-03-09,3.183,11.358,10.828,1.301,1.929,4.467,1.269,1.19,1.748,11.377,10.858
2026-03-10,3.267,11.44,10.925,1.335,1.972,4.494,1.261,1.184,1.792,11.469,10.963
2026-03-11,3.303,11.52,11.001,1.335,2.004,4.531,1.277,1.184,1.792,11.559,11.026
2026-03-12,3.34,11.42,10.9,1.329,2.025,4.549,1.276,1.196,1.786,11.47,10.928
2026-03-13,3.29,11.341,10.835,1.319,1.993,4.519,1.283,1.201,1.774,11.395,10.852
2026-03-16,3.308,11.109,10.6,1.313,2.002,4.528,1.28,1.205,1.763,11.159,10.63
2026-03-17,3.369,11.116,10.633,1.325,2.045,4.526,1.27,1.203,1.776,11.173,10.632
2026-03-18,3.293,11.105,10.612,1.328,1.995,4.501,1.265,1.21,1.785,11.151,10.638
2026-03-19,3.297,10.756,10.27,1.317,2.001,4.469,1.255,1.202,1.763,10.786,10.283
2026-03-20,3.337,10.385,9.867,1.312,2.021,4.45,1.234,1.199,1.771,10.391,9.9
2026-03-23,3.3,9.902,9.44,1.28,2.001,4.395,1.215,1.19,1.725,9.93,9.488
2026-03-24,3.275,9.61,9.168,1.272,1.982,4.342,1.196,1.161,1.699,9.654,9.21
2026-03-25,3.279,10.123,9.662,1.288,1.982,4.36,1.217,1.177,1.73,10.19,9.7
2026-03-26,3.306,10.065,9.612,1.29,1.999,4.39,1.22,1.186,1.73,10.101,9.628
2026-03-27,3.241,9.778,9.331,1.26,1.96,4.31,1.205,1.182,1.692,9.818,9.358
2026-03-30,3.242,9.927,9.476,1.251,1.969,4.316,1.208,1.179,1.672,9.961,9.496
2026-03-31,3.248,10.188,9.727,1.25,1.979,4.353,1.225,1.193,1.68,10.235,9.751
2026-04-01,3.245,10.381,9.948,1.284,1.967,4.37,1.22,1.199,1.724,10.417,9.95
2026-04-02,3.224,10.429,9.97,1.293,1.952,4.379,1.222,1.196,1.745,10.506,10.0
2026-04-03,3.182,10.359,9.89,1.298,1.93,4.343,1.222,1.201,1.737,10.381,9.914
2026-04-07,3.153,10.285,9.813,1.288,1.911,4.31,1.202,1.188,1.731,10.312,9.845
2026-04-08,3.241,10.534,10.069,1.325,2.095,4.365,1.225,1.18,1.789,10.617,10.103
2026-04-09,3.316,10.356,9.887,1.33,2.015,4.426,1.228,1.189,1.833,10.4,9.92
2026-04-10,3.339,10.444,9.973,1.347,2.026,4.44,1.227,1.182,1.824,10.46,9.995
2026-04-13,3.43,10.368,9.885,1.339,2.071,4.473,1.229,1.181,1.8,10.411,9.918
2026-04-14,3.501,10.451,9.98,1.361,2.135,4.525,1.228,1.177,1.833,10.484,9.999
2026-04-15,3.589,10.58,10.109,1.386,2.177,4.579,1.235,1.182,1.856,10.6,10.127
2026-04-16,3.522,10.541,10.062,1.405,2.135,4.546,1.233,1.188,1.9,10.581,10.095
2026-04-17,3.638,10.449,9.981,1.408,2.207,4.586,1.238,1.188,1.902,10.507,10.0
2026-04-20,3.657,10.492,10.012,1.412,2.216,4.583,1.241,1.184,1.9,10.518,10.04
2026-04-21,3.663,10.519,10.042,1.407,2.219,4.606,1.242,1.19,1.893,10.551,10.07
2026-04-22,3.66,10.414,9.944,1.4,2.225,4.61,1.249,1.196,1.89,10.45,9.968
2026-04-23,3.769,10.393,9.923,1.416,2.287,4.66,1.249,1.192,1.907,10.438,9.935
2026-04-24,3.689,10.328,9.861,1.418,2.242,4.629,1.246,1.198,1.905,10.375,9.885
2026-04-27,3.68,10.307,9.828,1.432,2.231,4.628,1.241,1.197,1.93,10.319,9.859
2026-04-28,3.63,10.295,9.828,1.45,2.205,4.61,1.235,1.188,1.945,10.333,9.85
2026-04-29,3.585,10.07,9.627,1.45,2.175,4.607,1.241,1.194,1.951,10.13,9.641
2026-04-30,3.703,10.061,9.606,1.461,2.248,4.667,1.256,1.196,1.975,10.102,9.629
2026-05-06,3.763,10.133,9.672,1.502,2.271,4.7,1.251,1.188,2.02,10.152,9.698
2026-05-07,3.814,10.303,9.836,1.513,2.314,4.745,1.263,1.182,2.03,10.363,9.871
2026-05-08,3.811,10.314,9.865,1.532,2.308,4.739,1.258,1.178,2.049,10.363,9.871
2026-05-11,3.834,10.268,9.821,1.568,2.324,4.744,1.262,1.176,2.104,10.313,9.827
2026-05-12,3.952,10.315,9.871,1.57,2.394,4.815,1.265,1.178,2.098,10.36,9.9
2026-05-13,3.91,10.253,9.793,1.55,2.371,4.785,1.263,1.175,2.076,10.289,9.818
2026-05-14,4.092,10.213,9.754,1.589,2.478,4.88,1.273,1.177,2.116,10.25,9.78
2026-05-15,3.961,10.073,9.643,1.577,2.402,4.778,1.253,1.175,2.107,10.13,9.645
2026-05-18,3.912,9.871,9.4,1.541,2.361,4.712,1.24,1.164,2.065,9.9,9.44
2026-05-19,3.901,9.948,9.506,1.52,2.372,4.696,1.234,1.159,2.058,9.987,9.519
2026-05-20,3.895,9.835,9.387,1.512,2.358,4.698,1.237,1.168,2.036,9.852,9.4
2026-05-21,3.97,9.955,9.52,1.553,2.417,4.743,1.241,1.163,2.085,9.98,9.53
2026-05-22,3.877,9.885,9.433,1.576,2.344,4.682,1.223,1.159,2.12,9.912,9.46
2026-05-25,3.982,9.949,9.5,1.626,2.409,4.725,1.222,1.154,2.211,9.986,9.531
2026-05-26,4.012,9.918,9.488,1.633,2.436,4.758,1.212,1.151,2.231,9.955,9.481
2026-05-27,4.053,9.845,9.404,1.639,2.464,4.8,1.221,1.156,2.215,9.886,9.419
2026-05-28,4.039,9.642,9.21,1.645,2.453,4.759,1.208,1.149,2.226,9.661,9.216
2026-05-29,4.143,9.792,9.328,1.66,2.521,4.785,1.206,1.144,2.235,9.83,9.385
2026-06-01,4.05,9.82,9.39,1.71,2.45,4.77,1.21,1.17,2.27,9.85,9.4
