日期,510310,513100,159915
2023-01-10,,0.805,
2023-01-11,3.558,0.81,2.374
2023-01-12,3.562,0.818,2.382
2023-01-13,3.62,0.815,2.417
2023-01-16,3.676,0.815,2.462
2023-01-17,3.672,0.82,2.47
2023-01-18,3.666,0.821,2.468
2023-01-19,3.692,0.81,2.496
2023-01-20,3.72,0.815,2.507
2023-01-30,3.734,0.844,2.533
2023-01-31,3.69,0.832,2.507
2023-02-01,3.728,0.847,2.537
2023-02-02,3.718,0.862,2.524
2023-02-03,3.676,0.87,2.5
2023-02-06,3.62,0.865,2.468
2023-02-07,3.634,0.866,2.461
2023-02-08,3.612,0.882,2.447
2023-02-09,3.662,0.873,2.493
2023-02-10,3.646,0.86,2.465
2023-02-13,3.68,0.859,2.495
2023-02-14,3.686,0.871,2.49
2023-02-15,3.666,0.873,2.468
2023-02-16,3.636,0.89,2.436
2023-02-17,3.578,0.865,2.378
2023-02-20,3.676,0.868,2.403
2023-02-21,3.682,0.866,2.395
2023-02-22,3.646,0.85,2.377
2023-02-23,3.65,0.857,2.385
2023-02-24,3.61,0.86,2.357
2023-02-27,3.59,0.852,2.34
2023-02-28,3.618,0.855,2.359
2023-03-01,3.666,0.852,2.372
2023-03-02,3.662,0.84,2.347
2023-03-03,3.668,0.849,2.352
2023-03-06,3.644,0.871,2.361
2023-03-07,3.594,0.872,2.312
2023-03-08,3.578,0.864,2.308
2023-03-09,3.568,0.868,2.303
2023-03-10,3.518,0.848,2.3
2023-03-13,3.552,0.854,2.287
2023-03-14,3.532,0.841,2.276
2023-03-15,3.532,0.859,2.268
2023-03-16,3.488,0.863,2.233
2023-03-17,3.512,0.884,2.228
2023-03-20,3.488,0.873,2.226
2023-03-21,3.526,0.882,2.265
2023-03-22,3.542,0.895,2.27
2023-03-23,3.582,0.884,2.288
2023-03-24,3.574,0.891,2.297
2023-03-27,3.556,0.899,2.323
2023-03-28,3.548,0.893,2.298
2023-03-29,3.548,0.893,2.297
2023-03-30,3.584,0.903,2.313
2023-03-31,3.596,0.908,2.327
2023-04-03,3.624,0.92,2.366
2023-04-04,3.642,0.922,2.35
2023-04-06,3.636,0.906,2.354
2023-04-07,3.66,0.914,2.369
2023-04-10,3.646,0.91,2.368
2023-04-11,3.64,0.915,2.362
2023-04-12,3.64,0.908,2.353
2023-04-13,3.614,0.902,2.332
2023-04-14,3.634,0.91,2.355
2023-04-17,3.686,0.914,2.364
2023-04-18,3.696,0.914,2.354
2023-04-19,3.662,0.912,2.339
2023-04-20,3.646,0.912,2.314
2023-04-21,3.576,0.908,2.269
2023-04-24,3.532,0.906,2.234
2023-04-25,3.516,0.906,2.193
2023-04-26,3.51,0.904,2.226
2023-04-27,3.54,0.905,2.24
2023-04-28,3.574,0.923,2.255
2023-05-04,3.574,0.918,2.23
2023-05-05,3.562,0.916,2.202
2023-05-08,3.6,0.93,2.213
2023-05-09,3.572,0.93,2.18
2023-05-10,3.544,0.93,2.199
2023-05-11,3.538,0.942,2.211
2023-05-12,3.486,0.946,2.185
2023-05-15,3.548,0.944,2.234
2023-05-16,3.53,0.947,2.228
2023-05-17,3.512,0.953,2.229
2023-05-18,3.51,0.968,2.215
2023-05-19,3.504,0.99,2.215
2023-05-22,3.524,0.984,2.214
2023-05-23,3.47,0.992,2.187
2023-05-24,3.42,0.977,2.183
2023-05-25,3.408,0.993,2.184
2023-05-26,3.414,0.996,2.167
2023-05-29,3.396,1.032,2.143
2023-05-30,3.4,1.035,2.155
2023-05-31,3.368,1.031,2.131
2023-06-01,3.372,1.03,2.148
2023-06-02,3.424,1.043,2.175
2023-06-05,3.408,1.048,2.143
2023-06-06,3.376,1.049,2.106
2023-06-07,3.362,1.052,2.075
2023-06-08,3.388,1.03,2.071
2023-06-09,3.404,1.047,2.086
2023-06-12,3.412,1.059,2.095
2023-06-13,3.436,1.085,2.111
2023-06-14,3.442,1.086,2.106
2023-06-15,3.5,1.091,2.179
2023-06-16,3.536,1.1,2.208
2023-06-19,3.508,1.096,2.207
2023-06-20,3.5,1.095,2.21
2023-06-21,3.452,1.1,2.156
2023-06-26,3.406,1.091,2.133
2023-06-27,3.434,1.076,2.138
2023-06-28,3.44,1.09,2.126
2023-06-29,3.422,1.099,2.129
2023-06-30,3.446,1.1,2.164
2023-07-03,3.486,1.118,2.171
2023-07-04,3.492,1.112,2.174
2023-07-05,3.472,1.11,2.156
2023-07-06,3.442,1.111,2.137
2023-07-07,3.432,1.106,2.118
2023-07-10,3.446,1.095,2.145
2023-07-11,3.47,1.101,2.161
2023-07-12,3.454,1.102,2.139
2023-07-13,3.512,1.118,2.182
2023-07-14,3.512,1.126,2.169
2023-07-17,3.486,1.132,2.152
2023-07-18,3.482,1.142,2.147
2023-07-19,3.478,1.163,2.125
2023-07-20,3.45,1.147,2.103
2023-07-21,3.45,1.128,2.11
2023-07-24,3.434,1.132,2.09
2023-07-25,3.542,1.128,2.136
2023-07-26,3.538,1.131,2.135
2023-07-27,3.532,1.141,2.129
2023-07-28,3.622,1.134,2.163
2023-07-31,3.638,1.149,2.182
2023-08-01,3.622,1.153,2.168
2023-08-02,3.594,1.137,2.164
2023-08-03,3.628,1.118,2.187
2023-08-04,3.646,1.128,2.204
2023-08-07,3.614,1.118,2.185
2023-08-08,3.602,1.12,2.177
2023-08-09,3.594,1.119,2.174
2023-08-10,3.6,1.109,2.184
2023-08-11,3.508,1.11,2.129
2023-08-14,3.484,1.103,2.113
2023-08-15,3.482,1.124,2.096
2023-08-16,3.454,1.112,2.082
2023-08-17,3.466,1.104,2.094
2023-08-18,3.416,1.083,2.065
2023-08-21,3.364,1.086,2.035
2023-08-22,3.39,1.104,2.038
2023-08-23,3.346,1.104,1.987
2023-08-24,3.36,1.134,2.014
2023-08-25,3.352,1.091,1.991
2023-08-28,3.4,1.105,2.01
2023-08-29,3.424,1.111,2.067
2023-08-30,3.426,1.135,2.066
2023-08-31,3.406,1.14,2.052
2023-09-01,3.428,1.139,2.049
2023-09-04,3.482,1.142,2.067
2023-09-05,3.456,1.141,2.057
2023-09-06,3.448,1.143,2.049
2023-09-07,3.396,1.134,2.003
2023-09-08,3.378,1.141,1.998
2023-09-11,3.402,1.134,2.011
2023-09-12,3.4,1.141,1.998
2023-09-13,3.374,1.128,1.974
2023-09-14,3.374,1.136,1.96
2023-09-15,3.356,1.142,1.954
2023-09-18,3.37,1.124,1.968
2023-09-19,3.362,1.123,1.952
2023-09-20,3.348,1.124,1.936
2023-09-21,3.314,1.103,1.917
2023-09-22,3.384,1.092,1.964
2023-09-25,3.356,1.094,1.953
2023-09-26,3.338,1.085,1.938
2023-09-27,3.348,1.081,1.956
2023-09-28,3.334,1.08,1.953
2023-10-09,3.324,1.096,1.947
2023-10-10,3.3,1.111,1.938
2023-10-11,3.308,1.118,1.954
2023-10-12,3.344,1.128,1.968
2023-10-13,3.306,1.122,1.945
2023-10-16,3.268,1.111,1.906
2023-10-17,3.28,1.119,1.912
2023-10-18,3.248,1.114,1.887
2023-10-19,3.186,1.1,1.867
2023-10-20,3.162,1.086,1.85
2023-10-23,3.162,1.079,1.815
2023-10-24,3.134,1.086,1.832
2023-10-25,3.154,1.082,1.815
2023-10-26,3.166,1.049,1.829
2023-10-27,3.214,1.053,1.881
2023-10-30,3.232,1.055,1.926
2023-10-31,3.226,1.054,1.916
2023-11-01,3.22,1.069,1.908
2023-11-02,3.206,1.091,1.89
2023-11-03,3.232,1.099,1.918
2023-11-06,3.276,1.111,1.981
2023-11-07,3.266,1.11,1.967
2023-11-08,3.256,1.12,1.971
2023-11-09,3.262,1.127,1.967
2023-11-10,3.232,1.116,1.955
2023-11-13,3.228,1.14,1.958
2023-11-14,3.23,1.144,1.953
2023-11-15,3.258,1.164,1.963
2023-11-16,3.22,1.159,1.925
2023-11-17,3.214,1.161,1.934
2023-11-20,3.226,1.145,1.942
2023-11-21,3.23,1.158,1.931
2023-11-22,3.194,1.15,1.899
2023-11-23,3.21,1.156,1.911
2023-11-24,3.188,1.157,1.888
2023-11-27,3.166,1.151,1.878
2023-11-28,3.168,1.154,1.89
2023-11-29,3.144,1.154,1.867
2023-11-30,3.146,1.153,1.874
2023-12-01,3.134,1.148,1.881
2023-12-04,3.108,1.15,1.858
2023-12-05,3.048,1.137,1.823
2023-12-06,3.052,1.153,1.834
2023-12-07,3.046,1.14,1.829
2023-12-08,3.052,1.157,1.843
2023-12-11,3.074,1.164,1.868
2023-12-12,3.082,1.178,1.856
2023-12-13,3.026,1.191,1.822
2023-12-14,3.008,1.204,1.812
2023-12-15,3.002,1.193,1.802
2023-12-18,2.99,1.202,1.773
2023-12-19,2.992,1.209,1.781
2023-12-20,2.96,1.216,1.755
2023-12-21,2.99,1.2,1.787
2023-12-22,2.998,1.206,1.78
2023-12-25,3.006,1.207,1.783
2023-12-26,2.986,1.215,1.761
2023-12-27,2.996,1.219,1.763
2023-12-28,3.076,1.216,1.833
2023-12-29,3.086,1.213,1.842
2024-01-02,3.04,1.21,1.806
2024-01-03,3.034,1.191,1.787
2024-01-04,3.006,1.185,1.754
2024-01-05,2.988,1.176,1.728
2024-01-08,2.944,1.179,1.699
2024-01-09,2.956,1.209,1.706
2024-01-10,2.936,1.209,1.698
2024-01-11,2.954,1.223,1.732
2024-01-12,2.942,1.219,1.714
2024-01-15,2.94,1.227,1.698
2024-01-16,2.96,1.215,1.708
2024-01-17,2.882,1.214,1.656
2024-01-18,2.936,1.217,1.683
2024-01-19,2.934,1.242,1.669
2024-01-22,2.872,1.28,1.623
2024-01-23,2.892,1.271,1.642
2024-01-24,2.948,1.278,1.65
2024-01-25,3.0,1.271,1.675
2024-01-26,2.992,1.261,1.637
2024-01-29,2.962,1.272,1.58
2024-01-30,2.904,1.292,1.544
2024-01-31,2.886,1.264,1.533
2024-02-01,2.88,1.252,1.548
2024-02-02,2.852,1.283,1.508
2024-02-05,2.86,1.289,1.527
2024-02-06,2.968,1.291,1.623
2024-02-07,3.0,1.279,1.66
2024-02-08,3.022,1.308,1.681
2024-02-19,3.05,1.301,1.697
2024-02-20,3.062,1.299,1.696
2024-02-21,3.106,1.282,1.703
2024-02-22,3.136,1.304,1.71
2024-02-23,3.138,1.321,1.709
2024-02-26,3.104,1.308,1.704
2024-02-27,3.144,1.306,1.746
2024-02-28,3.104,1.309,1.701
2024-02-29,3.162,1.3,1.761
2024-03-01,3.19,1.321,1.775
2024-03-04,3.192,1.339,1.783
2024-03-05,3.214,1.329,1.78
2024-03-06,3.202,1.324,1.782
2024-03-07,3.186,1.315,1.742
2024-03-08,3.194,1.337,1.756
2024-03-11,3.24,1.317,1.84
2024-03-12,3.248,1.322,1.851
2024-03-13,3.224,1.33,1.841
2024-03-14,3.214,1.324,1.832
2024-03-15,3.22,1.316,1.833
2024-03-18,3.254,1.316,1.875
2024-03-19,3.23,1.309,1.853
2024-03-20,3.23,1.314,1.856
2024-03-21,3.23,1.337,1.846
2024-03-22,3.196,1.338,1.817
2024-03-25,3.186,1.334,1.781
2024-03-26,3.192,1.341,1.792
2024-03-27,3.156,1.342,1.742
2024-03-28,3.172,1.339,1.758
2024-03-29,3.186,1.337,1.768
2024-04-01,3.244,1.344,1.822
2024-04-02,3.232,1.34,1.808
2024-04-03,3.218,1.327,1.79
2024-04-08,3.188,1.326,1.758
2024-04-09,3.184,1.328,1.777
2024-04-10,3.16,1.333,1.739
2024-04-11,3.156,1.321,1.731
2024-04-12,3.126,1.341,1.713
2024-04-15,3.202,1.329,1.746
2024-04-16,3.166,1.293,1.713
2024-04-17,3.214,1.292,1.747
2024-04-18,3.216,1.289,1.738
2024-04-19,3.194,1.264,1.705
2024-04-22,3.186,1.256,1.703
2024-04-23,3.16,1.259,1.705
2024-04-24,3.174,1.289,1.719
2024-04-25,3.182,1.268,1.716
2024-04-26,3.232,1.29,1.774
2024-04-29,3.276,1.298,1.837
2024-04-30,3.26,1.299,1.816
2024-05-06,3.308,1.302,1.853
2024-05-07,3.31,1.315,1.85
2024-05-08,3.282,1.317,1.821
2024-05-09,3.314,1.314,1.856
2024-05-10,3.318,1.321,1.84
2024-05-13,3.314,1.326,1.817
2024-05-14,3.306,1.326,1.813
2024-05-15,3.284,1.335,1.797
2024-05-16,3.296,1.358,1.801
2024-05-17,3.336,1.355,1.824
2024-05-20,3.344,1.357,1.831
2024-05-21,3.33,1.364,1.818
2024-05-22,3.34,1.369,1.839
2024-05-23,3.302,1.381,1.811
2024-05-24,3.262,1.358,1.781
2024-05-27,3.292,1.374,1.792
2024-05-28,3.27,1.38,1.769
2024-05-29,3.27,1.374,1.772
2024-05-30,3.258,1.359,1.777
2024-05-31,3.244,1.353,1.772
2024-06-03,3.248,1.359,1.782
2024-06-04,3.274,1.355,1.806
2024-06-05,3.258,1.366,1.796
2024-06-06,3.26,1.393,1.785
2024-06-07,3.24,1.394,1.748
2024-06-11,3.212,1.395,1.752
2024-06-12,3.21,1.408,1.743
2024-06-13,3.198,1.436,1.742
2024-06-14,3.214,1.435,1.756
2024-06-17,3.206,1.441,1.768
2024-06-18,3.214,1.46,1.776
2024-06-19,3.206,1.462,1.753
2024-06-20,3.184,1.472,1.728
2024-06-21,3.18,1.45,1.723
2024-06-24,3.16,1.444,1.696
2024-06-25,3.14,1.429,1.666
2024-06-26,3.162,1.456,1.699
2024-06-27,3.142,1.455,1.67
2024-06-28,3.15,1.475,1.652
2024-07-01,3.162,1.473,1.65
2024-07-02,3.16,1.474,1.633
2024-07-03,3.154,1.501,1.629
2024-07-04,3.138,1.51,1.616
2024-07-05,3.124,1.529,1.623
2024-07-08,3.1,1.552,1.596
2024-07-09,3.134,1.568,1.62
2024-07-10,3.126,1.548,1.618
2024-07-11,3.172,1.555,1.654
2024-07-12,3.182,1.492,1.653
2024-07-15,3.186,1.539,1.64
2024-07-16,3.212,1.536,1.664
2024-07-17,3.22,1.522,1.663
2024-07-18,3.24,1.495,1.686
2024-07-19,3.256,1.471,1.692
2024-07-22,3.232,1.463,1.693
2024-07-23,3.164,1.477,1.64
2024-07-24,3.144,1.448,1.619
2024-07-25,3.12,1.407,1.614
2024-07-26,3.14,1.409,1.627
2024-07-29,3.118,1.437,1.604
2024-07-30,3.098,1.42,1.601
2024-07-31,3.172,1.429,1.658
2024-08-01,3.148,1.463,1.636
2024-08-02,3.112,1.396,1.609
2024-08-05,3.074,1.287,1.576
2024-08-06,3.072,1.332,1.597
2024-08-07,3.07,1.334,1.589
2024-08-08,3.072,1.314,1.582
2024-08-09,3.06,1.35,1.566
2024-08-12,3.058,1.365,1.563
2024-08-13,3.062,1.379,1.578
2024-08-14,3.038,1.413,1.555
2024-08-15,3.074,1.422,1.565
2024-08-16,3.078,1.469,1.561
2024-08-19,3.086,1.442,1.559
2024-08-20,3.068,1.468,1.539
2024-08-21,3.054,1.469,1.529
2024-08-22,3.046,1.471,1.516
2024-08-23,3.06,1.457,1.517
2024-08-26,3.06,1.46,1.515
2024-08-27,3.046,1.442,1.5
2024-08-28,3.024,1.442,1.501
2024-08-29,3.014,1.407,1.513
2024-08-30,3.062,1.417,1.552
2024-09-02,3.002,1.429,1.507
2024-09-03,3.008,1.431,1.525
2024-09-04,2.99,1.356,1.525
2024-09-05,2.994,1.36,1.536
2024-09-06,2.97,1.372,1.508
2024-09-09,2.93,1.364,1.513
2024-09-10,2.932,1.368,1.512
2024-09-11,2.924,1.377,1.528
2024-09-12,2.914,1.421,1.525
2024-09-13,2.898,1.435,1.509
2024-09-18,2.908,1.424,1.504
2024-09-19,2.934,1.44,1.519
2024-09-20,2.938,1.443,1.508
2024-09-23,2.952,1.449,1.501
2024-09-24,3.093,1.441,1.587
2024-09-25,3.141,1.43,1.61
2024-09-26,3.303,1.445,1.686
2024-09-27,3.447,1.414,1.86
2024-09-30,3.818,1.409,2.232
2024-10-08,4.022,1.403,2.678
2024-10-09,3.673,1.427,2.242
2024-10-10,3.743,1.443,2.174
2024-10-11,3.636,1.445,2.06
2024-10-14,3.7,1.446,2.116
2024-10-15,3.594,1.476,2.045
2024-10-16,3.567,1.459,2.0
2024-10-17,3.525,1.468,1.995
2024-10-18,3.675,1.459,2.156
2024-10-21,3.678,1.461,2.167
2024-10-22,3.697,1.459,2.175
2024-10-23,3.712,1.465,2.162
2024-10-24,3.668,1.449,2.132
2024-10-25,3.697,1.455,2.196
2024-10-28,3.702,1.473,2.188
2024-10-29,3.671,1.47,2.135
2024-10-30,3.633,1.484,2.111
2024-10-31,3.631,1.459,2.122
2024-11-01,3.639,1.442,2.084
2024-11-04,3.689,1.443,2.145
2024-11-05,3.79,1.438,2.249
2024-11-06,3.766,1.489,2.223
2024-11-07,3.897,1.512,2.306
2024-11-08,3.843,1.525,2.282
2024-11-11,3.866,1.534,2.349
2024-11-12,3.823,1.536,2.345
2024-11-13,3.848,1.527,2.372
2024-11-14,3.778,1.529,2.288
2024-11-15,3.715,1.51,2.204
2024-11-18,3.696,1.499,2.149
2024-11-19,3.716,1.504,2.215
2024-11-20,3.725,1.521,2.223
2024-11-21,3.731,1.51,2.223
2024-11-22,3.616,1.521,2.136
2024-11-25,3.594,1.536,2.132
2024-11-26,3.584,1.536,2.109
2024-11-27,3.648,1.54,2.165
2024-11-28,3.619,1.531,2.128
2024-11-29,3.659,1.532,2.179
2024-12-02,3.689,1.54,2.211
2024-12-03,3.692,1.568,2.198
2024-12-04,3.675,1.575,2.17
2024-12-05,3.666,1.589,2.177
2024-12-06,3.714,1.584,2.224
2024-12-09,3.712,1.61,2.206
2024-12-10,3.741,1.597,2.221
2024-12-11,3.732,1.593,2.218
2024-12-12,3.77,1.617,2.248
2024-12-13,3.68,1.629,2.193
2024-12-16,3.657,1.649,2.158
2024-12-17,3.666,1.663,2.159
2024-12-18,3.684,1.674,2.158
2024-12-19,3.691,1.63,2.171
2024-12-20,3.678,1.597,2.169
2024-12-23,3.684,1.652,2.147
2024-12-24,3.728,1.648,2.17
2024-12-25,3.729,1.667,2.156
2024-12-26,3.732,1.674,2.166
2024-12-27,3.726,1.662,2.163
2024-12-30,3.743,1.639,2.165
2024-12-31,3.682,1.629,2.102
2025-01-02,3.572,1.643,2.019
2025-01-03,3.536,1.633,1.978
2025-01-06,3.519,1.669,1.976
2025-01-07,3.545,1.659,1.99
2025-01-08,3.539,1.642,1.968
2025-01-09,3.532,1.636,1.971
2025-01-10,3.493,1.63,1.938
2025-01-13,3.478,1.592,1.942
2025-01-14,3.572,1.611,2.036
2025-01-15,3.549,1.601,1.999
2025-01-16,3.551,1.637,2.01
2025-01-17,3.563,1.63,2.026
2025-01-20,3.582,1.646,2.062
2025-01-21,3.585,1.647,2.07
2025-01-22,3.553,1.657,2.059
2025-01-23,3.562,1.643,2.052
2025-01-24,3.591,1.644,2.084
2025-01-27,3.575,1.615,2.028
2025-02-05,3.551,1.612,2.024
2025-02-06,3.596,1.627,2.08
2025-02-07,3.65,1.623,2.131
2025-02-10,3.654,1.606,2.142
2025-02-11,3.638,1.607,2.113
2025-02-12,3.674,1.609,2.15
2025-02-13,3.666,1.618,2.135
2025-02-14,3.696,1.629,2.174
2025-02-17,3.705,1.63,2.182
2025-02-18,3.673,1.643,2.14
2025-02-19,3.694,1.636,2.185
2025-02-20,3.682,1.622,2.184
2025-02-21,3.733,1.611,2.239
2025-02-24,3.721,1.59,2.221
2025-02-25,3.682,1.565,2.197
2025-02-26,3.712,1.561,2.223
2025-02-27,3.726,1.571,2.212
2025-02-28,3.655,1.511,2.128
2025-03-03,3.644,1.542,2.154
2025-03-04,3.638,1.515,2.149
2025-03-05,3.657,1.533,2.149
2025-03-06,3.709,1.534,2.191
2025-03-07,3.698,1.5,2.16
2025-03-10,3.683,1.496,2.159
2025-03-11,3.693,1.428,2.159
2025-03-12,3.684,1.432,2.149
2025-03-13,3.666,1.424,2.125
2025-03-14,3.762,1.438,2.186
2025-03-17,3.75,1.443,2.173
2025-03-18,3.76,1.455,2.185
2025-03-19,3.768,1.443,2.178
2025-03-20,3.733,1.475,2.158
2025-03-21,3.668,1.468,2.112
2025-03-24,3.69,1.498,2.112
2025-03-25,3.69,1.513,2.105
2025-03-26,3.674,1.508,2.098
2025-03-27,3.688,1.482,2.103
2025-03-28,3.67,1.475,2.089
2025-03-31,3.646,1.411,2.064
2025-04-01,3.643,1.436,2.062
2025-04-02,3.64,1.442,2.064
2025-04-03,3.62,1.413,2.027
2025-04-07,3.322,1.272,1.775
2025-04-08,3.401,1.319,1.804
2025-04-09,3.44,1.3,1.823
2025-04-10,3.495,1.429,1.863
2025-04-11,3.509,1.413,1.892
2025-04-14,3.517,1.432,1.895
2025-04-15,3.516,1.416,1.893
2025-04-16,3.527,1.389,1.87
2025-04-17,3.531,1.39,1.873
2025-04-18,3.535,1.381,1.878
2025-04-21,3.541,1.369,1.908
2025-04-22,3.544,1.371,1.899
2025-04-23,3.55,1.415,1.919
2025-04-24,3.549,1.398,1.907
2025-04-25,3.548,1.444,1.92
2025-04-28,3.543,1.448,1.906
2025-04-29,3.534,1.446,1.903
2025-04-30,3.531,1.446,1.921
2025-05-06,3.569,1.457,1.958
2025-05-07,3.592,1.462,1.967
2025-05-08,3.613,1.485,2.001
2025-05-09,3.609,1.486,1.984
2025-05-12,3.651,1.516,2.037
2025-05-13,3.657,1.522,2.03
2025-05-14,3.703,1.566,2.054
2025-05-15,3.671,1.559,2.012
2025-05-16,3.651,1.561,2.008
2025-05-19,3.645,1.547,2.002
2025-05-20,3.664,1.564,2.018
2025-05-21,3.682,1.549,2.034
2025-05-22,3.678,1.539,2.016
2025-05-23,3.65,1.534,1.994
2025-05-26,3.631,1.543,1.977
2025-05-27,3.609,1.55,1.967
2025-05-28,3.606,1.568,1.959
2025-05-29,3.627,1.589,1.989
2025-05-30,3.621,1.556,1.972
2025-06-03,3.62,1.562,1.977
2025-06-04,3.636,1.575,2.0
2025-06-05,3.646,1.571,2.023
2025-06-06,3.648,1.567,2.017
2025-06-09,3.656,1.571,2.034
2025-06-10,3.635,1.571,2.012
2025-06-11,3.664,1.577,2.038
2025-06-12,3.667,1.571,2.04
2025-06-13,3.644,1.554,2.02
2025-06-16,3.652,1.567,2.037
2025-06-17,3.65,1.573,2.028
2025-06-18,3.654,1.568,2.034
2025-06-19,3.624,1.559,2.005
2025-06-20,3.628,1.562,1.988
2025-06-23,3.643,1.559,1.998
2025-06-24,3.685,1.595,2.044
2025-06-25,3.748,1.595,2.109
2025-06-26,3.735,1.603,2.093
2025-06-27,3.711,1.619,2.101
2025-06-30,3.732,1.629,2.133
2025-07-01,3.737,1.622,2.126
2025-07-02,3.743,1.623,2.104
2025-07-03,3.764,1.626,2.141
2025-07-04,3.78,1.636,2.133
2025-07-07,3.762,1.635,2.11
2025-07-08,3.795,1.636,2.159
2025-07-09,3.793,1.63,2.163
2025-07-10,3.811,1.639,2.169
2025-07-11,3.827,1.633,2.185
2025-07-14,3.824,1.623,2.177
2025-07-15,3.825,1.648,2.212
2025-07-16,3.815,1.638,2.206
2025-07-17,3.847,1.65,2.247
2025-07-18,3.877,1.662,2.252
2025-07-21,3.904,1.662,2.275
2025-07-22,3.945,1.663,2.289
2025-07-23,3.942,1.66,2.287
2025-07-24,3.967,1.663,2.325
2025-07-25,3.947,1.666,2.318
2025-07-28,3.958,1.684,2.342
2025-07-29,3.978,1.683,2.383
2025-07-30,3.974,1.68,2.345
2025-07-31,3.901,1.704,2.301
2025-08-01,3.884,1.671,2.303
2025-08-04,3.896,1.648,2.313
2025-08-05,3.928,1.679,2.32
2025-08-06,3.937,1.67,2.336
2025-08-07,3.937,1.684,2.32
2025-08-08,3.927,1.691,2.312
2025-08-11,3.956,1.708,2.357
2025-08-12,3.972,1.703,2.385
2025-08-13,4.005,1.721,2.473
2025-08-14,4.002,1.717,2.446
2025-08-15,4.034,1.722,2.509
2025-08-18,4.065,1.71,2.582
2025-08-19,4.044,1.703,2.575
2025-08-20,4.101,1.684,2.588
2025-08-21,4.114,1.69,2.572
2025-08-22,4.213,1.676,2.662
2025-08-25,4.296,1.698,2.737
2025-08-26,4.274,1.69,2.716
2025-08-27,4.211,1.704,2.696
2025-08-28,4.287,1.693,2.806
2025-08-29,4.331,1.692,2.865
2025-09-01,4.348,1.673,2.927
2025-09-02,4.317,1.676,2.848
2025-09-03,4.277,1.676,2.87
2025-09-04,4.189,1.682,2.751
2025-09-05,4.287,1.701,2.944
2025-09-08,4.289,1.696,2.908
2025-09-09,4.261,1.701,2.845
2025-09-10,4.27,1.711,2.875
2025-09-11,4.387,1.708,3.025
2025-09-12,4.348,1.714,2.995
2025-09-15,4.356,1.727,3.037
2025-09-16,4.349,1.736,3.059
2025-09-17,4.379,1.729,3.119
2025-09-18,4.331,1.744,3.067
2025-09-19,4.336,1.751,3.062
2025-09-22,4.349,1.771,3.082
2025-09-23,4.349,1.8,3.093
2025-09-24,4.388,1.785,3.16
2025-09-25,4.418,1.779,3.211
2025-09-26,4.377,1.78,3.129
2025-09-29,4.452,1.8,3.213
2025-09-30,4.466,1.813,3.217
2025-10-09,4.535,1.851,3.235
2025-10-10,4.446,1.86,3.095
2025-10-13,4.419,1.829,3.054
2025-10-14,4.373,1.81,2.934
2025-10-15,4.434,1.825,3.003
2025-10-16,4.447,1.838,3.014
2025-10-17,4.36,1.807,2.915
2025-10-20,4.367,1.859,2.971
2025-10-21,4.439,1.873,3.062
2025-10-22,4.42,1.883,3.039
2025-10-23,4.438,1.883,3.038
2025-10-24,4.493,1.902,3.147
2025-10-27,4.547,1.956,3.209
2025-10-28,4.524,1.961,3.205
2025-10-29,4.584,2.0,3.3
2025-10-30,4.545,1.985,3.239
2025-10-31,4.482,1.982,3.166
2025-11-03,4.488,1.976,3.176
2025-11-04,4.455,1.94,3.112
2025-11-05,4.462,1.912,3.142
2025-11-06,4.528,1.949,3.201
2025-11-07,4.518,1.924,3.185
2025-11-10,4.53,1.951,3.158
2025-11-11,4.487,1.959,3.113
2025-11-12,4.49,1.974,3.108
2025-11-13,4.536,1.975,3.182
2025-11-14,4.464,1.923,3.093
2025-11-17,4.437,1.909,3.084
2025-11-18,4.41,1.844,3.051
2025-11-19,4.429,1.836,3.057
2025-11-20,4.405,1.907,3.026
2025-11-21,4.299,1.848,2.904
2025-11-24,4.294,1.856,2.908
2025-11-25,4.329,1.897,2.961
2025-11-26,4.36,1.927,3.027
2025-11-27,4.351,1.925,3.012
2025-11-28,4.366,1.943,3.035
2025-12-01,4.415,1.936,3.073
2025-12-02,4.395,1.94,3.052
2025-12-03,4.375,1.965,3.019
2025-12-04,4.387,1.965,3.051
2025-12-05,4.424,1.963,3.089
2025-12-08,4.459,1.952,3.171
2025-12-09,4.435,1.928,3.188
2025-12-10,4.428,1.944,3.192
2025-12-11,4.398,1.918,3.146
2025-12-12,4.421,1.921,3.174
2025-12-15,4.395,1.902,3.12
2025-12-16,4.349,1.873,3.06
2025-12-17,4.424,1.899,3.164
2025-12-18,4.395,1.878,3.092
2025-12-19,4.416,1.916,3.107
2025-12-22,4.458,1.945,3.175
2025-12-23,4.464,1.935,3.185
2025-12-24,4.484,1.933,3.212
2025-12-25,4.488,1.93,3.222
2025-12-26,4.507,1.929,3.226
2025-12-29,4.485,1.916,3.205
2025-12-30,4.496,1.914,3.229
2025-12-31,4.479,1.904,3.186
2026-01-05,4.565,1.93,3.281
2026-01-06,4.639,1.925,3.303
2026-01-07,4.62,1.919,3.311
2026-01-08,4.582,1.899,3.287
2026-01-09,4.605,1.903,3.314
2026-01-12,4.633,1.893,3.371
2026-01-13,4.61,1.915,3.306
2026-01-14,4.586,1.909,3.332
2026-01-15,4.596,1.901,3.352
2026-01-16,4.586,1.904,3.346
2026-01-19,4.581,1.887,3.318
2026-01-20,4.569,1.876,3.263
2026-01-21,4.572,1.875,3.281
2026-01-22,4.569,1.901,3.315
2026-01-23,4.548,1.891,3.337
2026-01-26,4.558,1.882,3.305
2026-01-27,4.554,1.894,3.327
2026-01-28,4.567,1.905,3.307
2026-01-29,4.611,1.891,3.292
2026-01-30,4.554,1.881,3.335
2026-02-02,4.455,1.833,3.252
2026-02-03,4.512,1.872,3.313
2026-02-04,4.553,1.853,3.297
2026-02-05,4.523,1.84,3.238
2026-02-06,4.496,1.813,3.229
2026-02-09,4.571,1.847,3.321
2026-02-10,4.579,1.844,3.311
2026-02-11,4.569,1.841,3.273
2026-02-12,4.572,1.836,3.319
2026-02-13,4.522,1.83,3.265
2026-02-24,4.562,1.823,3.295
2026-02-25,4.589,1.825,3.344
2026-02-26,4.581,1.832,3.336
2026-02-27,4.571,1.819,3.301
2026-03-02,4.584,1.802,3.282
2026-03-03,4.527,1.786,3.205
2026-03-04,4.46,1.762,3.154
2026-03-05,4.503,1.8,3.206
2026-03-06,4.518,1.801,3.225
2026-03-09,4.475,1.756,3.201
2026-03-10,4.53,1.788,3.296
2026-03-11,4.558,1.792,3.335
2026-03-12,4.543,1.784,3.308
2026-03-13,4.53,1.767,3.3
2026-03-16,4.526,1.774,3.349
2026-03-17,4.499,1.768,3.273
2026-03-18,4.512,1.789,3.338
2026-03-19,4.448,1.764,3.303
2026-03-20,4.432,1.749,3.341
2026-03-23,4.288,1.68,3.228
2026-03-24,4.332,1.717,3.237
2026-03-25,4.395,1.734,3.307
2026-03-26,4.343,1.716,3.263
2026-03-27,4.363,1.708,3.293
2026-03-30,4.357,1.683,3.264
2026-03-31,4.318,1.674,3.182
2026-04-01,4.386,1.752,3.232
2026-04-02,4.342,1.721,3.164
2026-04-03,4.309,1.731,3.141
2026-04-07,4.303,1.732,3.151
2026-04-08,4.455,1.833,3.345
2026-04-09,4.423,1.805,3.32
2026-04-10,4.49,1.809,3.437
2026-04-13,4.505,1.798,3.468
2026-04-14,4.56,1.825,3.55
2026-04-15,4.541,1.864,3.511
2026-04-16,4.591,1.907,3.624
2026-04-17,4.586,1.892,3.67
2026-04-20,4.612,1.89,3.672
2026-04-21,4.622,1.892,3.681
2026-04-22,4.658,1.896,3.758
2026-04-23,4.647,1.905,3.728
2026-04-24,4.627,1.907,3.674
2026-04-27,4.625,1.945,3.652
2026-04-28,4.616,1.963,3.602
2026-04-29,4.665,1.962,3.694
2026-04-30,4.67,1.959,3.689
2026-05-06,4.731,2.01,3.786
2026-05-07,4.755,2.05,3.845
