日期,159952,512890,518800,159941
2019-01-18,0.723,0.48773520439292256,2.959705764597432,0.37521979865771815
2019-01-21,0.733,0.4901787675411836,2.952277316998944,0.37876677852348994
2019-01-22,0.734,0.4906674801708359,2.9406040422013207,0.3792734899328859
2019-01-23,0.723,0.48920134228187917,2.953338523798728,0.3678724832214765
2019-01-24,0.722,0.4906674801708359,2.953338523798728,0.37243288590604023
2019-01-25,0.731,0.4916449054301404,2.950154903399376,0.3734463087248322
2019-01-28,0.734,0.49555460646735816,2.9681954189957036,0.3775
2019-01-29,0.726,0.493111043319097,2.9788074869935426,0.37040604026845636
2019-01-30,0.716,0.4950658938377059,2.987297141391814,0.3698993288590604
2019-01-31,0.71,0.4960433190970104,2.994725588990302,0.3927013422818792
2019-02-01,0.71,0.49799816961561927,2.9894195549913825,0.38206040268456376
2019-02-11,0.738,0.5014191580231849,3.0063988637879255,0.38484731543624157
2019-02-12,0.759,0.5072837095790117,2.997909209389654,0.3863674496644295
2019-02-13,0.768,0.5092385600976205,3.0032152433885737,0.3904211409395973
2019-02-14,0.782,0.514614399023795,2.998970416189438,0.3901677852348993
2019-02-15,0.782,0.5136369737644906,2.9968480025898696,0.3886476510067114
2019-02-18,0.788,0.5053288590604027,3.0286842065833883,0.3886476510067114
2019-02-19,0.82,0.5136369737644906,3.032929033782524,0.3919412751677852
2019-02-20,0.813,0.5146143990237949,3.0573367901775548,0.3927013422818792
2019-02-21,0.811,0.5151031116534472,3.0541531697782034,0.3911812080536913
2019-02-22,0.812,0.5107046979865771,3.018072138585549,0.3894077181208053
2019-02-25,0.869,0.5155918242830994,3.012766104586629,0.39244798657718116
2019-02-26,0.901,0.5366064673581453,3.0063988637879255,0.3934614093959731
2019-02-27,0.887,0.531719341061623,3.0063988637879255,0.38814093959731544
2019-02-28,0.876,0.5317193410616231,2.997909209389654,0.3901677852348993
2019-03-01,0.894,0.5307419158023186,2.9830523141926784,0.38966107382550336
2019-03-04,0.916,0.5375838926174498,2.949093696599592,0.3944748322147651
2019-03-05,0.936,0.544425869432581,2.9236247334047776,0.3929546979865772
2019-03-06,0.98,0.548824283099451,2.9215023198052097,0.3911812080536913
2019-03-07,0.985,0.5546888346552776,2.936359215002185,0.3904211409395973
2019-03-08,0.95,0.5507791336180599,2.9236247334047776,0.38586073825503353
2019-03-11,0.964,0.531719341061623,2.953338523798728,0.3830738255033557
2019-03-12,1.01,0.536117754728493,2.9575833509978637,0.3901677852348993
2019-03-13,1.025,0.5439371568029285,2.9607669713972156,0.4003020134228188
2019-03-14,0.965,0.5419823062843198,2.9724402461948394,0.39726174496644295
2019-03-15,0.962,0.536117754728493,2.9586445577976477,0.39726174496644295
2019-03-18,0.963,0.5449145820622332,2.95652214419808,0.40055536912751677
2019-03-19,0.985,0.5629969493593655,2.9628893849967834,0.40410234899328856
2019-03-20,0.983,0.5605533862111044,2.967134212195919,0.4046090604026846
2019-03-21,0.972,0.5527339841366687,2.9798686937933265,0.4043557046979866
2019-03-22,0.981,0.5634856619890177,2.9841135209924623,0.4104362416107383
2019-03-25,0.961,0.56397437461867,2.998970416189438,0.40536912751677856
2019-03-26,0.97,0.5615308114704088,3.0063988637879255,0.4028355704697987
2019-03-27,0.944,0.5546888346552776,3.0042764501883577,0.40486241610738255
2019-03-28,0.94,0.5595759609518,3.0010928297890054,0.40334228187919463
2019-03-29,0.943,0.5556662599145822,2.969256625795487,0.4079026845637584
2019-04-01,0.985,0.5864551555826724,2.935298008202401,0.40663590604026845
2019-04-02,1.02,0.5825454545454546,2.9384816286017528,0.41423657718120804
2019-04-03,1.009,0.5805906040268457,2.9427264558008885,0.41601006711409394
2019-04-04,1.024,0.5893874313605858,2.9427264558008885,0.414743288590604
2019-04-08,1.031,0.5976955460646737,2.9469712830000243,0.4162634228187919
2019-04-09,1.001,0.5947632702867603,2.9650117985963513,0.4172768456375839
2019-04-10,0.998,0.5952519829164125,2.9650117985963513,0.414996644295302
2019-04-11,0.998,0.6020939597315436,2.9798686937933265,0.4167701342281879
2019-04-12,0.977,0.5947632702867603,2.9586445577976477,0.4187969798657718
2019-04-15,0.993,0.5972068334350213,2.9406040422013207,0.4187969798657718
2019-04-16,0.96,0.5908535692495425,2.934236801402617,0.4205704697986577
2019-04-17,0.98,0.6011165344722392,2.918318699405858,0.41955704697986573
2019-04-18,0.991,0.5942745576571079,2.9098290450075863,0.41778355704697984
2019-04-19,0.987,0.5937858450274558,2.9055842178084506,0.41981040268456377
2019-04-22,0.995,0.5962294081757169,2.9098290450075863,0.42158389261744966
2019-04-23,0.978,0.5845003050640635,2.917257492606074,0.42158389261744966
2019-04-24,0.977,0.5766809029896278,2.901339390609315,0.4269043624161074
2019-04-25,0.994,0.5796131787675411,2.900278183809531,0.4296912751677852
2019-04-26,0.969,0.5634856619890177,2.9204411130054253,0.43019798657718117
2019-04-29,0.96,0.5571323978035387,2.9236247334047776,0.4372919463087248
2019-04-30,0.934,0.5585985356924955,2.918318699405858,0.44083892617449666
2019-05-06,0.903,0.5375838926174497,2.9448488694004564,0.4380520134228188
2019-05-07,0.87,0.542471018913972,2.9395428354015367,0.4281711409395973
2019-05-08,0.856,0.5370951799877974,2.9416652490011046,0.4248775167785235
2019-05-09,0.855,0.5375838926174497,2.9459100762002404,0.42361073825503354
2019-05-10,0.86,0.5346516168395364,2.953338523798728,0.42259731543624157
2019-05-13,0.873,0.5375838926174498,2.9660730053961353,0.4231040268456376
2019-05-14,0.861,0.5385613178767541,3.019133345385333,0.41347651006711406
2019-05-15,0.87,0.5331854789505797,3.0106436909870613,0.41347651006711406
2019-05-16,0.88,0.5400274557657108,2.9968480025898696,0.4193036912751678
2019-05-17,0.888,0.5473581452104943,2.994725588990302,0.42386409395973157
2019-05-20,0.853,0.5351403294691885,2.987297141391814,0.42259731543624157
2019-05-21,0.853,0.5307419158023186,2.9851747277922467,0.4165167785234899
2019-05-22,0.862,0.5370951799877974,2.981991107392895,0.4172768456375839
2019-05-23,0.858,0.5307419158023186,2.987297141391814,0.41829026845637585
2019-05-24,0.84,0.5243886516168396,3.0042764501883577,0.41068959731543625
2019-05-27,0.838,0.5312306284319708,3.017010931785765,0.4086627516778523
2019-05-28,0.865,0.5385613178767542,3.0074600705877095,0.4104362416107383
2019-05-29,0.862,0.5375838926174498,2.997909209389654,0.4056224832214765
2019-05-30,0.863,0.5366064673581453,3.0010928297890054,0.4035956375838926
2019-05-31,0.861,0.5375838926174498,3.0255005861840365,0.4035956375838926
2019-06-03,0.862,0.5395387431360587,3.0647652377760424,0.4000486577181208
2019-06-04,0.852,0.5395387431360588,3.096601441769561,0.3927013422818792
2019-06-05,0.853,0.5390500305064063,3.1029686825682647,0.3977684563758389
2019-06-06,0.84,0.5370951799877974,3.1125195437663202,0.40131543624161076
2019-06-10,0.826,0.5385613178767541,3.1178255777652404,0.4094228187919463
2019-06-11,0.831,0.5410048810250153,3.1061523029676166,0.4165167785234899
2019-06-12,0.859,0.546869432580842,3.094479028169993,0.41829026845637585
2019-06-13,0.853,0.5434484441732764,3.126315232163512,0.414489932885906
2019-06-14,0.857,0.5434484441732765,3.1422333341602706,0.4180369127516778
2019-06-17,0.841,0.538072605247102,3.2557824617371534,0.41854362416107377
2019-06-18,0.838,0.5395387431360588,3.1464781613594064,0.42183724832214764
2019-06-19,0.867,0.5454032946918854,3.1422333341602706,0.4322248322147651
2019-06-20,0.853,0.5449145820622331,3.213334189745795,0.4289312080536913
2019-06-21,0.91,0.5566436851738865,3.2515376345380176,0.43121140939597313
2019-06-24,0.889,0.5551775472849299,3.2738229773334804,0.4307046979865772
2019-06-25,0.878,0.553222696766321,3.305659181326999,0.42943791946308724
2019-06-26,0.865,0.5498017083587554,3.3045979745272147,0.42107718120805365
2019-06-27,0.876,0.548824283099451,3.2759453909330487,0.42513087248322146
2019-06-28,0.885,0.5517565588773643,3.288679872530456,0.4261442953020134
2019-07-01,0.899,0.5498017083587554,3.2101505693464434,0.42994463087248325
2019-07-02,0.912,0.5605533862111043,3.208028155746876,0.4380520134228188
2019-07-03,0.908,0.5585985356924955,3.3300669377220298,0.433998322147651
2019-07-04,0.896,0.565929225137279,3.306720388126783,0.43627852348993285
2019-07-05,0.89,0.5629969493593654,3.2854962521311037,0.4365318791946309
2019-07-08,0.897,0.5649517998779744,3.266394529734993,0.4380520134228188
2019-07-09,0.876,0.5542001220256254,3.243047980139746,0.433998322147651
2019-07-10,0.885,0.553222696766321,3.24410918693953,0.433238255033557
2019-07-11,0.883,0.5542001220256254,3.3024755609276473,0.43703859060402683
2019-07-12,0.88,0.5507791336180599,3.288679872530456,0.4395721476510067
2019-07-15,0.879,0.551267846247712,3.277006597732832,0.4385587248322148
2019-07-16,0.897,0.5551775472849299,3.2844350453313202,0.44463926174496643
2019-07-17,0.898,0.5542001220256253,3.2748841841332643,0.44185234899328857
2019-07-18,0.897,0.5542001220256253,3.307781594926567,0.4385587248322148
2019-07-19,0.891,0.5576211104331911,3.345985039718789,0.4423590604026846
2019-07-22,0.899,0.5571323978035387,3.321577283323758,0.43931879194630874
2019-07-23,0.883,0.5556662599145821,3.300353147328079,0.4400788590604027
2019-07-24,0.891,0.5581098230628433,3.3014143541278633,0.4441325503355704
2019-07-25,0.9,0.5581098230628432,3.307781594926567,0.4514798657718121
2019-07-26,0.907,0.5600646735814521,3.305659181326999,0.4438791946308725
2019-07-29,0.905,0.5610420988407565,3.306720388126783,0.4514798657718121
2019-07-30,0.909,0.5629969493593654,3.309904008526135,0.44565268456375834
2019-07-31,0.914,0.5625082367297133,3.318393662924406,0.44438590604026845
2019-08-01,0.907,0.5610420988407565,3.2982307337285115,0.44083892617449666
2019-08-02,0.897,0.5537114093959732,3.345985039718789,0.4400788590604027
2019-08-05,0.9,0.5478468578401464,3.4128410681051777,0.43425167785234897
2019-08-06,0.877,0.5390500305064063,3.6611634592546216,0.42335738255033556
2019-08-07,0.881,0.5380726052471019,3.5136557140846527,0.42943791946308724
2019-08-08,0.875,0.5346516168395364,3.5762669152719058,0.43019798657718117
2019-08-09,0.888,0.5385613178767541,3.575205708472122,0.4421057046979866
2019-08-12,0.877,0.5326967663209274,3.583695362870393,0.44033221476510065
2019-08-13,0.886,0.536117754728493,3.6229600144623997,0.4438791946308725
2019-08-14,0.896,0.5390500305064063,3.547614331677739,0.4385587248322148
2019-08-15,0.874,0.534162904209884,3.6134091532643438,0.43526510067114094
2019-08-16,0.904,0.5366064673581453,3.614470360064128,0.43703859060402683
2019-08-19,0.92,0.5380726052471019,3.5773281220716897,0.4385587248322148
2019-08-20,0.942,0.5458920073215375,3.568838467673418,0.44185234899328857
2019-08-21,0.933,0.5463807199511899,3.5773281220716897,0.44109228187919464
2019-08-22,0.935,0.5449145820622331,3.568838467673418,0.44463926174496643
2019-08-23,0.936,0.5458920073215375,3.5783893288714737,0.4448926174496644
2019-08-26,0.918,0.5449145820622331,3.714223799243819,0.4307046979865772
2019-08-27,0.932,0.5458920073215375,3.68769362924922,0.43703859060402683
2019-08-28,0.944,0.5507791336180599,3.7269582808412265,0.4365318791946309
2019-08-29,0.944,0.5546888346552777,3.7152850060436027,0.44261241610738256
2019-08-30,0.944,0.5473581452104943,3.714223799243819,0.44261241610738256
2019-09-02,0.934,0.544425869432581,3.691938456448356,0.44565268456375834
2019-09-03,0.959,0.5478468578401464,3.6908772496485724,0.44159899328859065
2019-09-04,0.96,0.546869432580842,3.7439375896377696,0.43881208053691273
2019-09-05,0.976,0.5522452715070164,3.729080694440794,0.45046644295302013
2019-09-06,0.986,0.5566436851738866,3.6516125980565657,0.45604026845637585
2019-09-09,0.987,0.5629969493593655,3.6102255328649924,0.4603473154362416
2019-09-10,1.004,0.5605533862111044,3.5964298444678007,0.453
2019-09-11,1.005,0.5581098230628432,3.574144501672338,0.44945302013422817
2019-09-12,0.992,0.5595759609518,3.575205708472122,0.45553355704697984
2019-09-16,0.992,0.5625082367297133,3.5953686376680167,0.45046644295302013
2019-09-17,0.992,0.5615308114704087,3.583695362870393,0.4491996644295302
2019-09-18,0.974,0.5566436851738865,3.5762669152719058,0.4489463087248322
2019-09-19,0.976,0.5576211104331911,3.5815729492708255,0.4514798657718121
2019-09-20,0.989,0.5590872483221476,3.5847565696701773,0.4509731543624161
2019-09-23,0.983,0.5566436851738866,3.609164326065208,0.4507197986577181
2019-09-24,0.976,0.5542001220256253,3.6410005300587267,0.44945302013422817
2019-09-25,0.976,0.5546888346552776,3.6611634592546216,0.44438590604026845
2019-09-26,0.972,0.5507791336180599,3.6176539804634795,0.44615939597315435
2019-09-27,0.941,0.5473581452104943,3.6134091532643438,0.4448926174496644
2019-09-30,0.956,0.5551775472849299,3.5826341560706094,0.44438590604026845
2019-10-08,0.946,0.5473581452104943,3.5794505356712576,0.44185234899328857
2019-10-09,0.933,0.548824283099451,3.61234794646456,0.43703859060402683
2019-10-10,0.944,0.5556662599145822,3.6272048416615355,0.4385587248322148
2019-10-11,0.968,0.5590872483221477,3.583695362870393,0.44109228187919464
2019-10-14,0.976,0.5634856619890177,3.549736745277307,0.44717281879194626
2019-10-15,0.973,0.5693502135448445,3.5359410568801155,0.44767953020134227
2019-10-16,0.965,0.5664179377669311,3.529573816081412,0.4542667785234899
2019-10-17,0.961,0.5654405125076266,3.5370022636799,0.45198657718120805
2019-10-18,0.965,0.5659292251372788,3.548675538477523,0.452493288590604
2019-10-21,0.958,0.5561549725442343,3.5454919180781714,0.4514798657718121
2019-10-22,0.956,0.5576211104331911,3.529573816081412,0.4514798657718121
2019-10-23,0.969,0.5605533862111044,3.5370022636799,0.44843959731543626
2019-10-24,0.958,0.5576211104331911,3.544430711278387,0.4502130872483221
2019-10-25,0.96,0.5585985356924954,3.5645936404742824,0.45046644295302013
2019-10-28,0.985,0.5629969493593655,3.575205708472122,0.45376006711409395
2019-10-29,0.991,0.5615308114704088,3.547614331677739,0.45857382550335574
2019-10-30,0.979,0.5585985356924955,3.5348798500803316,0.4590805369127517
2019-10-31,0.979,0.5576211104331911,3.538063470479684,0.45958724832214765
2019-11-01,0.972,0.5522452715070165,3.568838467673418,0.45857382550335574
2019-11-04,0.98,0.5625082367297133,3.5677772608736342,0.47833557046979863
2019-11-05,0.988,0.561530811470409,3.5592876064753627,0.4656677852348993
2019-11-06,0.996,0.5654405125076266,3.497737612087893,0.4644010067114094
2019-11-07,0.987,0.5639743746186698,3.4998600256874615,0.46288087248322146
2019-11-08,1.001,0.5654405125076266,3.4351264109006405,0.46212080536912753
2019-11-11,0.987,0.5600646735814522,3.427697963302153,0.4644010067114094
2019-11-12,0.971,0.5542001220256254,3.423453136103017,0.4616140939597316
2019-11-13,0.971,0.551267846247712,3.423453136103017,0.4641476510067114
2019-11-14,0.974,0.551267846247712,3.4393712380997763,0.46769463087248325
2019-11-15,0.98,0.5483355704697989,3.44573847889848,0.46769463087248325
2019-11-18,0.967,0.5458920073215375,3.441493651699344,0.4694681208053691
2019-11-19,0.976,0.5556662599145821,3.459534167295671,0.4735218120805369
2019-11-20,1.003,0.5600646735814522,3.4648402012945914,0.4742818791946309
2019-11-21,0.994,0.5556662599145821,3.4754522692924303,0.47276174496644296
2019-11-22,0.995,0.557621110433191,3.4552893400965354,0.4694681208053691
2019-11-25,0.976,0.5595759609517998,3.4467996856982643,0.472255033557047
2019-11-26,0.968,0.5644630872483222,3.425575549702585,0.4775755033557047
2019-11-27,0.97,0.5629969493593655,3.438310031299993,0.47858892617449666
2019-11-28,0.971,0.5629969493593655,3.434065204100857,0.48390939597315435
2019-11-29,0.968,0.5600646735814521,3.4319427905012887,0.4927768456375839
2019-12-02,0.965,0.5605533862111043,3.4393712380997763,0.49505704697986574
2019-12-03,0.961,0.5595759609518,3.4467996856982643,0.5006308724832215
2019-12-04,0.965,0.5615308114704088,3.4956151984883257,0.4732684563758389
2019-12-05,0.973,0.5629969493593655,3.4945539916885417,0.47580201342281875
2019-12-06,0.99,0.5629969493593655,3.492431578088974,0.4752953020134228
2019-12-09,1.001,0.5654405125076267,3.459534167295671,0.4778288590604026
2019-12-10,0.994,0.5659292251372788,3.4467996856982643,0.47580201342281875
2019-12-11,1.002,0.5673953630262356,3.4542281332967515,0.47554865771812077
2019-12-12,0.994,0.5678840756558877,3.473329855692863,0.4763087248322147
2019-12-13,1.005,0.56837278828554,3.4765134760922143,0.4801090604026846
2019-12-16,1.02,0.5713050640634534,3.448922099297832,0.48137583892617447
2019-12-17,1.032,0.5717937766931056,3.4680238216939427,0.4864429530201342
2019-12-18,1.041,0.5752147651006712,3.463778994494807,0.4884697986577181
2019-12-19,1.041,0.5801018913971936,3.465901408094375,0.48466946308724834
2019-12-20,1.036,0.581079316656498,3.4648402012945914,0.4866963087248322
2019-12-23,1.028,0.5796131787675411,3.473329855692863,0.48948322147651
2019-12-24,1.007,0.5747260524710189,3.497737612087893,0.49252348993288586
2019-12-25,1.026,0.5742373398413667,3.523206575282708,0.49379026845637586
2019-12-26,1.033,0.5757034777303233,3.525328988882276,0.49075
2019-12-27,1.04,0.5805906040268457,3.5348798500803316,0.4960704697986577
2019-12-30,1.02,0.5820567419158024,3.547614331677739,0.49784395973154366
2019-12-31,1.034,0.5893874313605858,3.5529203656766586,0.49505704697986574
2020-01-02,1.051,0.5888987187309336,3.5518591588768746,0.5013909395973154
2020-01-03,1.062,0.5996503965832826,3.565654847274066,0.5029110738255034
2020-01-06,1.058,0.5996503965832826,3.676020354451597,0.4993640939597316
2020-01-07,1.079,0.5976955460646738,3.65267380485635,0.5006308724832215
2020-01-08,1.093,0.5976955460646737,3.7301419012405783,0.49657718120805366
2020-01-09,1.091,0.5996503965832826,3.6399393232589428,0.5016442953020134
2020-01-10,1.111,0.5991616839536303,3.591123810468881,0.5054446308724833
2020-01-13,1.101,0.5928084197681514,3.60704191246564,0.509498322147651
2020-01-14,1.126,0.5981842586943258,3.565654847274066,0.5122852348993288
2020-01-15,1.112,0.5976955460646737,3.570960881272986,0.509498322147651
2020-01-16,1.113,0.5937858450274559,3.590062603669097,0.5087382550335571
2020-01-17,1.117,0.5913422818791947,3.583695362870393,0.5120318791946309
2020-01-20,1.117,0.5888987187309336,3.5847565696701773,0.5188724832214765
2020-01-21,1.149,0.5898761439902379,3.5985522580673686,0.5176057046979866
2020-01-22,1.132,0.5781470408785846,3.611286739664776,0.510511744966443
2020-01-23,1.142,0.5747260524710189,3.604919498866072,0.5117785234899329
2020-02-03,1.002,0.5517565588773643,3.69299966324814,0.48897651006711407
2020-02-04,1.03,0.5165692495424039,3.699366904046844,0.5056979865771812
2020-02-05,1.096,0.5292757779133618,3.650551391256782,0.5254597315436241
2020-02-06,1.122,0.5341629042098841,3.6463065640576464,0.530020134228188
2020-02-07,1.149,0.5473581452104943,3.6558574252557015,0.5373674496644295
2020-02-10,1.158,0.5375838926174498,3.671775527252461,0.5472483221476511
2020-02-11,1.176,0.544425869432581,3.6643470796539734,0.567010067114094
2020-02-12,1.167,0.5483355704697986,3.650551391256782,0.5761308724832215
2020-02-13,1.21,0.5512678462477121,3.6516125980565657,0.5953859060402684
2020-02-14,1.187,0.5498017083587553,3.6792039748509486,0.6060268456375839
2020-02-17,1.2,0.5522452715070165,3.689816042848788,0.5748640939597316
2020-02-18,1.256,0.5600646735814521,3.6983056972470596,0.5751174496644296
2020-02-19,1.251,0.5600646735814522,3.7471212100371214,0.5621963087248322
2020-02-20,1.231,0.5595759609517998,3.755610864435393,0.5654899328859061
2020-02-21,1.26,0.5610420988407565,3.802303963625887,0.56498322147651
2020-02-24,1.283,0.5659292251372788,3.8999349892060096,0.5383808724832214
2020-02-25,1.283,0.5473581452104943,3.917975504802337,0.5186191275167785
2020-02-26,1.296,0.5483355704697987,3.856425510414868,0.5198859060402684
2020-02-27,1.256,0.5595759609518,3.8617315444137876,0.528246644295302
2020-02-28,1.22,0.5571323978035387,3.855364303615084,0.5064580536912752
2020-03-02,1.211,0.5522452715070164,3.7333255216399297,0.5064580536912752
2020-03-03,1.257,0.5717937766931056,3.7227134536420907,0.5431946308724832
2020-03-04,1.245,0.5713050640634533,3.802303963625887,0.5056979865771812
2020-03-05,1.276,0.5742373398413667,3.7959367228271828,0.5168456375838926
2020-03-06,1.256,0.5766809029896278,3.862792751213572,0.49885738255033557
2020-03-09,1.244,0.5664179377669312,3.919036711602121,0.47858892617449666
2020-03-10,1.205,0.5581098230628432,3.8362625812189735,0.4557869127516778
2020-03-11,1.24,0.5620195241000611,3.809732411224374,0.4775755033557047
2020-03-12,1.2,0.5590872483221476,3.820344479222214,0.4557869127516778
2020-03-13,1.113,0.5463807199511899,3.7131625924440352,0.4231040268456376
2020-03-16,1.17,0.542471018913972,3.6855712156496523,0.44463926174496643
2020-03-17,1.113,0.534162904209884,3.49137037128919,0.433238255033557
2020-03-18,1.117,0.529764490543014,3.5338186432805476,0.433998322147651
2020-03-19,1.093,0.5180353874313607,3.452105719697184,0.42513087248322146
2020-03-20,1.106,0.5151031116534472,3.4828807168909184,0.43019798657718117
2020-03-23,1.078,0.5151031116534472,3.501982439287029,0.4231040268456376
2020-03-24,1.078,0.5082611348383161,3.7269582808412265,0.44438590604026845
2020-03-25,1.11,0.5209676632092739,3.7800186208304236,0.46921476510067117
2020-03-26,1.107,0.5238999389871873,3.7609168984343126,0.471494966442953
2020-03-27,1.135,0.5282983526540573,3.7895694820284795,0.47580201342281875
2020-03-30,1.085,0.5224338010982307,3.7948755160273993,0.44767953020134227
2020-03-31,1.084,0.5292757779133618,3.7672841392330163,0.45857382550335574
2020-04-01,1.079,0.5243886516168396,3.699366904046844,0.4466661073825503
2020-04-02,1.072,0.5199902379499696,3.711040178844467,0.44109228187919464
2020-04-03,1.102,0.5253660768761439,3.7651617256334484,0.45173322147651
2020-04-07,1.129,0.5312306284319707,3.873404819211411,0.46870805369127516
2020-04-08,1.13,0.5326967663209276,3.835201374419189,0.46364093959731545
2020-04-09,1.14,0.5322080536912751,3.8277729268207015,0.47124161073825505
2020-04-10,1.15,0.5326967663209276,3.884016887209251,0.471748322147651
2020-04-13,1.119,0.5282983526540574,3.8617315444137876,0.4616140939597316
2020-04-14,1.118,0.5326967663209276,3.8818944736096825,0.46617449664429533
2020-04-15,1.148,0.5331854789505797,3.9116082640036334,0.4752953020134228
2020-04-16,1.138,0.5292757779133618,3.890384128007954,0.48238926174496644
2020-04-17,1.169,0.5322080536912751,3.885078094009035,0.5016442953020134
2020-04-20,1.152,0.5331854789505797,3.820344479222214,0.45528020134228186
2020-04-21,1.174,0.5331854789505797,3.867037578412708,0.4983506711409396
2020-04-22,1.159,0.5282983526540573,3.8765884396107633,0.47833557046979863
2020-04-23,1.183,0.5322080536912752,3.8999349892060096,0.49581711409395973
2020-04-24,1.17,0.5297644905430142,3.9328323999993122,0.49379026845637586
2020-04-27,1.158,0.5302532031726663,3.9508729155956392,0.4993640939597316
2020-04-28,1.17,0.5346516168395364,3.9116082640036334,0.5112718120805368
2020-04-29,1.17,0.5356290420988409,3.916914298002553,0.5148187919463088
2020-04-30,1.175,0.5410048810250153,3.915853091202769,0.546234899328859
2020-05-06,1.185,0.5463807199511899,3.937077227198448,0.5426879194630873
2020-05-07,1.221,0.5429597315436242,3.9232815388012567,0.546741610738255
2020-05-08,1.218,0.5458920073215375,3.9689134311919667,0.5472483221476511
2020-05-11,1.228,0.5498017083587554,3.9572401563943433,0.546741610738255
2020-05-12,1.213,0.5463807199511898,3.943444467997152,0.5348338926174497
2020-05-13,1.221,0.5463807199511899,3.9455668815967195,0.5241929530201342
2020-05-14,1.227,0.546869432580842,3.961484983593479,0.5140587248322147
2020-05-15,1.225,0.5454032946918854,4.014545323582676,0.5163389261744966
2020-05-18,1.22,0.5414935936546675,4.0994418675653925,0.5208993288590604
2020-05-19,1.23,0.5385613178767542,4.083523765568633,0.5287533557046981
2020-05-20,1.237,0.5454032946918854,4.110053935563232,0.527739932885906
2020-05-21,1.227,0.544425869432581,4.10156428116496,0.5323003355704697
2020-05-22,1.212,0.5395387431360587,4.053809975174683,0.5295134228187919
2020-05-25,1.18,0.5312306284319708,4.060177215973386,0.528246644295302
2020-05-26,1.191,0.536117754728493,4.069728077171441,0.5414211409395973
2020-05-27,1.223,0.5380726052471019,4.0463815275761945,0.5383808724832214
2020-05-28,1.198,0.5419823062843198,4.045320320776411,0.5371140939597315
2020-05-29,1.179,0.5351403294691885,4.053809975174683,0.5328070469798658
2020-06-01,1.214,0.5429597315436241,4.085646179168201,0.5363540268456376
2020-06-02,1.252,0.5522452715070165,4.0920134199669045,0.5388875838926174
2020-06-03,1.241,0.5522452715070164,4.052748768374898,0.5419278523489932
2020-06-04,1.241,0.5502904209884075,4.013484116782893,0.5444614093959731
2020-06-05,1.244,0.5517565588773643,4.043197907176843,0.5381275167785236
2020-06-08,1.257,0.5502904209884076,3.966791017592399,0.5497818791946308
2020-06-09,1.245,0.5542001220256253,3.990137567187645,0.5518087248322148
2020-06-10,1.259,0.5556662599145821,4.0177289439820285,0.5556090604026845
2020-06-11,1.275,0.5546888346552776,4.042136700377059,0.5642231543624161
2020-06-12,1.254,0.5449145820622331,4.050626354775331,0.5328070469798658
2020-06-15,1.285,0.551267846247712,4.052748768374898,0.5350872483221477
2020-06-16,1.305,0.5483355704697986,4.037891873177923,0.546234899328859
2020-06-17,1.312,0.5517565588773643,4.037891873177923,0.5545956375838926
2020-06-18,1.313,0.5527339841366687,4.041075493577275,0.5561157718120805
2020-06-19,1.312,0.5576211104331911,4.037891873177923,0.5589026845637584
2020-06-22,1.354,0.5590872483221476,4.085646179168201,0.5578892617449664
2020-06-23,1.355,0.5546888346552777,4.115359969562151,0.5596627516778524
2020-06-24,1.384,0.5532226967663209,4.1111151423630155,0.5672634228187919
2020-06-29,1.379,0.5561549725442343,4.117482383161719,0.5523154362416107
2020-06-30,1.383,0.5561549725442343,4.110053935563232,0.5548489932885906
2020-07-01,1.424,0.5600646735814521,4.129155657959343,0.5621963087248322
2020-07-02,1.4,0.5737486272117145,4.114298762762367,0.56751677852349
2020-07-03,1.406,0.589876143990238,4.110053935563232,0.5741040268456375
2020-07-06,1.434,0.5986729713239781,4.113237555962583,0.5756241610738254
2020-07-07,1.492,0.6382586943258085,4.110053935563232,0.5824647651006711
2020-07-08,1.5,0.6460780964002442,4.1280944511595585,0.5786644295302013
2020-07-09,1.54,0.6372812690665041,4.150379793955022,0.585251677852349
2020-07-10,1.601,0.6436345332519829,4.144012553156318,0.583731543624161
2020-07-13,1.609,0.628484441732764,4.138706519157398,0.5941191275167785
2020-07-14,1.688,0.6451006711409397,4.140828932756967,0.584998322147651
2020-07-15,1.657,0.6446119585112873,4.149318587155238,0.5905721476510067
2020-07-16,1.624,0.6358151311775473,4.1450737599561025,0.5877852348993288
2020-07-17,1.532,0.6260408785845027,4.116421176361936,0.5814513422818791
2020-07-20,1.57,0.6231086028065894,4.1121763491628,0.584491610738255
2020-07-21,1.57,0.6490103721781574,4.138706519157398,0.5979194630872483
2020-07-22,1.574,0.6475442342892007,4.350947879114187,0.6001996644295302
2020-07-23,1.58,0.6475442342892007,4.2575616807332,0.5989328859060402
2020-07-24,1.6,0.6397248322147652,4.288336677926935,0.585758389261745
2020-07-27,1.53,0.6255521659548505,4.378539255908571,0.5781577181208054
2020-07-28,1.535,0.6216424649176329,4.514373726280915,0.5908255033557046
2020-07-29,1.536,0.6191989017693715,4.437966836696472,0.5819580536912752
2020-07-30,1.61,0.6309280048810251,4.432660802697551,0.5900654362416108
2020-07-31,1.59,0.6363038438071996,4.397640978304682,0.5953859060402684
2020-08-03,1.629,0.6407022574740696,4.435844423096904,0.6001996644295302
2020-08-04,1.662,0.6578071995118976,4.42417114829928,0.6050134228187919
2020-08-05,1.646,0.6543862111043319,4.516496139880484,0.6075469798657719
2020-08-06,1.653,0.654386211104332,4.571678893469249,0.6078003355704698
2020-08-07,1.624,0.6534087858450275,4.616249579060175,0.6103338926174496
2020-08-10,1.578,0.6558523489932887,4.522863380679187,0.6067869127516778
2020-08-11,1.581,0.6641604636973765,4.55045475747357,0.6085604026845638
2020-08-12,1.555,0.6592733374008543,4.212990995142275,0.5991862416107383
2020-08-13,1.531,0.6568297742525931,4.260745301132552,0.6085604026845638
2020-08-14,1.514,0.658784624771202,4.350947879114187,0.6131208053691275
2020-08-17,1.553,0.6685588773642466,4.29788753912499,0.6133741610738255
2020-08-18,1.562,0.6827315436241611,4.425232355099064,0.6174278523489932
2020-08-19,1.562,0.6837089688834656,4.442211663895607,0.6199614093959731
2020-08-20,1.506,0.6768669920683344,4.292581505126071,0.6189479865771812
2020-08-21,1.51,0.6719798657718121,4.292581505126071,0.6247751677852349
2020-08-24,1.545,0.6729572910311166,4.277724609929095,0.6354161073825503
2020-08-25,1.556,0.6783331299572911,4.267112541931256,0.6536577181208054
2020-08-26,1.566,0.6719798657718121,4.280908230328447,0.6724060402684563
2020-08-27,1.536,0.6636717510677244,4.302132366324127,0.6686057046979865
2020-08-28,1.556,0.6617169005491155,4.298948745924775,0.6764597315436242
2020-08-31,1.608,0.6754008541793778,4.352009085913972,0.6898875838926174
2020-09-01,1.578,0.6626943258084199,4.353070292713756,0.7048355704697986
2020-09-02,1.599,0.6656266015863332,4.359437533512459,0.7291577181208054
2020-09-03,1.6,0.6592733374008543,4.302132366324127,0.7755218120805368
2020-09-04,1.565,0.6582959121415498,4.269234955530823,0.7321979865771813
2020-09-07,1.58,0.6548749237339843,4.2819694371282315,0.7020486577181207
2020-09-08,1.533,0.6475442342892007,4.267112541931256,0.6688590604026846
2020-09-09,1.519,0.6504765100671142,4.2745409895297435,0.659991610738255
2020-09-10,1.478,0.6441232458816353,4.306377193523262,0.7038221476510067
2020-09-11,1.439,0.6363038438071996,4.309560813922614,0.6680989932885906
2020-09-14,1.481,0.6402135448444174,4.296826332325207,0.6663255033557046
2020-09-15,1.494,0.6382586943258085,4.304254779923694,0.6840604026845638
2020-09-16,1.504,0.6397248322147652,4.29788753912499,0.6992617449664429
2020-09-17,1.48,0.6426571079926785,4.292581505126071,0.6741795302013422
2020-09-18,1.48,0.6475442342892008,4.271357369130392,0.6534043624161074
2020-09-21,1.513,0.6582959121415498,4.302132366324127,0.6630318791946309
2020-09-22,1.481,0.6485216595485052,4.208746167943139,0.6511241610738254
2020-09-23,1.488,0.6441232458816353,4.188583238747244,0.6511241610738254
2020-09-24,1.497,0.6407022574740696,4.1121763491628,0.6202147651006711
2020-09-25,1.477,0.6343489932885906,4.1121763491628,0.6235083892617449
2020-09-28,1.486,0.6338602806589383,4.131278071558911,0.6194546979865772
2020-09-29,1.47,0.6314167175106773,4.1546246211541575,0.6498573825503355
2020-09-30,1.494,0.6333715680292862,4.18221599794854,0.6561912751677852
2020-10-09,1.522,0.6367925564368517,4.170542723150917,0.6759530201342282
2020-10-12,1.565,0.6397248322147652,4.220419442740762,0.6906476510067114
2020-10-13,1.614,0.6411909701037218,4.223603063140114,0.6967281879194631
2020-10-14,1.617,0.6514539353264185,4.159930655153077,0.6911543624161074
2020-10-15,1.606,0.6490103721781575,4.149318587155238,0.6767130872483221
2020-10-16,1.591,0.6485216595485052,4.1737263435502685,0.6668322147651007
2020-10-19,1.591,0.6553636363636364,4.1546246211541575,0.6706325503355705
2020-10-20,1.56,0.6470555216595486,4.159930655153077,0.662525167785235
2020-10-21,1.592,0.6490103721781575,4.1737263435502685,0.6660721476510068
2020-10-22,1.56,0.6465668090298963,4.1737263435502685,0.6531510067114094
2020-10-23,1.551,0.6480329469188532,4.151441000754805,0.641496644295302
2020-10-26,1.503,0.6431458206223307,4.155685827953941,0.6333892617449665
2020-10-27,1.512,0.6411909701037218,4.162053068752646,0.6186946308724832
2020-10-28,1.538,0.6353264185478951,4.1737263435502685,0.6333892617449665
2020-10-29,1.527,0.6387474069554607,4.1280944511595585,0.6121073825503356
2020-10-30,1.568,0.6451006711409397,4.104747901564312,0.6207214765100671
2020-11-02,1.544,0.6363038438071996,4.1111151423630155,0.6072936241610738
2020-11-03,1.577,0.6441232458816353,4.144012553156318,0.6123607382550335
2020-11-04,1.593,0.6480329469188529,4.172665136750484,0.6273087248322148
2020-11-05,1.612,0.6553636363636364,4.15250220755459,0.6688590604026846
2020-11-06,1.621,0.6607394752898109,4.204501340744003,0.6498573825503355
2020-11-09,1.597,0.6675814521049421,4.2193582359409785,0.6564446308724833
2020-11-10,1.636,0.6749121415497255,4.149318587155238,0.6430167785234898
2020-11-11,1.607,0.6734460036607688,4.075034111170361,0.623761744966443
2020-11-12,1.568,0.6744234289200731,4.0633608363727385,0.6278154362416107
2020-11-13,1.565,0.6788218425869433,4.081401351969065,0.6179345637583893
2020-11-16,1.583,0.6763782794386822,4.107931521963664,0.6278154362416107
2020-11-17,1.574,0.6905509456985969,4.086707385967985,0.6295889261744966
2020-11-18,1.545,0.6905509456985968,4.075034111170361,0.622241610738255
2020-11-19,1.522,0.6939719341061622,4.051687561575115,0.6154010067114093
2020-11-20,1.535,0.6871299572910311,4.0368306663781395,0.6194546979865772
2020-11-23,1.556,0.6939719341061622,4.045320320776411,0.621988255033557
2020-11-24,1.56,0.7037461866992069,3.964668603992831,0.6202147651006711
2020-11-25,1.555,0.6988590604026845,3.922220332001473,0.6280687919463087
2020-11-26,1.524,0.6895735204392923,3.9073634368044976,0.6311090604026846
2020-11-27,1.521,0.6925057962172056,3.9137306776032013,0.6293355704697986
2020-11-30,1.526,0.6998364856619891,3.8479358560165964,0.6346560402684563
2020-12-01,1.527,0.6998364856619891,3.820344479222214,0.6369362416107381
2020-12-02,1.567,0.6959267846247711,3.8935677484073064,0.640736577181208
2020-12-03,1.56,0.6973929225137279,3.917975504802337,0.640989932885906
2020-12-04,1.571,0.6885960951799879,3.9455668815967195,0.6437768456375839
2020-12-07,1.585,0.6885960951799879,3.933893606799096,0.642510067114094
2020-12-08,1.586,0.6788218425869433,3.979525499189806,0.642763422818792
2020-12-09,1.593,0.678333129957291,3.9911987739874295,0.6473238255033558
2020-12-10,1.562,0.6700250152532032,3.933893606799096,0.6351627516778524
2020-12-11,1.58,0.6680701647345944,3.9317711931995283,0.6356694630872483
2020-12-14,1.565,0.6646491763270288,3.9296487795999604,0.6361761744966443
2020-12-15,1.583,0.6626943258084199,3.926465159200609,0.6384563758389261
2020-12-16,1.605,0.6602507626601587,3.9816479127893736,0.6452969798657718
2020-12-17,1.601,0.6582959121415498,3.990137567187645,0.6503640939597316
2020-12-18,1.623,0.6607394752898109,4.013484116782893,0.6508708053691274
2020-12-21,1.618,0.6661153142159854,4.064422043172522,0.6518842281879195
2020-12-22,1.669,0.6582959121415498,4.053809975174683,0.6511241610738254
2020-12-23,1.637,0.6504765100671142,4.025157391580516,0.6485906040268457
2020-12-24,1.646,0.649987797437462,4.031524632379219,0.6458036912751678
2020-12-25,1.636,0.6451006711409397,4.029402218779651,0.6483372483221477
2020-12-28,1.656,0.6509652226967664,4.064422043172522,0.6488439597315436
2020-12-29,1.65,0.6470555216595486,4.044259113976627,0.6544177852348994
2020-12-30,1.636,0.6421683953630263,4.034708252778572,0.6551778523489933
2020-12-31,1.694,0.6470555216595486,4.05593238877425,0.6584714765100671
2021-01-04,1.726,0.6504765100671142,4.087768592767769,0.6572046979865771
2021-01-05,1.782,0.6441232458816353,4.119604796761287,0.6452969798657718
2021-01-06,1.798,0.6441232458816353,4.1280944511595585,0.6455503355704698
2021-01-07,1.81,0.6514539353264185,4.079278938369497,0.640736577181208
2021-01-08,1.838,0.6519426479560708,4.085646179168201,0.6536577181208054
2021-01-11,1.829,0.6529200732153753,3.947689295196288,0.6597382550335571
2021-01-12,1.785,0.6475442342892007,3.9689134311919667,0.6546711409395973
2021-01-13,1.844,0.648032946918853,4.001810841985269,0.6516308724832215
2021-01-14,1.806,0.6470555216595486,3.9858927399885093,0.6539110738255033
2021-01-15,1.791,0.6451006711409397,3.9933211875869974,0.6511241610738254
2021-01-18,1.786,0.6524313605857232,3.926465159200609,0.6460570469798658
2021-01-19,1.826,0.6538974984746798,3.979525499189806,0.6511241610738254
2021-01-20,1.79,0.6607394752898109,3.984831533188726,0.6584714765100671
2021-01-21,1.86,0.6529200732153754,3.999688428385701,0.6729127516778524
2021-01-22,1.903,0.6538974984746797,4.01560653038246,0.6764597315436242
2021-01-25,1.951,0.6436345332519829,4.000749635185485,0.6805134228187919
2021-01-26,1.942,0.6372812690665041,3.9890763603878616,0.6764597315436242
2021-01-27,1.887,0.6353264185478952,3.9731582583911025,0.6853271812080537
2021-01-28,1.872,0.6358151311775473,3.964668603992831,0.6691124161073826
2021-01-29,1.851,0.6279957291031116,3.959362569993911,0.6668322147651007
2021-02-01,1.82,0.6294618669920683,3.9731582583911025,0.6536577181208054
2021-02-02,1.844,0.6348377059182428,4.01560653038246,0.6713926174496644
2021-02-03,1.876,0.630439292251373,3.955117742794775,0.6845671140939598
2021-02-04,1.857,0.6275070164734595,3.9391996407980163,0.6825402684563758
2021-02-05,1.864,0.6314167175106773,3.8649151648131395,0.6881140939597316
2021-02-08,1.859,0.6363038438071996,3.890384128007954,0.6934345637583893
2021-02-09,1.907,0.6372812690665041,3.930709986399745,0.6941946308724832
2021-02-10,1.937,0.6436345332519828,3.938138433998232,0.6944479865771812
2021-02-18,2.013,0.6431458206223307,3.8415686152178927,0.6941946308724832
2021-02-19,1.905,0.6558523489932887,3.8065487908250226,0.6865939597315436
2021-02-22,1.89,0.667581452104942,3.8458134424170285,0.6911543624161074
2021-02-23,1.808,0.6749121415497255,3.8882617144083866,0.6711392617449664
2021-02-24,1.807,0.6670927394752899,3.896751368806658,0.6713926174496644
2021-02-25,1.759,0.6675814521049421,3.8680987852124913,0.6688590604026846
2021-02-26,1.718,0.6827315436241611,3.8245893064213496,0.6463104026845637
2021-03-01,1.711,0.669536302623551,3.7587944848347448,0.6546711409395973
2021-03-02,1.745,0.678333129957291,3.7152850060436027,0.6724060402684563
2021-03-03,1.716,0.6754008541793776,3.7418151760382012,0.6620184563758389
2021-03-04,1.72,0.68908480780964,3.7301419012405783,0.6435234899328859
2021-03-05,1.628,0.6881073825503355,3.650551391256782,0.6265486577181207
2021-03-08,1.677,0.6797992678462478,3.700428110846628,0.6412432885906041
2021-03-09,1.576,0.6754008541793777,3.700428110846628,0.6290822147651007
2021-03-10,1.569,0.669536302623551,3.7227134536420907,0.6490973154362416
2021-03-11,1.553,0.6714911531421599,3.736509142039282,0.6493506711409396
2021-03-12,1.604,0.6793105552165954,3.73863155563885,0.6658187919463088
2021-03-15,1.589,0.6939719341061623,3.746060003237337,0.6617651006711409
2021-03-16,1.54,0.6988590604026846,3.746060003237337,0.6632852348993288
2021-03-17,1.54,0.7008139109212935,3.7492436236366893,0.6665788590604026
2021-03-18,1.576,0.6964154972544234,3.7938143092276153,0.6739261744966443
2021-03-19,1.57,0.6978816351433801,3.755610864435393,0.6523909395973154
2021-03-22,1.551,0.6895735204392923,3.769406552832584,0.6536577181208054
2021-03-23,1.562,0.6964154972544235,3.754549657635609,0.6630318791946309
2021-03-24,1.54,0.6871299572910311,3.757733278034961,0.6637919463087248
2021-03-25,1.521,0.6812654057352044,3.7672841392330163,0.6539110738255033
2021-03-26,1.548,0.6793105552165954,3.769406552832584,0.6551778523489933
2021-03-29,1.594,0.6876186699206834,3.7609168984343126,0.6587248322147651
2021-03-30,1.583,0.6881073825503357,3.7439375896377696,0.661005033557047
2021-03-31,1.609,0.6939719341061622,3.682387595250301,0.6617651006711409
2021-04-01,1.606,0.6934832214765101,3.7152850060436027,0.6708859060402684
2021-04-02,1.639,0.6983703477730324,3.7895694820284795,0.6840604026845638
2021-04-06,1.66,0.6925057962172056,3.7895694820284795,0.6921677852348994
2021-04-07,1.648,0.6915283709579012,3.7821410344299915,0.6939412751677851
2021-04-08,1.622,0.6988590604026846,3.775773793631288,0.698248322147651
2021-04-09,1.643,0.6944606467358146,3.821405686021998,0.7081291946308724
2021-04-12,1.616,0.6969042098840756,3.8076099976248066,0.7109161073825503
2021-04-13,1.58,0.6969042098840756,3.771528966432152,0.7096493288590604
2021-04-14,1.601,0.6915283709579012,3.7959367228271828,0.7159832214765101
2021-04-15,1.627,0.6964154972544235,3.7778962072308557,0.7106627516778524
2021-04-16,1.627,0.6964154972544235,3.8277729268207015,0.7159832214765101
2021-04-19,1.618,0.7071671751067725,3.852180683215732,0.716996644295302
2021-04-20,1.675,0.7047236119585113,3.837323788018757,0.7119295302013423
2021-04-21,1.672,0.7008139109212935,3.837323788018757,0.7012885906040268
2021-04-22,1.706,0.7052123245881636,3.874466026011195,0.7096493288590604
2021-04-23,1.697,0.703746186699207,3.855364303615084,0.7043288590604027
2021-04-26,1.745,0.7022800488102502,3.8468746492168124,0.7101560402684564
2021-04-27,1.722,0.697392922513728,3.833078960819621,0.7126895973154362
2021-04-28,1.736,0.7037461866992069,3.8277729268207015,0.7101560402684564
2021-04-29,1.775,0.7003251982916413,3.8458134424170285,0.7142097315436241
2021-04-30,1.775,0.7076558877364246,3.8139772384235098,0.7093959731543623
2021-05-06,1.791,0.7022800488102502,3.844752235617245,0.6936879194630873
2021-05-07,1.752,0.712543014032947,3.898873782406226,0.6931812080536913
2021-05-10,1.7,0.7169414276998172,3.916914298002553,0.6949546979865772
2021-05-11,1.686,0.7218285539963394,3.919036711602121,0.6754463087248321
2021-05-12,1.694,0.7169414276998171,3.9137306776032013,0.6726593959731543
2021-05-13,1.707,0.7252495424039048,3.920097918401905,0.6615117449664429
2021-05-14,1.718,0.7237834045149482,3.9126694708034173,0.6680989932885906
2021-05-17,1.77,0.7208511287370348,3.9742194651908864,0.6782332214765101
2021-05-18,1.811,0.7252495424039048,3.979525499189806,0.678486577181208
2021-05-19,1.79,0.7272043929225138,3.996504807986349,0.6703791946308725
2021-05-20,1.81,0.7169414276998171,3.9954436011865653,0.6688590604026846
2021-05-21,1.835,0.7159640024405126,4.003933255584837,0.6815268456375838
2021-05-24,1.808,0.7188962782184259,4.025157391580516,0.678993288590604
2021-05-25,1.831,0.7242721171446004,3.997566014786133,0.6860872483221477
2021-05-26,1.88,0.7384447834045149,4.051687561575115,0.6893808724832214
2021-05-27,1.862,0.7384447834045149,4.028341011979867,0.6886208053691275
2021-05-28,1.875,0.7457754728492985,4.024096184780731,0.6860872483221477
2021-05-31,1.883,0.7457754728492985,4.0272798051800835,0.6845671140939598
2021-06-01,1.924,0.7511513117754729,4.0272798051800835,0.6827936241610738
2021-06-02,1.922,0.7496851738865161,4.030463425579436,0.681020134228188
2021-06-03,1.888,0.7526174496644296,4.000749635185485,0.6825402684563758
2021-06-04,1.86,0.744798047589994,3.898873782406226,0.6762063758389262
2021-06-07,1.89,0.749196461256864,3.9455668815967195,0.6853271812080537
2021-06-08,1.877,0.742843197071385,3.9890763603878616,0.6914077181208054
2021-06-09,1.867,0.7438206223306896,3.9699746379917507,0.6901409395973155
2021-06-10,1.875,0.7438206223306896,3.962546190393263,0.6903942953020135
2021-06-11,1.925,0.744798047589994,3.9742194651908864,0.6952080536912753
2021-06-15,1.921,0.7457754728492985,3.920097918401905,0.7045822147651007
2021-06-16,1.9,0.7345350823672971,3.9041798164051453,0.7010352348993288
2021-06-17,1.823,0.7340463697376449,3.8691599920122752,0.698501677852349
2021-06-18,1.864,0.7335576571079927,3.820344479222214,0.7099026845637584
2021-06-21,1.883,0.7174301403294693,3.803365170425671,0.7109161073825503
2021-06-22,1.91,0.7286705308114705,3.8277729268207015,0.7126895973154362
2021-06-23,1.911,0.7330689444783405,3.8267117200209175,0.7233305369127516
2021-06-24,1.939,0.7403996339231239,3.8256505132211336,0.7245973154362416
2021-06-25,1.913,0.7394222086638194,3.8086712044245905,0.7281442953020134
2021-06-28,1.95,0.7413770591824284,3.8065487908250226,0.7248506711409396
2021-06-29,2.0,0.7311140939597316,3.8065487908250226,0.7375184563758389
2021-06-30,1.987,0.7291592434411227,3.7789574140306397,0.7372651006711409
2021-07-01,2.031,0.7325802318486883,3.7895694820284795,0.7390385906040268
2021-07-02,2.009,0.7394222086638194,3.8139772384235098,0.7377718120805369
2021-07-05,1.941,0.7311140939597316,3.8288341336204854,0.7481593959731543
2021-07-06,1.951,0.727693105552166,3.837323788018757,0.7466392617449664
2021-07-07,1.917,0.7301366687004271,3.8596091308142197,0.7473993288590605
2021-07-08,1.995,0.7281818181818183,3.862792751213572,0.7524664429530201
2021-07-09,1.995,0.7169414276998171,3.867037578412708,0.7451191275167784
2021-07-12,2.01,0.7242721171446004,3.872343612411627,0.772734899328859
2021-07-13,2.06,0.7193849908480782,3.8712824056118436,0.7588003355704698
2021-07-14,2.046,0.7223172666259915,3.8787108532103307,0.7588003355704698
2021-07-15,2.027,0.7242721171446004,3.9041798164051453,0.7570268456375838
2021-07-16,2.056,0.727693105552166,3.914791884402985,0.7511996644295301
2021-07-19,1.993,0.7477303233679073,3.8946289552070903,0.7438523489932886
2021-07-20,1.999,0.734046369737645,3.8861393008088183,0.7425855704697987
2021-07-21,2.023,0.7350237949969494,3.853241890015516,0.7494261744966443
2021-07-22,2.079,0.7281818181818183,3.857486717214652,0.755253355704698
2021-07-23,2.066,0.734535082367297,3.862792751213572,0.7605738255033556
2021-07-26,2.013,0.7306253813300794,3.8680987852124913,0.7696946308724831
2021-07-27,1.97,0.7144978645515558,3.853241890015516,0.7689345637583893
2021-07-28,1.88,0.6969042098840756,3.873404819211411,0.7608271812080537
2021-07-29,1.951,0.6939719341061624,3.8946289552070903,0.7648808724832215
2021-07-30,2.017,0.6944606467358146,3.9073634368044976,0.7588003355704698
2021-08-02,2.002,0.6954380719951191,3.8829556804094665,0.7600671140939597
2021-08-03,2.036,0.6915283709579012,3.8680987852124913,0.7593070469798657
2021-08-04,2.018,0.6881073825503355,3.8680987852124913,0.7651342281879194
2021-08-05,2.07,0.6969042098840756,3.8765884396107633,0.7669077181208054
2021-08-06,2.061,0.6925057962172056,3.8606703376140037,0.772734899328859
2021-08-09,2.022,0.6969042098840756,3.7418151760382012,0.7651342281879194
2021-08-10,2.019,0.7071671751067724,3.739692762438634,0.7691879194630873
2021-08-11,2.02,0.7076558877364246,3.729080694440794,0.7661476510067114
2021-08-12,2.002,0.7257382550335572,3.753488450835825,0.7658942953020135
2021-08-13,1.971,0.7335576571079927,3.7683453460328007,0.7684278523489932
2021-08-16,1.952,0.7384447834045149,3.817160858822862,0.7684278523489932
2021-08-17,1.938,0.7394222086638194,3.81928327242243,0.7686812080536912
2021-08-18,1.886,0.7276931055521662,3.8436910288174606,0.7684278523489932
2021-08-19,1.898,0.7301366687004271,3.844752235617245,0.7590536912751678
2021-08-20,1.91,0.7223172666259914,3.8298953404202694,0.7605738255033556
2021-08-23,1.874,0.7306253813300795,3.820344479222214,0.7696946308724831
2021-08-24,1.924,0.7340463697376449,3.862792751213572,0.7810956375838927
2021-08-25,1.942,0.7350237949969494,3.8585479240144362,0.7874295302013423
2021-08-26,1.952,0.7384447834045149,3.8426298220176767,0.7851493288590604
2021-08-27,1.9,0.7482190359975595,3.8479358560165964,0.7805889261744966
2021-08-30,1.907,0.7550610128126907,3.8925065416075224,0.7892030201342283
2021-08-31,1.91,0.7565271507016476,3.8765884396107633,0.7950302013422819
2021-09-01,1.876,0.7785192190359976,3.884016887209251,0.7968036912751678
2021-09-02,1.86,0.7760756558877366,3.8776496464105468,0.7970570469798657
2021-09-03,1.84,0.7907370347773034,3.8649151648131395,0.7965503355704698
2021-09-06,1.816,0.7897596095179988,3.8893229212081706,0.7973104026845637
2021-09-07,1.884,0.8000225747406956,3.896751368806658,0.7983238255033557
2021-09-08,1.896,0.8034435631482613,3.853241890015516,0.7978171140939597
2021-09-09,1.879,0.8269017693715681,3.8256505132211336,0.7940167785234898
2021-09-10,1.881,0.8523148261134839,3.8256505132211336,0.790976510067114
2021-09-13,1.89,0.8474276998169616,3.8277729268207015,0.7869228187919463
2021-09-14,1.87,0.8659987797437463,3.8267117200209175,0.7881895973154363
2021-09-15,1.89,0.8493825503355705,3.8415686152178927,0.7821090604026846
2021-09-16,1.871,0.8449841366687005,3.834140167619405,0.7866694630872483
2021-09-17,1.836,0.839608297742526,3.77365138003172,0.7859093959731543
2021-09-22,1.845,0.824458206223307,3.809732411224374,0.7658942953020135
2021-09-23,1.86,0.850359975594875,3.7969979296269667,0.7765352348993289
2021-09-24,1.859,0.8479164124466138,3.7672841392330163,0.7816023489932886
2021-09-27,1.883,0.8190823672971325,3.7662229324332324,0.7810956375838927
2021-09-28,1.886,0.80539841366687,3.7651617256334484,0.773748322147651
2021-09-29,1.868,0.8210372178157415,3.739692762438634,0.7527197986577181
2021-09-30,1.869,0.7990451494813912,3.7312031080403623,0.7570268456375838
2021-10-08,1.918,0.8176162294081758,3.752427244036041,0.7610805369127517
2021-10-11,1.902,0.8029548505186089,3.7651617256334484,0.7534798657718121
2021-10-12,1.861,0.8102855399633924,3.755610864435393,0.7443590604026846
2021-10-13,1.834,0.8049097010372179,3.77365138003172,0.7415721476510068
2021-10-14,1.877,0.7907370347773034,3.815038445223294,0.7494261744966443
2021-10-15,1.88,0.7838950579621722,3.8235280996215657,0.7643741610738255
2021-10-18,1.915,0.7887821842586945,3.7832022412297754,0.7674144295302013
2021-10-19,1.915,0.8039322757779135,3.7619781052340966,0.7722281879194631
2021-10-20,1.927,0.8039322757779135,3.77365138003172,0.7757751677852348
2021-10-21,1.927,0.78780475899939,3.774712586831504,0.772734899328859
2021-10-25,1.923,0.87,3.799120343226535,0.7722281879194631
2021-10-26,1.955,0.801,3.802303963625887,0.7816023489932886
2021-10-27,1.946,0.795,3.788508275228695,0.7821090604026846
2021-10-28,1.94,0.78,3.787447068428911,0.7848959731543623
2021-10-29,1.921,0.76,3.8065487908250226,0.7876828859060403
2021-11-01,1.954,0.756,3.788508275228695,0.7962969798657717
2021-11-02,1.949,0.762,3.7832022412297754,0.7995906040268457
2021-11-03,1.95,0.744,3.787447068428911,0.8033909395973153
2021-11-04,1.95,0.76,3.7630393120338805,0.812005033557047
2021-11-05,1.955,0.761,3.7948755160273993,0.8226459731543624
2021-11-08,1.958,0.743,3.8436910288174606,0.8236593959731543
2021-11-09,1.975,0.742,3.8458134424170285,0.8198590604026846
2021-11-10,1.99,0.737,3.857486717214652,0.8163120805369127
2021-11-11,1.98,0.745,3.8999349892060096,0.8054177852348993
2021-11-12,2.007,0.755,3.914791884402985,0.8107382550335571
2021-11-15,2.005,0.756,3.9116082640036334,0.8163120805369127
2021-11-16,1.99,0.748,3.9116082640036334,0.8165654362416107
2021-11-17,1.987,0.744,3.916914298002553,0.8193523489932886
2021-11-18,2.001,0.748,3.9232815388012567,0.8190989932885906
2021-11-19,1.978,0.739,3.919036711602121,0.82796644295302
2021-11-22,1.998,0.752,3.897812575606442,0.8383540268456376
2021-11-23,2.042,0.752,3.8288341336204854,0.8236593959731543
2021-11-24,2.042,0.759,3.7842634480295594,0.8203657718120805
2021-11-25,2.03,0.769,3.7906306888282635,0.8259395973154362
2021-11-26,2.036,0.767,3.7948755160273993,0.8239127516778523
2021-11-29,2.021,0.752,3.802303963625887,0.8127651006711409
2021-11-30,2.048,0.751,3.774712586831504,0.8251795302013423
2021-12-01,2.038,0.749,3.754549657635609,0.8155520134228187
2021-12-02,2.034,0.76,3.756672071235177,0.8026308724832215
2021-12-03,2.028,0.763,3.7407539692384177,0.8018708053691275
2021-12-06,2.024,0.775,3.757733278034961,0.7892030201342283
2021-12-07,1.995,0.773,3.7672841392330163,0.7968036912751678
2021-12-08,1.973,0.784,3.7641005188336645,0.8203657718120805
2021-12-09,1.98,0.783,3.757733278034961,0.8206191275167785
2021-12-10,2.01,0.785,3.757733278034961,0.8089647651006712
2021-12-13,2.038,0.784,3.7662229324332324,0.8206191275167785
2021-12-14,2.033,0.776,3.7725901732319365,0.8071912751677852
2021-12-15,2.043,0.769,3.7672841392330163,0.7990838926174496
2021-12-16,2.039,0.776,3.752427244036041,0.8145385906040268
2021-12-17,2.044,0.788,3.7895694820284795,0.7965503355704698
2021-12-20,2.011,0.788,3.8086712044245905,0.7914832214765101
2021-12-21,1.951,0.786,3.791691895628047,0.7851493288590604
2021-12-22,1.969,0.795,3.7789574140306397,0.8011107382550335
2021-12-23,1.974,0.795,3.7969979296269667,0.8082046979865771
2021-12-24,1.977,0.795,3.815038445223294,0.8150453020134228
2021-12-27,1.927,0.796,3.8182220656226455,0.8163120805369127
2021-12-28,1.94,0.796,3.8139772384235098,0.8266996644295301
2021-12-29,1.948,0.786,3.8129160316237263,0.8274597315436242
2021-12-30,1.924,0.785,3.8012427568261025,0.8259395973154362
2021-12-31,1.95,0.792,3.798059136426751,0.8221392617449664
2022-01-04,1.951,0.795,3.8107936180241584,0.8292332214765101
2022-01-05,1.906,0.809,3.817160858822862,0.8152986577181208
2022-01-06,1.844,0.812,3.809732411224374,0.791736577181208
2022-01-07,1.834,0.82,3.7832022412297754,0.7950302013422819
2022-01-10,1.816,0.825,3.7778962072308557,0.7828691275167785
2022-01-11,1.812,0.832,3.8054875840252382,0.7859093959731543
2022-01-12,1.801,0.831,3.8267117200209175,0.7912298657718121
2022-01-13,1.835,0.826,3.8298953404202694,0.7957902684563758
2022-01-14,1.796,0.838,3.835201374419189,0.7778020134228187
2022-01-17,1.818,0.81,3.820344479222214,0.7783087248322148
2022-01-18,1.85,0.813,3.81928327242243,0.7795755033557047
2022-01-19,1.842,0.822,3.8107936180241584,0.7598137583892618
2022-01-20,1.796,0.835,3.857486717214652,0.7522130872483221
2022-01-21,1.79,0.829,3.856425510414868,0.734984899328859
2022-01-24,1.772,0.825,3.8500582696161643,0.7258640939597316
2022-01-25,1.778,0.817,3.851119476415948,0.716236577181208
2022-01-26,1.752,0.8,3.8596091308142197,0.7038221476510067
2022-01-27,1.754,0.804,3.809732411224374,0.7000218120805368
2022-01-28,1.715,0.797,3.7778962072308557,0.7038221476510067
2022-02-07,1.735,0.791,3.798059136426751,0.7271308724832215
2022-02-08,1.709,0.811,3.816099652023078,0.7271308724832215
2022-02-09,1.666,0.83,3.8288341336204854,0.734731543624161
2022-02-10,1.691,0.835,3.8500582696161643,0.7479060402684563
2022-02-11,1.636,0.847,3.838384994818541,0.7311845637583892
2022-02-14,1.6,0.848,3.896751368806658,0.7116761744966443
2022-02-15,1.601,0.831,3.917975504802337,0.7134496644295302
2022-02-16,1.656,0.827,3.867037578412708,0.7266241610738254
2022-02-17,1.642,0.834,3.8946289552070903,0.7248506711409396
2022-02-18,1.654,0.83,3.9561789495945594,0.7050889261744966
2022-02-21,1.656,0.848,3.947689295196288,0.7038221476510067
2022-02-22,1.629,0.852,3.990137567187645,0.6916610738255033
2022-02-23,1.622,0.843,3.965729810792615,0.6921677852348994
2022-02-24,1.652,0.834,3.979525499189806,0.6729127516778524
2022-02-25,1.648,0.82,3.999688428385701,0.6835536912751677
2022-02-28,1.669,0.809,3.9805867059895896,0.6898875838926174
2022-03-01,1.695,0.818,3.972097051591318,0.6990083892617449
2022-03-02,1.679,0.83,4.012422909983108,0.6944479865771812
2022-03-03,1.672,0.835,4.0262185983803,0.7028087248322148
2022-03-04,1.625,0.844,4.042136700377059,0.6868473154362416
2022-03-07,1.601,0.836,4.125972037559991,0.6726593959731543
2022-03-08,1.548,0.832,4.120666003561071,0.6640453020134228
2022-03-09,1.528,0.805,4.2458884059355775,0.6582181208053691
2022-03-10,1.534,0.812,4.084584972368417,0.679246644295302
2022-03-11,1.514,0.78,4.140828932756967,0.6686057046979865
2022-03-14,1.54,0.8,4.122788417160638,0.6637919463087248
2022-03-15,1.483,0.793,4.080340145169282,0.6516308724832215
2022-03-16,1.498,0.749,4.0262185983803,0.6678456375838926
2022-03-17,1.563,0.77,4.013484116782893,0.6924211409395973
2022-03-18,1.58,0.77,4.047442734375979,0.6964748322147651
2022-03-21,1.594,0.804,4.0198513575815955,0.7131963087248322
2022-03-22,1.586,0.788,4.040014286777491,0.7109161073825503
2022-03-23,1.584,0.804,4.032585839179003,0.7291577181208054
2022-03-24,1.578,0.805,4.085646179168201,0.7220637583892617
2022-03-25,1.578,0.803,4.107931521963664,0.736758389261745
2022-03-28,1.543,0.803,4.103686694764528,0.7352382550335571
2022-03-29,1.529,0.821,4.050626354775331,0.7489194630872483
2022-03-30,1.53,0.819,4.037891873177923,0.7628540268456376
2022-03-31,1.572,0.83,4.031524632379219,0.7577869127516779
2022-04-01,1.549,0.839,4.037891873177923,0.7461325503355705
2022-04-06,1.558,0.855,4.038953079977707,0.7410654362416107
2022-04-07,1.535,0.868,4.0272798051800835,0.7261174496644296
2022-04-08,1.512,0.852,4.044259113976627,0.7271308724832215
2022-04-11,1.496,0.864,4.0729116975707935,0.718010067114094
2022-04-12,1.446,0.853,4.117482383161719,0.7002751677852348
2022-04-13,1.461,0.846,4.100503074365176,0.7010352348993288
2022-04-14,1.463,0.844,4.123849623960423,0.7129429530201342
2022-04-15,1.434,0.864,4.130216864759126,0.6992617449664429
2022-04-18,1.429,0.858,4.169481516351133,0.6906476510067114
2022-04-19,1.45,0.844,4.1450737599561025,0.6992617449664429
2022-04-20,1.437,0.85,4.084584972368417,0.7121828859060403
2022-04-21,1.376,0.84,4.105809108364096,0.7104093959731543
2022-04-22,1.344,0.82,4.134461691958262,0.6954614093959731
2022-04-25,1.321,0.827,4.132339278358694,0.6820335570469799
2022-04-26,1.273,0.796,4.084584972368417,0.6992617449664429
2022-04-27,1.252,0.797,4.088829799567553,0.6739261744966443
2022-04-28,1.311,0.798,4.070789283971226,0.6802600671140939
2022-04-29,1.315,0.82,4.122788417160638,0.6967281879194631
2022-05-05,1.33,0.833,4.130216864759126,0.7023020134228187
2022-05-06,1.312,0.823,4.10687031516388,0.6696191275167784
2022-05-09,1.312,0.8,4.1280944511595585,0.6673389261744966
2022-05-10,1.295,0.809,4.103686694764528,0.6460570469798658
2022-05-11,1.331,0.817,4.075034111170361,0.6577114093959732
2022-05-12,1.366,0.815,4.108992728763448,0.6394697986577181
2022-05-13,1.384,0.822,4.089891006367337,0.6435234899328859
2022-05-16,1.387,0.843,4.0633608363727385,0.6630318791946309
2022-05-17,1.367,0.844,4.053809975174683,0.6554312080536913
2022-05-18,1.386,0.836,4.028341011979867,0.662525167785235
2022-05-19,1.364,0.82,4.0272798051800835,0.6333892617449665
2022-05-20,1.403,0.837,4.060177215973386,0.6374429530201342
2022-05-23,1.416,0.84,4.067605663571874,0.6346560402684563
2022-05-24,1.412,0.834,4.0654832499723055,0.623761744966443
2022-05-25,1.359,0.818,4.079278938369497,0.6169211409395973
2022-05-26,1.366,0.835,4.079278938369497,0.6260419463087249
2022-05-27,1.379,0.841,4.10156428116496,0.6432701342281879
2022-05-30,1.369,0.846,4.1121763491628,0.6688590604026846
2022-05-31,1.379,0.846,4.070789283971226,0.6645520134228189
2022-06-01,1.41,0.84,4.053809975174683,0.6615117449664429
2022-06-02,1.417,0.846,4.0654832499723055,0.6594848993288591
2022-06-06,1.436,0.838,4.067605663571874,0.6564446308724833
2022-06-07,1.498,0.839,4.0463815275761945,0.6541644295302013
2022-06-08,1.491,0.835,4.051687561575115,0.659991610738255
2022-06-09,1.499,0.844,4.075034111170361,0.6584714765100671
2022-06-10,1.451,0.844,4.06654445677209,0.6437768456375839
2022-06-13,1.474,0.848,4.117482383161719,0.6146409395973155
2022-06-14,1.476,0.831,4.085646179168201,0.602226510067114
2022-06-15,1.492,0.846,4.033647045978787,0.604253355704698
2022-06-16,1.508,0.851,4.031524632379219,0.6141342281879194
2022-06-17,1.507,0.838,4.064422043172522,0.5867718120805369
2022-06-20,1.562,0.836,4.070789283971226,0.5918389261744966
2022-06-21,1.582,0.833,4.051687561575115,0.5963993288590604
2022-06-22,1.578,0.836,4.0368306663781395,0.6027332214765101
2022-06-23,1.566,0.828,4.053809975174683,0.6050134228187919
2022-06-24,1.629,0.828,4.030463425579436,0.6121073825503356
2022-06-27,1.659,0.825,4.028341011979867,0.6316157718120805
2022-06-28,1.651,0.834,4.0262185983803,0.6303489932885906
2022-06-29,1.652,0.84,4.016667737182244,0.6108406040268456
2022-06-30,1.622,0.845,4.0198513575815955,0.6095738255033557
2022-07-01,1.647,0.85,3.9933211875869974,0.602986577181208
2022-07-04,1.622,0.849,3.9869539467882937,0.6017197986577181
2022-07-05,1.66,0.842,3.9869539467882937,0.601
2022-07-06,1.649,0.849,3.9243427456010407,0.612
2022-07-07,1.64,0.831,3.857486717214652,0.613
2022-07-08,1.669,0.836,3.857486717214652,0.626
2022-07-11,1.648,0.834,3.855364303615084,0.622
2022-07-12,1.615,0.832,3.839446201618325,0.612
2022-07-13,1.587,0.836,3.8458134424170285,0.611
2022-07-14,1.6,0.836,3.834140167619405,0.609
2022-07-15,1.652,0.824,3.8224668928217818,0.613
2022-07-18,1.623,0.807,3.815038445223294,0.625
2022-07-19,1.632,0.826,3.815038445223294,0.621
2022-07-20,1.62,0.827,3.8118548248239423,0.639
2022-07-21,1.614,0.828,3.7853246548293438,0.647
2022-07-22,1.621,0.818,3.8298953404202694,0.652
2022-07-25,1.595,0.814,3.834140167619405,0.645
2022-07-26,1.587,0.816,3.8479358560165964,0.638
2022-07-27,1.588,0.825,3.8415686152178927,0.638
2022-07-28,1.602,0.823,3.8712824056118436,0.652
2022-07-29,1.59,0.825,3.908424643604281,0.669
2022-08-01,1.565,0.817,3.9349548135988806,0.671
2022-08-02,1.59,0.81,3.9774030855902383,0.672
2022-08-03,1.572,0.801,3.9243427456010407,0.67
2022-08-04,1.551,0.791,3.944505674796936,0.688
2022-08-05,1.558,0.796,3.9699746379917507,0.693
2022-08-08,1.57,0.799,3.961484983593479,0.686
2022-08-09,1.57,0.807,3.972097051591318,0.686
2022-08-10,1.574,0.811,3.984831533188726,0.678
2022-08-11,1.568,0.807,3.9689134311919667,0.697
2022-08-12,1.596,0.815,3.9689134311919667,0.693
2022-08-15,1.577,0.821,3.9922599807872134,0.703
2022-08-16,1.593,0.819,3.9880151535880777,0.713
2022-08-17,1.605,0.824,3.9710358447915346,0.713
2022-08-18,1.626,0.826,3.9519341223954236,0.702
2022-08-19,1.63,0.821,3.938138433998232,0.706
2022-08-22,1.6,0.832,3.943444467997152,0.691
2022-08-23,1.63,0.835,3.943444467997152,0.682
2022-08-24,1.643,0.839,3.9572401563943433,0.678
2022-08-25,1.571,0.828,3.982709119589158,0.683
2022-08-26,1.565,0.846,3.9774030855902383,0.693
2022-08-29,1.538,0.844,3.961484983593479,0.659
2022-08-30,1.545,0.851,3.9710358447915346,0.663
2022-08-31,1.526,0.854,3.958301363194127,0.659
2022-09-01,1.504,0.848,3.930709986399745,0.646
2022-09-02,1.495,0.854,3.914791884402985,0.651
2022-09-05,1.484,0.854,3.9275263660003925,0.644
2022-09-06,1.491,0.874,3.958301363194127,0.65
2022-09-07,1.487,0.88,3.9466280883965035,0.639
2022-09-08,1.504,0.881,3.9689134311919667,0.655
2022-09-09,1.481,0.883,3.9689134311919667,0.661
2022-09-13,1.498,0.894,3.972097051591318,0.678
2022-09-14,1.478,0.889,3.9561789495945594,0.646
2022-09-15,1.472,0.881,3.943444467997152,0.65
2022-09-16,1.417,0.89,3.914791884402985,0.638
2022-09-19,1.388,0.859,3.917975504802337,0.637
2022-09-20,1.388,0.859,3.9423832611973677,0.644
2022-09-21,1.383,0.849,3.9328323999993122,0.642
2022-09-22,1.358,0.862,3.9402608475978,0.627
2022-09-23,1.359,0.855,3.9519341223954236,0.626
2022-09-26,1.342,0.845,3.930709986399745,0.618
2022-09-27,1.365,0.834,3.9243427456010407,0.621
2022-09-28,1.384,0.845,3.9296487795999604,0.625
2022-09-29,1.372,0.841,3.9689134311919667,0.632
2022-09-30,1.366,0.829,3.982709119589158,0.613
2022-10-10,1.342,0.835,4.016667737182244,0.605
2022-10-11,1.315,0.841,4.001810841985269,0.601
2022-10-12,1.323,0.837,4.002872048785052,0.598
2022-10-13,1.364,0.849,4.006055669184405,0.596
2022-10-14,1.393,0.844,4.000749635185485,0.607
2022-10-17,1.422,0.84,3.990137567187645,0.596
2022-10-18,1.442,0.846,3.983770326388942,0.616
2022-10-19,1.433,0.84,3.990137567187645,0.628
2022-10-20,1.416,0.834,3.978464292390022,0.613
2022-10-21,1.411,0.827,3.9678522243921823,0.612
2022-10-24,1.408,0.825,4.006055669184405,0.632
2022-10-25,1.367,0.814,4.0262185983803,0.641
2022-10-26,1.358,0.813,4.018790150781812,0.641
2022-10-27,1.404,0.803,3.9986272215859167,0.633
2022-10-28,1.366,0.808,4.011361703183324,0.622
2022-10-31,1.313,0.793,4.000749635185485,0.64
2022-11-01,1.336,0.772,3.9933211875869974,0.642
2022-11-02,1.369,0.779,4.002872048785052,0.635
2022-11-03,1.387,0.79,4.000749635185485,0.613
2022-11-04,1.392,0.785,3.9933211875869974,0.603
2022-11-07,1.43,0.797,4.01560653038246,0.604
2022-11-08,1.438,0.801,4.023034977980948,0.615
2022-11-09,1.426,0.8,4.0920134199669045,0.615
2022-11-10,1.4,0.8,4.10687031516388,0.607
2022-11-11,1.429,0.803,4.1811547911487565,0.644
2022-11-14,1.419,0.823,4.1376453123576145,0.647
2022-11-15,1.386,0.818,4.118543589961503,0.638
2022-11-16,1.429,0.824,4.130216864759126,0.643
2022-11-17,1.407,0.821,4.149318587155238,0.643
2022-11-18,1.402,0.818,4.149318587155238,0.645
2022-11-21,1.395,0.816,4.148257380355454,0.642
2022-11-22,1.398,0.81,4.127033244359775,0.637
2022-11-23,1.374,0.823,4.130216864759126,0.642
2022-11-24,1.378,0.828,4.140828932756967,0.652
2022-11-25,1.363,0.83,4.142951346356534,0.655
2022-11-28,1.336,0.84,4.167359102751565,0.648
2022-11-29,1.35,0.841,4.158869448353293,0.643
2022-11-30,1.372,0.86,4.144012553156318,0.639
2022-12-01,1.394,0.862,4.139767725957182,0.655
2022-12-02,1.395,0.855,4.170542723150917,0.651
2022-12-05,1.411,0.85,4.175848757149836,0.645
2022-12-06,1.394,0.862,4.118543589961503,0.635
2022-12-07,1.4,0.86,4.095197040366257,0.625
2022-12-08,1.419,0.855,4.095197040366257,0.625
2022-12-09,1.417,0.864,4.10687031516388,0.63
2022-12-12,1.417,0.85,4.120666003561071,0.623
2022-12-13,1.41,0.84,4.1121763491628,0.631
2022-12-14,1.397,0.843,4.1546246211541575,0.638
2022-12-15,1.391,0.84,4.1471961735556695,0.635
2022-12-16,1.399,0.831,4.1121763491628,0.612
2022-12-19,1.391,0.839,4.120666003561071,0.611
2022-12-20,1.37,0.825,4.1280944511595585,0.608
2022-12-21,1.361,0.819,4.179032377549189,0.607
2022-12-22,1.36,0.82,4.184338411548108,0.617
2022-12-23,1.344,0.811,4.166297895951781,0.602
2022-12-26,1.344,0.81,4.144012553156318,0.608
2022-12-27,1.371,0.81,4.142951346356534,0.606
2022-12-28,1.378,0.82,4.166297895951781,0.602
2022-12-29,1.367,0.817,4.163114275552429,0.595
2022-12-30,1.385,0.814,4.172665136750484,0.604
2023-01-03,1.378,0.819,4.18221599794854,0.599
2023-01-04,1.381,0.822,4.186460825147676,0.597
2023-01-05,1.374,0.827,4.208746167943139,0.598
2023-01-06,1.402,0.827,4.1811547911487565,0.594
2023-01-09,1.429,0.826,4.212990995142275,0.601
2023-01-10,1.436,0.825,4.208746167943139,0.603
2023-01-11,1.45,0.82,4.214052201942058,0.606
2023-01-12,1.442,0.823,4.224,0.615
2023-01-13,1.448,0.823,4.224,0.618
2023-01-16,1.462,0.83,4.251,0.615
2023-01-17,1.491,0.832,4.259,0.614
2023-01-18,1.495,0.83,4.269,0.616
2023-01-19,1.492,0.834,4.256,0.612
2023-01-20,1.517,0.837,4.3,0.608
2023-01-30,1.551,0.848,4.289,0.635
2023-01-31,1.532,0.841,4.289,0.627
2023-02-01,1.52,0.845,4.28,0.632
2023-02-02,1.539,0.85,4.32,0.647
2023-02-03,1.524,0.848,4.274,0.658
2023-02-06,1.505,0.843,4.234,0.657
2023-02-07,1.487,0.842,4.212,0.655
2023-02-08,1.496,0.85,4.206,0.665
2023-02-09,1.478,0.835,4.207,0.656
2023-02-10,1.51,0.846,4.195,0.651
2023-02-13,1.495,0.85,4.192,0.645
2023-02-14,1.513,0.854,4.208,0.655
2023-02-15,1.506,0.857,4.214,0.659
2023-02-16,1.493,0.855,4.193,0.669
2023-02-17,1.471,0.851,4.198,0.657
2023-02-20,1.429,0.848,4.202,0.652
2023-02-21,1.455,0.865,4.204,0.651
2023-02-22,1.445,0.872,4.204,0.641
2023-02-23,1.443,0.882,4.204,0.644
2023-02-24,1.444,0.872,4.208,0.647
2023-02-27,1.423,0.876,4.215,0.642
2023-02-28,1.422,0.869,4.212,0.646
2023-03-01,1.429,0.873,4.223,0.64
2023-03-02,1.433,0.881,4.222,0.636
2023-03-03,1.425,0.888,4.232,0.638
2023-03-06,1.425,0.894,4.259,0.651
2023-03-07,1.425,0.895,4.27,0.657
2023-03-08,1.396,0.885,4.234,0.651
2023-03-09,1.398,0.889,4.227,0.652
2023-03-10,1.393,0.889,4.256,0.639
2023-03-13,1.391,0.867,4.309,0.634
2023-03-14,1.384,0.883,4.328,0.635
2023-03-15,1.386,0.881,4.343,0.645
2023-03-16,1.367,0.89,4.366,0.65
2023-03-17,1.365,0.887,4.382,0.665
2023-03-20,1.351,0.896,4.478,0.664
2023-03-21,1.353,0.892,4.53,0.663
2023-03-22,1.375,0.891,4.447,0.672
2023-03-23,1.37,0.895,4.469,0.664
2023-03-24,1.387,0.897,4.485,0.67
2023-03-27,1.389,0.891,4.479,0.676
2023-03-28,1.407,0.88,4.447,0.674
2023-03-29,1.39,0.886,4.465,0.673
2023-03-30,1.389,0.883,4.448,0.683
2023-03-31,1.402,0.883,4.473,0.688
2023-04-03,1.413,0.889,4.454,0.693
2023-04-04,1.432,0.896,4.464,0.695
2023-04-06,1.416,0.902,4.542,0.684
2023-04-07,1.425,0.896,4.545,0.69
2023-04-10,1.439,0.893,4.525,0.688
2023-04-11,1.434,0.892,4.497,0.69
2023-04-12,1.431,0.905,4.536,0.686
2023-04-13,1.421,0.923,4.546,0.678
2023-04-14,1.418,0.923,4.593,0.69
2023-04-17,1.424,0.919,4.52,0.689
2023-04-18,1.429,0.929,4.51,0.688
2023-04-19,1.427,0.932,4.527,0.689
2023-04-20,1.418,0.934,4.509,0.688
2023-04-21,1.401,0.941,4.52,0.685
2023-04-24,1.373,0.929,4.487,0.684
2023-04-25,1.352,0.925,4.518,0.684
2023-04-26,1.324,0.932,4.542,0.683
2023-04-27,1.348,0.935,4.535,0.682
2023-04-28,1.362,0.94,4.516,0.696
2023-05-04,1.363,0.961,4.627,0.69
2023-05-05,1.348,0.988,4.632,0.689
2023-05-08,1.336,0.985,4.591,0.7
2023-05-09,1.338,1.011,4.579,0.701
2023-05-10,1.323,0.995,4.606,0.699
2023-05-11,1.33,0.972,4.614,0.709
2023-05-12,1.34,0.972,4.597,0.715
2023-05-15,1.328,0.959,4.59,0.709
2023-05-16,1.357,0.953,4.597,0.714
2023-05-17,1.351,0.944,4.574,0.72
2023-05-18,1.354,0.949,4.564,0.728
2023-05-19,1.341,0.952,4.54,0.748
2023-05-22,1.343,0.939,4.558,0.745
2023-05-23,1.342,0.941,4.551,0.751
2023-05-24,1.324,0.924,4.563,0.742
2023-05-25,1.321,0.912,4.542,0.746
2023-05-26,1.322,0.905,4.525,0.755
2023-05-29,1.317,0.926,4.521,0.777
2023-05-30,1.297,0.921,4.52,0.777
2023-05-31,1.304,0.928,4.59,0.779
2023-06-01,1.29,0.918,4.579,0.775
2023-06-02,1.306,0.933,4.593,0.785
2023-06-05,1.32,0.93,4.577,0.789
2023-06-06,1.299,0.939,4.564,0.792
2023-06-07,1.276,0.931,4.579,0.792
2023-06-08,1.256,0.941,4.553,0.782
2023-06-09,1.257,0.947,4.574,0.788
2023-06-12,1.262,0.949,4.581,0.795
2023-06-13,1.274,0.938,4.592,0.811
2023-06-14,1.282,0.936,4.584,0.818
2023-06-15,1.279,0.931,4.562,0.824
2023-06-16,1.323,0.935,4.566,0.828
2023-06-19,1.339,0.933,4.574,0.826
2023-06-20,1.338,0.916,4.578,0.827
2023-06-21,1.335,0.911,4.574,0.829
2023-06-26,1.296,0.898,4.563,0.823
2023-06-27,1.294,0.887,4.572,0.812
2023-06-28,1.296,0.905,4.544,0.821
2023-06-29,1.287,0.91,4.541,0.829
2023-06-30,1.288,0.906,4.561,0.829
2023-07-03,1.314,0.912,4.57,0.84
2023-07-04,1.319,0.922,4.568,0.84
2023-07-05,1.32,0.921,4.572,0.838
2023-07-06,1.305,0.919,4.575,0.841
2023-07-07,1.293,0.913,4.556,0.835
2023-07-10,1.288,0.922,4.575,0.83
2023-07-11,1.304,0.92,4.578,0.831
2023-07-12,1.311,0.922,4.584,0.834
2023-07-13,1.305,0.924,4.61,0.841
2023-07-14,1.324,0.934,4.622,0.855
2023-07-17,1.312,0.935,4.606,0.85
2023-07-19,1.29,0.929,4.678,0.872
2023-07-20,1.289,0.938,4.692,0.87
2023-07-21,1.275,0.927,4.666,0.849
2023-07-24,1.277,0.931,4.66,0.849
2023-07-25,1.286,0.935,4.643,0.852
2023-07-26,1.295,0.947,4.638,0.855
2023-07-27,1.3,0.945,4.655,0.855
2023-07-28,1.29,0.946,4.635,0.856
2023-07-31,1.315,0.966,4.622,0.867
2023-08-01,1.325,0.969,4.634,0.869
2023-08-02,1.314,0.97,4.635,0.866
2023-08-03,1.31,0.958,4.625,0.847
2023-08-04,1.341,0.968,4.607,0.845
2023-08-07,1.336,0.962,4.624,0.844
2023-08-08,1.324,0.952,4.624,0.847
2023-08-09,1.317,0.955,4.624,0.844
2023-08-10,1.318,0.951,4.605,0.834
2023-08-11,1.326,0.951,4.607,0.836
2023-08-14,1.29,0.932,4.625,0.832
2023-08-15,1.283,0.938,4.626,0.844
2023-08-16,1.265,0.942,4.644,0.839
2023-08-17,1.26,0.935,4.643,0.828
2023-08-18,1.269,0.937,4.633,0.817
2023-08-21,1.255,0.936,4.632,0.818
2023-08-22,1.237,0.93,4.647,0.828
2023-08-23,1.233,0.936,4.652,0.832
2023-08-24,1.211,0.941,4.668,0.85
2023-08-25,1.218,0.932,4.669,0.826
2023-08-28,1.273,0.97,4.658,0.829
2023-08-29,1.217,0.945,4.675,0.841
2023-08-30,1.255,0.947,4.694,0.858
2023-08-31,1.251,0.937,4.703,0.861
2023-09-01,1.247,0.932,4.685,0.859
2023-09-04,1.249,0.938,4.708,0.86
2023-09-05,1.253,0.955,4.717,0.861
2023-09-06,1.246,0.946,4.729,0.866
2023-09-07,1.242,0.945,4.722,0.858
2023-09-08,1.215,0.941,4.742,0.854
2023-09-11,1.214,0.937,4.751,0.857
2023-09-12,1.22,0.944,4.753,0.86
2023-09-13,1.214,0.941,4.763,0.851
2023-09-14,1.198,0.945,4.786,0.855
2023-09-15,1.193,0.951,4.861,0.862
2023-09-18,1.185,0.948,4.774,0.847
2023-09-19,1.196,0.949,4.748,0.85
2023-09-20,1.183,0.954,4.791,0.846
2023-09-21,1.174,0.958,4.816,0.833
2023-09-22,1.161,0.95,4.807,0.818
2023-09-25,1.188,0.959,4.784,0.821
2023-09-26,1.186,0.958,4.807,0.823
2023-09-27,1.177,0.955,4.795,0.812
2023-09-28,1.191,0.953,4.688,0.819
2023-10-09,1.187,0.948,4.638,0.828
2023-10-10,1.186,0.95,4.618,0.837
2023-10-11,1.182,0.939,4.559,0.843
2023-10-12,1.195,0.94,4.59,0.854
2023-10-13,1.188,0.941,4.594,0.848
2023-10-16,1.181,0.946,4.693,0.84
2023-10-17,1.161,0.95,4.688,0.846
2023-10-18,1.16,0.957,4.718,0.842
2023-10-19,1.14,0.948,4.772,0.832
2023-10-20,1.13,0.928,4.807,0.82
2023-10-23,1.11,0.927,4.805,0.813
2023-10-24,1.108,0.916,4.796,0.815
2023-10-25,1.12,0.925,4.795,0.82
2023-10-26,1.099,0.927,4.804,0.794
2023-10-27,1.106,0.933,4.813,0.79
2023-10-30,1.14,0.935,4.855,0.795
2023-10-31,1.169,0.92,4.84,0.797
2023-11-01,1.168,0.922,4.817,0.8
2023-11-02,1.162,0.922,4.832,0.822
2023-11-03,1.15,0.924,4.832,0.831
2023-11-06,1.175,0.92,4.834,0.838
2023-11-07,1.206,0.916,4.796,0.839
2023-11-08,1.195,0.918,4.791,0.847
2023-11-09,1.196,0.918,4.753,0.848
2023-11-10,1.194,0.92,4.76,0.844
2023-11-13,1.192,0.916,4.744,0.86
2023-11-14,1.19,0.919,4.762,0.861
2023-11-15,1.199,0.922,4.782,0.878
2023-11-16,1.191,0.925,4.789,0.875
2023-11-17,1.167,0.925,4.802,0.874
2023-11-20,1.175,0.925,4.763,0.871
2023-11-21,1.181,0.927,4.738,0.875
2023-11-22,1.171,0.928,4.739,0.865
2023-11-23,1.155,0.926,4.718,0.873
2023-11-24,1.161,0.932,4.715,0.872
2023-11-27,1.146,0.931,4.744,0.869
2023-11-29,1.145,0.926,4.816,0.87
2023-11-30,1.136,0.917,4.819,0.873
2023-12-01,1.139,0.92,4.814,0.866
2023-12-04,1.141,0.928,4.988,0.867
2023-12-05,1.127,0.927,4.808,0.861
2023-12-06,1.106,0.912,4.791,0.869
2023-12-07,1.112,0.911,4.808,0.861
2023-12-08,1.113,0.912,4.805,0.872
2023-12-11,1.116,0.909,4.772,0.88
2023-12-12,1.133,0.921,4.759,0.891
2023-12-13,1.122,0.922,4.751,0.898
2023-12-14,1.115,0.919,4.812,0.909
2023-12-15,1.103,0.917,4.815,0.902
2023-12-18,1.089,0.91,4.801,0.905
2023-12-19,1.076,0.912,4.809,0.911
2023-12-20,1.082,0.91,4.817,0.915
2023-12-21,1.063,0.908,4.819,0.903
2023-12-22,1.083,0.904,4.843,0.908
2023-12-25,1.08,0.908,4.853,0.909
2023-12-26,1.084,0.906,4.864,0.911
2023-12-27,1.071,0.904,4.881,0.917
2023-12-28,1.07,0.913,4.904,0.919
2023-12-29,1.112,0.909,4.866,0.912
2024-01-02,1.117,0.913,4.867,0.911
2024-01-03,1.095,0.922,4.89,0.897
2024-01-04,1.085,0.936,4.863,0.889
2024-01-05,1.063,0.949,4.882,0.888
2024-01-08,1.048,0.943,4.883,0.889
2024-01-09,1.035,0.935,4.878,0.905
2024-01-10,1.033,0.941,4.873,0.913
2024-01-11,1.032,0.936,4.855,0.919
2024-01-12,1.048,0.928,4.866,0.918
2024-01-15,1.036,0.935,4.882,0.919
2024-01-16,1.029,0.941,4.899,0.919
2024-01-17,1.032,0.945,4.882,0.923
2024-01-18,1.001,0.936,4.851,0.917
2024-01-19,1.019,0.925,4.863,0.932
2024-01-22,1.014,0.922,4.869,0.959
2024-01-23,0.983,0.893,4.848,0.969
2024-01-24,1.003,0.904,4.853,0.968
2024-01-25,0.999,0.925,4.832,0.965
2024-01-26,1.015,0.953,4.844,0.952
2024-01-29,0.996,0.97,4.852,0.95
2024-01-30,0.954,0.965,4.864,0.972
2024-01-31,0.937,0.957,4.877,0.958
2024-02-01,0.927,0.955,4.876,0.941
2024-02-02,0.94,0.946,4.893,0.962
2024-02-05,0.905,0.943,4.906,0.971
2024-02-06,0.915,0.941,4.872,0.97
2024-02-07,0.991,0.963,4.868,0.97
2024-02-08,1.014,0.974,4.88,0.979
2024-02-19,1.035,0.974,4.887,0.978
2024-02-20,1.025,0.998,4.863,0.979
2024-02-21,1.023,0.997,4.874,0.967
2024-02-22,1.034,1.007,4.865,0.981
2024-02-23,1.041,1.019,4.863,0.995
2024-02-26,1.037,1.02,4.865,0.99
2024-02-27,1.03,0.996,4.878,0.986
2024-02-28,1.064,1.003,4.872,0.987
2024-02-29,1.031,0.995,4.871,0.979
2024-03-01,1.069,1.001,4.885,0.989
2024-03-04,1.078,1.004,4.953,1.006
2024-03-05,1.079,1.007,5.011,1.0
2024-03-06,1.079,1.016,5.037,0.985
2024-03-07,1.082,1.018,5.078,0.991
2024-03-08,1.06,1.023,5.12,1.007
2024-03-11,1.07,1.024,5.153,0.991
2024-03-12,1.12,1.016,5.134,0.993
2024-03-13,1.126,0.991,5.093,1.003
2024-03-14,1.121,0.991,5.128,0.996
2024-03-15,1.11,0.996,5.113,0.991
2024-03-18,1.118,0.997,5.111,0.985
2024-03-19,1.138,0.998,5.106,0.988
2024-03-20,1.126,0.995,5.112,0.99
2024-03-21,1.13,0.998,5.2,1.007
2024-03-22,1.121,1.004,5.2,1.007
2024-03-25,1.1,1.0,5.202,1.011
2024-03-26,1.083,1.003,5.203,1.006
2024-03-27,1.088,1.003,5.211,1.006
2024-03-28,1.057,0.998,5.233,1.008
2024-03-29,1.072,0.998,5.337,1.007
2024-04-01,1.081,1.014,5.412,1.012
2024-04-02,1.107,1.016,5.394,1.006
2024-04-03,1.099,1.025,5.468,0.998
2024-04-08,1.085,1.029,5.53,0.998
2024-04-09,1.069,1.033,5.65,0.998
2024-04-10,1.081,1.029,5.631,1.003
2024-04-11,1.05,1.029,5.624,0.995
2024-04-12,1.052,1.041,5.719,1.011
2024-04-15,1.042,1.041,5.683,0.996
2024-04-16,1.056,1.064,5.733,0.979
2024-04-17,1.043,1.061,5.726,0.978
2024-04-18,1.059,1.078,5.68,0.965
2024-04-19,1.052,1.074,5.727,0.953
2024-04-22,1.032,1.084,5.722,0.942
2024-04-23,1.038,1.056,5.576,0.948
2024-04-24,1.039,1.042,5.54,0.968
2024-04-25,1.041,1.043,5.532,0.957
2024-04-26,1.045,1.047,5.543,0.97
2024-04-29,1.084,1.035,5.563,0.979
2024-04-30,1.12,1.03,5.554,0.977
2024-05-06,1.127,1.042,5.474,0.98
2024-05-07,1.124,1.048,5.526,0.99
2024-05-08,1.125,1.044,5.508,0.994
2024-05-09,1.111,1.051,5.502,0.991
2024-05-10,1.129,1.06,5.602,0.995
2024-05-13,1.111,1.062,5.605,0.997
2024-05-14,1.108,1.068,5.574,0.999
2024-05-15,1.104,1.066,5.618,1.008
2024-05-16,1.097,1.068,5.712,1.022
2024-05-17,1.096,1.068,5.671,1.02
2024-05-20,1.111,1.076,5.794,1.022
2024-05-21,1.112,1.085,5.821,1.027
2024-05-22,1.107,1.089,5.77,1.031
2024-05-23,1.116,1.085,5.64,1.035
2024-05-24,1.096,1.074,5.543,1.028
2024-05-27,1.084,1.077,5.577,1.032
2024-05-28,1.088,1.095,5.616,1.038
2024-05-29,1.077,1.089,5.626,1.039
2024-05-30,1.077,1.087,5.598,1.027
2024-05-31,1.084,1.083,5.598,1.016
2024-06-03,1.078,1.084,5.592,1.024
2024-06-04,1.082,1.069,5.595,1.025
2024-06-05,1.097,1.076,5.56,1.028
2024-06-06,1.097,1.06,5.66,1.05
2024-06-07,1.085,1.065,5.68,1.05
2024-06-11,1.061,1.073,5.54,1.053
2024-06-12,1.064,1.053,5.502,1.062
2024-06-13,1.065,1.068,5.524,1.082
2024-06-14,1.061,1.054,5.507,1.082
2024-06-17,1.064,1.057,5.556,1.087
2024-06-18,1.078,1.043,5.541,1.1
2024-06-19,1.084,1.047,5.553,1.103
2024-06-20,1.067,1.05,5.578,1.105
2024-06-21,1.053,1.048,5.641,1.095
2024-06-24,1.043,1.048,5.569,1.089
2024-06-25,1.034,1.036,5.554,1.076
2024-06-26,1.012,1.04,5.544,1.091
2024-06-27,1.031,1.045,5.493,1.089
2024-06-28,1.015,1.046,5.535,1.103
2024-07-01,1.005,1.058,5.556,1.101
2024-07-02,1.003,1.077,5.568,1.109
2024-07-03,0.995,1.078,5.564,1.125
2024-07-04,0.995,1.068,5.645,1.15
2024-07-05,0.986,1.064,5.633,1.138
2024-07-08,0.986,1.057,5.688,1.157
2024-07-09,0.973,1.051,5.622,1.161
2024-07-10,0.985,1.062,5.641,1.161
2024-07-11,0.999,1.047,5.663,1.161
2024-07-12,1.007,1.046,5.726,1.127
2024-07-15,1.005,1.045,5.724,1.133
2024-07-16,0.999,1.055,5.747,1.156
2024-07-17,1.013,1.054,5.866,1.15
2024-07-18,1.008,1.045,5.836,1.103
2024-07-19,1.024,1.048,5.773,1.108
2024-07-22,1.03,1.042,5.686,1.096
2024-07-23,1.03,1.031,5.695,1.116
2024-07-24,0.997,1.027,5.691,1.103
2024-07-25,0.981,1.026,5.67,1.063
2024-07-26,0.985,1.022,5.581,1.054
2024-07-29,0.989,1.014,5.655,1.075
2024-07-30,0.974,1.019,5.631,1.072
2024-07-31,0.973,1.012,5.67,1.063
2024-08-01,1.01,1.023,5.762,1.098
2024-08-02,0.99,1.021,5.741,1.059
2024-08-05,0.973,1.022,5.648,0.991
2024-08-06,0.971,1.014,5.639,1.002
2024-08-07,0.972,1.006,5.574,1.0
2024-08-08,0.967,1.012,5.594,0.987
2024-08-09,0.97,1.015,5.663,1.017
2024-08-12,0.955,1.013,5.665,1.018
2024-08-13,0.951,1.018,5.741,1.024
2024-08-14,0.961,1.018,5.74,1.052
2024-08-15,0.946,1.017,5.698,1.051
2024-08-16,0.954,1.027,5.731,1.083
2024-08-19,0.953,1.033,5.77,1.095
2024-08-20,0.951,1.048,5.779,1.099
2024-08-21,0.935,1.038,5.787,1.097
2024-08-22,0.934,1.027,5.803,1.106
2024-08-23,0.924,1.032,5.774,1.085
2024-08-26,0.926,1.027,5.789,1.098
2024-08-27,0.921,1.029,5.801,1.08
2024-08-28,0.914,1.035,5.821,1.076
2024-08-29,0.911,1.028,5.809,1.056
2024-08-30,0.921,1.009,5.799,1.059
2024-09-02,0.943,1.002,5.784,1.074
2024-09-03,0.919,1.005,5.754,1.076
2024-09-04,0.925,0.991,5.757,1.03
2024-09-05,0.931,0.991,5.743,1.024
2024-09-06,0.937,0.99,5.782,1.015
2024-09-09,0.916,0.981,5.753,1.01
2024-09-10,0.923,0.966,5.776,1.026
2024-09-11,0.92,0.964,5.802,1.035
2024-09-12,0.936,0.944,5.801,1.06
2024-09-13,0.929,0.951,5.878,1.074
2024-09-18,0.923,0.946,5.897,1.07
2024-09-19,0.923,0.96,5.862,1.07
2024-09-20,0.925,0.959,5.886,1.087
2024-09-23,0.919,0.958,5.976,1.087
2024-09-24,0.923,0.976,5.994,1.086
2024-09-25,0.985,1.025,6.007,1.073
2024-09-26,0.978,1.029,6.033,1.08
2024-09-27,1.041,1.07,6.031,1.074
2024-09-30,1.206,1.072,5.92,1.061
2024-10-08,1.618,1.222,6.0,1.045
2024-10-09,1.529,1.121,5.945,1.079
2024-10-10,1.36,1.054,5.915,1.087
2024-10-11,1.314,1.108,5.992,1.09
2024-10-14,1.27,1.089,6.03,1.089
2024-10-15,1.277,1.108,6.066,1.099
2024-10-16,1.227,1.084,6.133,1.095
2024-10-17,1.232,1.111,6.176,1.095
2024-10-18,1.215,1.093,6.241,1.099
2024-10-21,1.326,1.102,6.279,1.101
2024-10-22,1.32,1.088,6.313,1.102
2024-10-23,1.327,1.095,6.328,1.104
2024-10-24,1.313,1.091,6.282,1.094
2024-10-25,1.311,1.087,6.287,1.097
2024-10-28,1.341,1.084,6.282,1.111
2024-10-29,1.338,1.089,6.323,1.105
2024-10-30,1.297,1.071,6.41,1.118
2024-10-31,1.293,1.064,6.439,1.103
2024-11-01,1.29,1.061,6.319,1.081
2024-11-04,1.274,1.08,6.309,1.086
2024-11-05,1.308,1.084,6.296,1.084
2024-11-06,1.372,1.098,6.309,1.103
2024-11-07,1.347,1.091,6.155,1.143
2024-11-08,1.437,1.116,6.213,1.151
2024-11-11,1.375,1.097,6.198,1.156
2024-11-12,1.441,1.086,6.106,1.158
2024-11-13,1.421,1.08,6.089,1.155
2024-11-14,1.447,1.082,6.037,1.154
2024-11-15,1.392,1.078,5.983,1.143
2024-11-18,1.345,1.081,6.032,1.126
2024-11-19,1.314,1.096,6.098,1.128
2024-11-20,1.353,1.094,6.172,1.143
2024-11-21,1.352,1.098,6.195,1.136
2024-11-22,1.353,1.097,6.255,1.145
2024-11-25,1.312,1.068,6.303,1.155
2024-11-26,1.297,1.068,6.139,1.15
2024-11-27,1.287,1.07,6.133,1.16
2024-11-28,1.324,1.086,6.122,1.151
2024-11-29,1.296,1.083,6.17,1.153
2024-12-02,1.33,1.087,6.146,1.161
2024-12-03,1.351,1.087,6.199,1.175
2024-12-04,1.34,1.098,6.22,1.187
2024-12-05,1.325,1.1,6.223,1.196
2024-12-06,1.33,1.101,6.154,1.19
2024-12-09,1.357,1.115,6.233,1.201
2024-12-10,1.416,1.14,6.251,1.191
2024-12-11,1.352,1.118,6.311,1.195
2024-12-12,1.354,1.121,6.319,1.22
2024-12-13,1.366,1.121,6.307,1.221
2024-12-16,1.338,1.104,6.228,1.231
2024-12-17,1.318,1.119,6.243,1.266
2024-12-18,1.321,1.117,6.234,1.257
2024-12-19,1.303,1.116,6.152,1.223
2024-12-20,1.324,1.107,6.16,1.227
2024-12-23,1.321,1.101,6.201,1.227
2024-12-24,1.311,1.104,6.211,1.266
2024-12-25,1.325,1.116,6.22,1.266
2024-12-26,1.317,1.121,6.246,1.263
2024-12-27,1.322,1.116,6.238,1.256
2024-12-30,1.318,1.121,6.225,1.236
2024-12-31,1.32,1.131,6.202,1.228
2025-01-02,1.282,1.121,6.26,1.229
2025-01-03,1.233,1.101,6.313,1.241
2025-01-06,1.21,1.085,6.314,1.259
2025-01-07,1.199,1.087,6.287,1.29
2025-01-08,1.203,1.087,6.307,1.246
2025-01-09,1.196,1.093,6.328,1.255
2025-01-10,1.204,1.081,6.372,1.246
2025-01-13,1.17,1.067,6.401,1.235
2025-01-14,1.19,1.061,6.361,1.228
2025-01-15,1.237,1.073,6.368,1.228
2025-01-16,1.226,1.08,6.431,1.254
2025-01-17,1.221,1.086,6.441,1.237
2025-01-20,1.248,1.088,6.397,1.255
2025-01-21,1.273,1.088,6.397,1.26
2025-01-22,1.262,1.076,6.484,1.272
2025-01-23,1.272,1.069,6.485,1.276
2025-01-24,1.25,1.078,6.511,1.263
2025-01-27,1.273,1.085,6.516,1.233
2025-02-05,1.247,1.098,6.71,1.23
2025-02-06,1.236,1.077,6.753,1.242
2025-02-07,1.271,1.076,6.733,1.245
2025-02-10,1.305,1.078,6.772,1.23
2025-02-11,1.31,1.078,6.93,1.228
2025-02-12,1.286,1.088,6.86,1.222
2025-02-13,1.311,1.09,6.882,1.225
2025-02-14,1.303,1.091,6.918,1.23
2025-02-17,1.34,1.094,6.795,1.23
2025-02-18,1.333,1.092,6.817,1.232
2025-02-19,1.307,1.093,6.911,1.236
2025-02-20,1.332,1.091,6.938,1.229
2025-02-21,1.332,1.09,6.929,1.218
2025-02-24,1.366,1.08,6.862,1.192
2025-02-25,1.337,1.078,6.931,1.179
2025-02-26,1.342,1.072,6.882,1.167
2025-02-27,1.359,1.079,6.845,1.167
2025-02-28,1.343,1.088,6.791,1.151
2025-03-03,1.3,1.084,6.758,1.147
2025-03-04,1.305,1.08,6.807,1.13
2025-03-05,1.311,1.084,6.843,1.137
2025-03-06,1.32,1.091,6.864,1.15
2025-03-07,1.333,1.085,6.827,1.127
2025-03-10,1.323,1.085,6.855,1.122
2025-03-11,1.307,1.076,6.815,1.07
2025-03-12,1.323,1.084,6.834,1.073
2025-03-13,1.31,1.085,6.891,1.088
2025-03-14,1.297,1.091,7.022,1.069
2025-03-17,1.339,1.102,6.993,1.09
2025-03-18,1.331,1.105,7.015,1.093
2025-03-19,1.335,1.102,7.087,1.084
2025-03-20,1.329,1.109,7.159,1.1
2025-03-21,1.315,1.103,7.142,1.105
2025-03-24,1.29,1.101,7.104,1.118
2025-03-25,1.291,1.109,7.083,1.15
2025-03-26,1.284,1.114,7.109,1.151
2025-03-27,1.279,1.111,7.131,1.118
2025-03-28,1.286,1.115,7.229,1.114
2025-03-31,1.273,1.112,7.275,1.071
2025-04-01,1.262,1.111,7.397,1.072
2025-04-02,1.258,1.114,7.416,1.09
2025-04-03,1.251,1.118,7.476,1.066
2025-04-07,1.18,1.107,7.266,0.959
2025-04-08,1.09,1.065,7.198,0.987
2025-04-09,1.074,1.076,7.236,0.96
2025-04-10,1.147,1.088,7.426,1.088
2025-04-11,1.128,1.087,7.691,1.04
2025-04-14,1.17,1.089,7.643,1.08
2025-04-15,1.157,1.095,7.682,1.074
2025-04-16,1.154,1.104,7.806,1.054
2025-04-17,1.136,1.114,8.051,1.035
2025-04-18,1.143,1.116,7.933,1.045
2025-04-21,1.143,1.12,8.049,1.039
2025-04-22,1.164,1.115,8.223,1.035
2025-04-23,1.169,1.122,8.112,1.062
2025-04-24,1.173,1.115,8.044,1.072
2025-04-25,1.166,1.126,8.021,1.09
2025-04-28,1.171,1.124,7.86,1.088
2025-04-29,1.163,1.128,7.922,1.098
2025-04-30,1.164,1.126,7.894,1.095
2025-05-06,1.183,1.109,7.97,1.112
2025-05-07,1.218,1.113,7.979,1.105
2025-05-08,1.198,1.117,8.05,1.114
2025-05-09,1.224,1.123,7.877,1.119
2025-05-12,1.228,1.132,7.72,1.137
2025-05-13,1.262,1.134,7.639,1.155
2025-05-14,1.241,1.144,7.662,1.17
2025-05-15,1.251,1.151,7.513,1.18
2025-05-16,1.227,1.146,7.54,1.178
2025-05-19,1.225,1.139,7.561,1.169
2025-05-20,1.229,1.143,7.572,1.18
2025-05-21,1.234,1.147,7.737,1.176
2025-05-22,1.243,1.155,7.842,1.158
2025-05-23,1.231,1.159,7.767,1.156
2025-05-26,1.215,1.15,7.797,1.155
2025-05-27,1.207,1.148,7.797,1.155
2025-05-28,1.205,1.149,7.718,1.18
2025-05-29,1.199,1.154,7.628,1.195
2025-05-30,1.209,1.153,7.747,1.167
2025-06-03,1.202,1.157,7.853,1.18
2025-06-04,1.21,1.168,7.847,1.187
2025-06-05,1.224,1.174,7.862,1.185
2025-06-06,1.235,1.166,7.849,1.172
2025-06-09,1.234,1.169,7.723,1.182
2025-06-10,1.243,1.169,7.729,1.188
2025-06-11,1.23,1.169,7.776,1.186
2025-06-12,1.241,1.173,7.863,1.181
2025-06-13,1.243,1.176,7.98,1.167
2025-06-16,1.235,1.168,7.996,1.174
2025-06-17,1.245,1.175,7.894,1.184
2025-06-18,1.242,1.172,7.867,1.181
2025-06-19,1.24,1.177,7.867,1.173
2025-06-20,1.224,1.177,7.821,1.174
2025-06-23,1.211,1.181,7.805,1.166
2025-06-24,1.223,1.188,7.795,1.193
2025-06-25,1.253,1.191,7.734,1.2
2025-06-26,1.287,1.198,7.746,1.204
2025-06-27,1.282,1.206,7.724,1.213
2025-06-30,1.287,1.184,7.673,1.224
2025-07-01,1.302,1.188,7.711,1.228
2025-07-02,1.299,1.196,7.748,1.215
2025-07-03,1.287,1.2,7.763,1.225
2025-07-04,1.309,1.2,7.758,1.234
2025-07-07,1.301,1.211,7.707,1.228
2025-07-08,1.292,1.218,7.75,1.229
2025-07-09,1.319,1.213,7.71,1.228
2025-07-10,1.324,1.223,7.719,1.23
2025-07-11,1.324,1.23,7.729,1.227
2025-07-14,1.335,1.219,7.785,1.222
2025-07-15,1.333,1.227,7.779,1.229
2025-07-16,1.353,1.218,7.765,1.233
2025-07-17,1.347,1.209,7.765,1.236
2025-07-18,1.377,1.209,7.755,1.247
2025-07-21,1.378,1.213,7.776,1.249
2025-07-22,1.389,1.214,7.843,1.251
2025-07-23,1.397,1.216,7.888,1.244
2025-07-24,1.402,1.215,7.818,1.252
2025-07-25,1.42,1.207,7.783,1.252
2025-07-28,1.415,1.197,7.731,1.258
2025-07-29,1.429,1.195,7.711,1.263
2025-07-30,1.457,1.189,7.747,1.259
2025-07-31,1.437,1.194,7.694,1.277
2025-08-01,1.401,1.18,7.692,1.255
2025-08-04,1.396,1.176,7.796,1.235
2025-08-05,1.419,1.188,7.842,1.256
2025-08-06,1.415,1.201,7.832,1.244
2025-08-07,1.427,1.201,7.836,1.267
2025-08-08,1.415,1.205,7.85,1.268
2025-08-11,1.412,1.207,7.824,1.278
2025-08-12,1.441,1.198,7.769,1.278
2025-08-13,1.459,1.203,7.755,1.293
2025-08-14,1.513,1.197,7.787,1.29
2025-08-15,1.486,1.199,7.742,1.291
2025-08-18,1.54,1.193,7.759,1.289
2025-08-19,1.569,1.198,7.742,1.283
2025-08-20,1.56,1.195,7.721,1.26
2025-08-21,1.578,1.207,7.76,1.259
2025-08-22,1.564,1.212,7.756,1.261
2025-08-25,1.642,1.209,7.781,1.274
2025-08-26,1.67,1.219,7.799,1.271
2025-08-27,1.657,1.214,7.818,1.276
2025-08-28,1.636,1.196,7.823,1.274
2025-08-29,1.713,1.195,7.839,1.276
2025-09-01,1.758,1.194,7.904,1.262
2025-09-02,1.789,1.192,8.087,1.259
2025-09-03,1.74,1.2,8.131,1.251
2025-09-04,1.761,1.186,8.167,1.264
2025-09-05,1.678,1.189,8.145,1.276
2025-09-08,1.797,1.182,8.187,1.276
2025-09-09,1.753,1.185,8.31,1.275
2025-09-10,1.738,1.188,8.305,1.279
2025-09-11,1.755,1.188,8.338,1.281
2025-09-12,1.839,1.19,8.313,1.287
2025-09-15,1.831,1.184,8.306,1.291
2025-09-16,1.847,1.175,8.397,1.301
2025-09-17,1.856,1.17,8.408,1.299
2025-09-18,1.888,1.174,8.297,1.301
2025-09-19,1.868,1.153,8.285,1.311
2025-09-22,1.866,1.158,8.395,1.32
2025-09-23,1.898,1.15,8.506,1.333
2025-09-24,1.86,1.155,8.536,1.329
2025-09-25,1.922,1.157,8.554,1.325
2025-09-26,1.946,1.147,8.536,1.319
2025-09-29,1.905,1.148,8.566,1.328
2025-09-30,1.961,1.146,8.738,1.337
2025-10-09,1.96,1.138,9.18,1.367
2025-10-10,1.953,1.142,9.068,1.364
2025-10-13,1.791,1.146,9.197,1.334
2025-10-14,1.88,1.155,9.532,1.362
2025-10-15,1.79,1.176,9.568,1.338
2025-10-16,1.819,1.182,9.703,1.349
2025-10-17,1.829,1.189,9.969,1.354
2025-10-20,1.81,1.186,9.775,1.355
2025-10-21,1.829,1.184,9.973,1.39
2025-10-22,1.85,1.189,9.343,1.385
2025-10-23,1.841,1.199,9.386,1.401
2025-10-24,1.866,1.204,9.476,1.435
2025-10-27,1.953,1.194,9.381,1.446
2025-10-28,1.943,1.198,9.219,1.469
2025-10-29,1.97,1.196,9.086,1.473
2025-10-30,2.009,1.185,9.069,1.477
2025-10-31,1.968,1.189,9.228,1.465
2025-11-03,1.923,1.189,9.172,1.463
2025-11-04,1.93,1.204,9.169,1.455
2025-11-05,1.864,1.216,9.065,1.4
2025-11-06,1.919,1.216,9.126,1.431
2025-11-07,1.939,1.215,9.184,1.427
2025-11-10,1.951,1.217,9.28,1.449
2025-11-11,1.932,1.227,9.506,1.478
2025-11-12,1.887,1.232,9.503,1.472
2025-11-13,1.889,1.242,9.597,1.468
2025-11-14,1.915,1.237,9.55,1.437
2025-11-17,1.87,1.234,9.345,1.442
2025-11-18,1.871,1.222,9.25,1.406
2025-11-19,1.859,1.215,9.305,1.376
2025-11-20,1.886,1.217,9.388,1.41
2025-11-21,1.817,1.222,9.326,1.37
2025-11-24,1.778,1.212,9.277,1.398
2025-11-25,1.792,1.202,9.401,1.429
2025-11-26,1.806,1.209,9.45,1.433
2025-11-27,1.841,1.201,9.433,1.453
2025-11-28,1.83,1.203,9.522,1.445
2025-12-01,1.851,1.204,9.594,1.443
2025-12-02,1.868,1.211,9.573,1.448
2025-12-03,1.86,1.208,9.566,1.45
2025-12-04,1.835,1.203,9.548,1.457
2025-12-05,1.864,1.198,9.527,1.461
2025-12-08,1.888,1.191,9.557,1.46
2025-12-09,1.924,1.19,9.517,1.448
2025-12-10,1.938,1.181,9.55,1.431
2025-12-11,1.94,1.177,9.603,1.438
2025-12-12,1.916,1.174,9.633,1.437
2025-12-15,1.911,1.17,9.74,1.411
2025-12-16,1.893,1.176,9.71,1.404
2025-12-17,1.861,1.168,9.738,1.403
2025-12-18,1.911,1.17,9.76,1.388
2025-12-19,1.898,1.182,9.753,1.41
2025-12-22,1.904,1.181,9.812,1.438
2025-12-23,1.935,1.174,10.1,1.441
2025-12-24,1.94,1.173,10.18,1.44
2025-12-25,1.956,1.177,10.039,1.432
2025-12-26,1.958,1.177,10.135,1.429
2025-12-29,1.959,1.176,10.105,1.42
2025-12-30,1.942,1.174,9.757,1.409
2025-12-31,1.96,1.175,9.809,1.412
2026-01-05,1.954,1.176,9.869,1.416
2026-01-06,1.996,1.173,9.998,1.428
2026-01-07,2.011,1.174,10.047,1.435
2026-01-08,2.004,1.169,10.006,1.425
2026-01-09,1.99,1.161,9.991,1.417
2026-01-12,2.013,1.162,10.244,1.417
2026-01-13,2.055,1.164,10.257,1.413
2026-01-14,2.012,1.167,10.329,1.417
2026-01-15,2.015,1.157,10.345,1.402
2026-01-16,2.056,1.153,10.339,1.413
2026-01-19,2.022,1.143,10.443,1.392
2026-01-20,2.021,1.144,10.506,1.396
2026-01-21,1.975,1.16,10.909,1.379
2026-01-22,2.001,1.149,10.8,1.395
2026-01-23,2.016,1.151,11.097,1.413
2026-01-26,2.029,1.148,11.408,1.397
2026-01-27,2.013,1.155,11.401,1.397
2026-01-28,2.029,1.147,11.664,1.412
2026-01-29,2.01,1.15,12.409,1.407
2026-01-30,1.992,1.169,11.995,1.396
2026-02-02,2.027,1.165,10.402,1.388
2026-02-03,1.995,1.154,10.858,1.389
2026-02-04,2.003,1.149,11.397,1.365
2026-02-05,1.999,1.166,11.185,1.364
2026-02-06,1.951,1.179,10.549,1.341
2026-02-09,1.996,1.177,11.249,1.369
2026-02-10,2.015,1.182,11.236,1.376
2026-02-11,2.007,1.185,11.22,1.371
2026-02-12,1.991,1.187,11.263,1.368
2026-02-13,2.004,1.176,11.104,1.35
2026-02-24,2.01,1.17,11.457,1.354
2026-02-25,2.004,1.172,11.49,1.36
2026-02-26,2.029,1.171,11.48,1.362
2026-02-27,2.01,1.168,11.451,1.35
2026-03-02,1.977,1.17,11.87,1.341
2026-03-03,2.004,1.183,11.959,1.345
2026-03-04,1.93,1.194,11.544,1.325
2026-03-05,1.945,1.179,11.532,1.335
2026-03-06,1.943,1.18,11.359,1.338
2026-03-09,1.929,1.19,11.377,1.301
2026-03-10,1.972,1.184,11.469,1.335
2026-03-11,2.004,1.184,11.559,1.335
2026-03-12,2.025,1.196,11.47,1.329
2026-03-13,1.993,1.201,11.395,1.319
2026-03-16,2.002,1.205,11.159,1.313
2026-03-17,2.045,1.203,11.173,1.325
2026-03-18,1.995,1.21,11.151,1.328
2026-03-19,2.001,1.202,10.786,1.317
2026-03-20,2.021,1.199,10.391,1.312
2026-03-23,2.001,1.19,9.93,1.28
2026-03-24,1.982,1.161,9.654,1.272
2026-03-25,1.982,1.177,10.19,1.288
2026-03-26,1.999,1.186,10.101,1.29
2026-03-27,1.96,1.182,9.818,1.26
2026-03-30,1.969,1.179,9.961,1.251
2026-03-31,1.979,1.193,10.235,1.25
2026-04-01,1.967,1.199,10.417,1.284
2026-04-02,1.952,1.196,10.506,1.293
2026-04-03,1.93,1.201,10.381,1.298
2026-04-07,1.911,1.188,10.312,1.288
2026-04-08,2.095,1.18,10.617,1.325
2026-04-09,2.015,1.189,10.4,1.33
2026-04-10,2.026,1.182,10.46,1.347
2026-04-13,2.071,1.181,10.411,1.339
2026-04-14,2.135,1.177,10.484,1.361
2026-04-15,2.177,1.182,10.6,1.386
2026-04-16,2.135,1.188,10.581,1.405
2026-04-17,2.207,1.188,10.507,1.408
2026-04-20,2.216,1.184,10.518,1.412
2026-04-21,2.219,1.19,10.551,1.407
2026-04-22,2.225,1.196,10.45,1.4
2026-04-23,2.287,1.192,10.438,1.416
2026-04-24,2.242,1.198,10.375,1.418
2026-04-27,2.231,1.197,10.319,1.432
2026-04-28,2.205,1.188,10.333,1.45
2026-04-29,2.175,1.194,10.13,1.45
2026-04-30,2.248,1.196,10.102,1.461
2026-05-06,2.271,1.188,10.152,1.502
2026-05-07,2.314,1.182,10.363,1.513
2026-05-08,2.308,1.178,10.363,1.532
